manufacturer,haikiryo,year_range,model_name,bike_name,engine_model,frame_no,battery,spark_plug,spark_plug_qty,length,width,height,weight,特徴他,engine_oil_change,engine_filter_change,front_tire,rear_tire,front_brake,rear_brake,chain_size,chain_links,front_sprocket,rear_sprocket,secondary_ratio,ベスラSDパッドフロント,ベスラSDパッドリア,ベスラVDパッドフロント,ベスラVDパッドリア,ベスラZDパッドフロント,ベスラZDパッドリア,ベスラVBブレーキシューリア,デイトナ赤パッドフロント,デイトナ赤パッドリア,デイトナシルバーパッドフロント,デイトナシルバーパッドリア,bke_id,キジマ_1,キジマ_2,K＆N,K＆N_09-10年に適合,K＆N_11年-に適合,K＆N_13-14年に適合,K＆N_15-18年に適合,K＆N_オイルクーラー有り車には不可,画像ファイル
BMW,176cc,2000,,C1-200,,,61217729047(YB14L-A2),CR8EB,1,"2,075",0,"1,766",185,,/,,120 70 - 13 53L TL,140 70 - 12 60L TL,シングルディスク,ディスク,ー,ー,ー,ー,,"SD-958, SD-958","SD-953, SD-953","VD-958JL, VD-958JL","VD-953JL, VD-953JL",,,,,"67528, 67528",,,02866,,,,,,,,,02866_1.jpg
BMW,176cc,2001,,C1-200,,,61217729047(YB14L-A2),CR8EB,1,"2,075",0,"1,766",185,,/,,120 70 - 13 53L TL,140 70 - 12 60L TL,シングルディスク,ディスク,ー,ー,ー,ー,,"SD-958, SD-958","SD-953, SD-953","VD-958JL, VD-958JL","VD-953JL, VD-953JL",,,,,"67528, 67528",,,02866,,,,,,,,,02866_1.jpg
BMW,176cc,2002,,C1-200,,,61217729047(YB14L-A2),CR8EB,1,"2,075",0,"1,766",185,,/,,120 70 - 13 53L TL,140 70 - 12 60L TL,シングルディスク,ディスク,ー,ー,ー,ー,,"SD-958, SD-958","SD-953, SD-953","VD-958JL, VD-958JL","VD-953JL, VD-953JL",,,,,"67528, 67528",,,02866,,,,,,,,,02866_1.jpg
BMW,176cc,2003,,C1-200,,,61217729047(YB14L-A2),CR8EB,1,"2,075",0,"1,766",185,,/,,120 70 - 13 53L TL,140 70 - 12 60L TL,シングルディスク,ディスク,ー,ー,ー,ー,,"SD-958, SD-958","SD-953, SD-953","VD-958JL, VD-958JL","VD-953JL, VD-953JL",,,,,"67528, 67528",,,02866,,,,,,,,,02866_1.jpg
BMW,176cc,2004,,C1-200,,,61217729047(YB14L-A2),CR8EB,1,"2,075",0,"1,766",185,,/,,120 70 - 13 53L TL,140 70 - 12 60L TL,シングルディスク,ディスク,ー,ー,ー,ー,,"SD-958, SD-958","SD-953, SD-953","VD-958JL, VD-958JL","VD-953JL, VD-953JL",,,,,"67528, 67528",,,02866,,,,,,,,,02866_1.jpg
BMW,176cc,2005,,C1-200,,,61217729047(YB14L-A2),CR8EB,1,"2,075",0,"1,766",185,,/,,120 70 - 13 53L TL,140 70 - 12 60L TL,シングルディスク,ディスク,ー,ー,ー,ー,,"SD-958, SD-958","SD-953, SD-953","VD-958JL, VD-958JL","VD-953JL, VD-953JL",,,,,"67528, 67528",,,02866,,,,,,,,,02866_1.jpg
BMW,176cc,2006,,C1-200,,,61217729047(YB14L-A2),CR8EB,1,"2,075",0,"1,766",185,,/,,120 70 - 13 53L TL,140 70 - 12 60L TL,シングルディスク,ディスク,ー,ー,ー,ー,,"SD-958, SD-958","SD-953, SD-953","VD-958JL, VD-958JL","VD-953JL, VD-953JL",,,,,"67528, 67528",,,02866,,,,,,,,,02866_1.jpg
BMW,125cc,2000,,C1-125,,,61217729047(YB14L-A2),CR8EB,1,"2,075",0,"1,766",185,,/,,120 70 - 13 53L TL,140 70 - 12 60L TL,シングルディスク,ディスク,ー,ー,ー,ー,,"SD-958, SD-958","SD-953, SD-953","VD-958JL, VD-958JL","VD-953JL, VD-953JL",,,,,"67528, 67528",,,02865,,,,,,,,,
BMW,125cc,2001,,C1-125,,,61217729047(YB14L-A2),CR8EB,1,"2,075",0,"1,766",185,,/,,120 70 - 13 53L TL,140 70 - 12 60L TL,シングルディスク,ディスク,ー,ー,ー,ー,,"SD-958, SD-958","SD-953, SD-953","VD-958JL, VD-958JL","VD-953JL, VD-953JL",,,,,"67528, 67528",,,02865,,,,,,,,,
BMW,125cc,2002,,C1-125,,,61217729047(YB14L-A2),CR8EB,1,"2,075",0,"1,766",185,,/,,120 70 - 13 53L TL,140 70 - 12 60L TL,シングルディスク,ディスク,ー,ー,ー,ー,,"SD-958, SD-958","SD-953, SD-953","VD-958JL, VD-958JL","VD-953JL, VD-953JL",,,,,"67528, 67528",,,02865,,,,,,,,,
BMW,125cc,2003,,C1-125,,,61217729047(YB14L-A2),CR8EB,1,"2,075",0,"1,766",185,,/,,120 70 - 13 53L TL,140 70 - 12 60L TL,シングルディスク,ディスク,ー,ー,ー,ー,,"SD-958, SD-958","SD-953, SD-953","VD-958JL, VD-958JL","VD-953JL, VD-953JL",,,,,"67528, 67528",,,02865,,,,,,,,,
BMW,125cc,2004,,C1-125,,,61217729047(YB14L-A2),CR8EB,1,"2,075",0,"1,766",185,,/,,120 70 - 13 53L TL,140 70 - 12 60L TL,シングルディスク,ディスク,ー,ー,ー,ー,,"SD-958, SD-958","SD-953, SD-953","VD-958JL, VD-958JL","VD-953JL, VD-953JL",,,,,"67528, 67528",,,02865,,,,,,,,,
BMW,125cc,2005,,C1-125,,,61217729047(YB14L-A2),CR8EB,1,"2,075",0,"1,766",185,,/,,120 70 - 13 53L TL,140 70 - 12 60L TL,シングルディスク,ディスク,ー,ー,ー,ー,,"SD-958, SD-958","SD-953, SD-953","VD-958JL, VD-958JL","VD-953JL, VD-953JL",,,,,"67528, 67528",,,02865,,,,,,,,,
BMW,125cc,2006,,C1-125,,,61217729047(YB14L-A2),CR8EB,1,"2,075",0,"1,766",185,,/,,120 70 - 13 53L TL,140 70 - 12 60L TL,シングルディスク,ディスク,ー,ー,ー,ー,,"SD-958, SD-958","SD-953, SD-953","VD-958JL, VD-958JL","VD-953JL, VD-953JL",,,,,"67528, 67528",,,02865,,,,,,,,,
BMW,349cc,2019,,C400GT,A85A03M0,,61218389127(LTX9),LMAR8J-9E,1,"2,200",780,"1,435",214,K08　ユーロ4,/,,120 70 - 15 TL,150 70 - 14 TL,Wディスク,ディスク,ー,ー,ー,ー,,"SD-9068, SD-9068","SD-953, SD-953","VD-9068JL, VD-9068JL","VD-953JL, VD-953JL","ZD-9068CT, ZD-9068CT",,,,"67528, 67528",,,04531,BM-08704,,KN-164,,,,,,04531_1.jpg
BMW,349cc,2020,,C400GT,A85A03M0,,61218389127(LTX9),LMAR8J-9E,1,"2,200",780,"1,435",214,K08　ユーロ4,/,,120 70 - 15 TL,150 70 - 14 TL,Wディスク,ディスク,ー,ー,ー,ー,,"SD-9068, SD-9068","SD-953, SD-953","VD-9068JL, VD-9068JL","VD-953JL, VD-953JL","ZD-9068CT, ZD-9068CT",,,,"67528, 67528",,,04531,BM-08704,,KN-164,,,,,,04531_1.jpg
BMW,349cc,2021,,C400GT,A81A03B,,61218389127(LTX9),LMAR8J-9E,1,"2,200",780,"1,435",214,K08　ユーロ5,/,,120 70 R 15 TL,150 70 R 14 TL,Wディスク,ディスク,ー,ー,ー,ー,,"SD-9068, SD-9068","SD-953, SD-953","VD-9068JL, VD-9068JL","VD-953JL, VD-953JL","ZD-9068CT, ZD-9068CT",,,,"67528, 67528",,,04904,BM-08704,,KN-164,,,,,,04904_1.jpg
BMW,349cc,2022,,C400GT,A81A03B,,61218389127(LTX9),LMAR8J-9E,1,"2,200",780,"1,435",214,K08　ユーロ5,/,,120 70 R 15 TL,150 70 R 14 TL,Wディスク,ディスク,ー,ー,ー,ー,,"SD-9068, SD-9068","SD-953, SD-953","VD-9068JL, VD-9068JL","VD-953JL, VD-953JL","ZD-9068CT, ZD-9068CT",,,,"67528, 67528",,,04904,BM-08704,,KN-164,,,,,,04904_1.jpg
BMW,349cc,2023,,C400GT,A81A03B,,61218389127(LTX9),LMAR8J-9E,1,"2,200",780,"1,435",214,K08　ユーロ5,/,,120 70 R 15 TL,150 70 R 14 TL,Wディスク,ディスク,ー,ー,ー,ー,,"SD-9068, SD-9068","SD-953, SD-953","VD-9068JL, VD-9068JL","VD-953JL, VD-953JL","ZD-9068CT, ZD-9068CT",,,,"67528, 67528",,,04904,BM-08704,,KN-164,,,,,,04904_1.jpg
BMW,349cc,2024,,C400GT,A81A03B,,61218389127(LTX9),LMAR8J-9E,1,"2,200",780,"1,435",214,K08　ユーロ5,/,,120 70 R 15 TL,150 70 R 14 TL,Wディスク,ディスク,ー,ー,ー,ー,,"SD-9068, SD-9068","SD-953, SD-953","VD-9068JL, VD-9068JL","VD-953JL, VD-953JL","ZD-9068CT, ZD-9068CT",,,,"67528, 67528",,,04904,BM-08704,,KN-164,,,,,,04904_1.jpg
BMW,349cc,2025,,C400GT,A81A03B,,61218389127(LTX9),LMAR8J-9E,1,"2,200",780,"1,435",214,K08　ユーロ5,/,,120 70 R 15 TL,150 70 R 14 TL,Wディスク,ディスク,ー,ー,ー,ー,,"SD-9068, SD-9068","SD-953, SD-953","VD-9068JL, VD-9068JL","VD-953JL, VD-953JL","ZD-9068CT, ZD-9068CT",,,,"67528, 67528",,,04904,BM-08704,,KN-164,,,,,,04904_1.jpg
BMW,349cc,2026,,C400GT,A81A03B,,61218389127(LTX9),LMAR8J-9E,1,"2,200",780,"1,435",214,K08　ユーロ5,/,,120 70 R 15 TL,150 70 R 14 TL,Wディスク,ディスク,ー,ー,ー,ー,,"SD-9068, SD-9068","SD-953, SD-953","VD-9068JL, VD-9068JL","VD-953JL, VD-953JL","ZD-9068CT, ZD-9068CT",,,,"67528, 67528",,,04904,BM-08704,,KN-164,,,,,,04904_1.jpg
BMW,349cc,2019,,C400X,A81A03B,,61218389127(LTX9),LMAR8J-9E,1,"2,210",780,"1,310",205,K09　ユーロ4,/,,120 70 - 15 TL,150 70 - 14 TL,Wディスク,ディスク,ー,ー,ー,ー,,"SD-9068, SD-9068","SD-953, SD-953","VD-9068JL, VD-9068JL","VD-953JL, VD-953JL","ZD-9068CT, ZD-9068CT",,,,"67528, 67528",,,04530,BM-08704,,KN-164,,,,,,04530_1.jpg
BMW,349cc,2020,,C400X,A81A03B,,61218389127(LTX9),LMAR8J-9E,1,"2,210",780,"1,310",205,K09　ユーロ4,/,,120 70 - 15 TL,150 70 - 14 TL,Wディスク,ディスク,ー,ー,ー,ー,,"SD-9068, SD-9068","SD-953, SD-953","VD-9068JL, VD-9068JL","VD-953JL, VD-953JL","ZD-9068CT, ZD-9068CT",,,,"67528, 67528",,,04530,BM-08704,,KN-164,,,,,,04530_1.jpg
BMW,349cc,2021,,C400X,,,61218389127(LTX9),LMAR8J-9E,1,"2,210",780,"1,310",206,K09　ユーロ5,/,,120 70 R 15 TL,150 70 R 14 TL,Wディスク,ディスク,ー,ー,ー,ー,,"SD-9068, SD-9068","SD-953, SD-953","VD-9068JL, VD-9068JL","VD-953JL, VD-953JL","ZD-9068CT, ZD-9068CT",,,,"67528, 67528",,,04903,BM-08704,,KN-164,,,,,,04903_1.jpg
BMW,349cc,2022,,C400X,,,61218389127(LTX9),LMAR8J-9E,1,"2,210",780,"1,310",206,K09　ユーロ5,/,,120 70 R 15 TL,150 70 R 14 TL,Wディスク,ディスク,ー,ー,ー,ー,,"SD-9068, SD-9068","SD-953, SD-953","VD-9068JL, VD-9068JL","VD-953JL, VD-953JL","ZD-9068CT, ZD-9068CT",,,,"67528, 67528",,,04903,BM-08704,,KN-164,,,,,,04903_1.jpg
BMW,349cc,2023,,C400X,,,61218389127(LTX9),LMAR8J-9E,1,"2,210",780,"1,310",206,K09　ユーロ5,/,,120 70 R 15 TL,150 70 R 14 TL,Wディスク,ディスク,ー,ー,ー,ー,,"SD-9068, SD-9068","SD-953, SD-953","VD-9068JL, VD-9068JL","VD-953JL, VD-953JL","ZD-9068CT, ZD-9068CT",,,,"67528, 67528",,,04903,BM-08704,,KN-164,,,,,,04903_1.jpg
BMW,313cc,2018,,G310GS,A82A03A,,61218531108(ETX9),LMAR9D-J,1,"2,075",860,"1,230",170,K02　ユーロ4　アドベンチャーバージョン,1.5,,110 80 R 19 H TL,150 70 R 17 H TL,シングルディスク,ディスク,520,112,16,40,16,"SD-9068, SD-9068","SD-953, SD-953","VD-9068JL, VD-9068JL","VD-953JL, VD-953JL","ZD-9068CT, ZD-9068CT",,,,"67528, 67528",,,04386,BM-08705,,,,,,,,04386_1.jpg
BMW,313cc,2019,,G310GS,A82A03A,,61218531108(ETX9),LMAR9D-J,1,"2,075",860,"1,230",170,K02　ユーロ4　アドベンチャーバージョン,1.5,,110 80 R 19 H TL,150 70 R 17 H TL,シングルディスク,ディスク,520,112,16,40,16,"SD-9068, SD-9068","SD-953, SD-953","VD-9068JL, VD-9068JL","VD-953JL, VD-953JL","ZD-9068CT, ZD-9068CT",,,,"67528, 67528",,,04386,BM-08705,,,,,,,,04386_1.jpg
BMW,313cc,2020,,G310GS,A82A03A,,61218531108(ETX9),LMAR9D-J,1,"2,075",860,"1,230",170,K02　ユーロ4　アドベンチャーバージョン,1.5,,110 80 R 19 H TL,150 70 R 17 H TL,シングルディスク,ディスク,520,112,16,40,16,"SD-9068, SD-9068","SD-953, SD-953","VD-9068JL, VD-9068JL","VD-953JL, VD-953JL","ZD-9068CT, ZD-9068CT",,,,"67528, 67528",,,04386,BM-08705,,,,,,,,04386_1.jpg
BMW,313cc,2021,,G310GS,A82A03B,,61218531108(ETX9),LMAR8J-9E,1,"2,075",860,"1,230",175,K02　ユーロ5　アドベンチャーバージョン,/,,110 80 R 19 H TL,150 70 R 17 H TL,シングルディスク,ディスク,520,112,16,40,16,"SD-9068, SD-9068","SD-953, SD-953","VD-9068JL, VD-9068JL","VD-953JL, VD-953JL","ZD-9068CT, ZD-9068CT",,,,"67528, 67528",,,04714,BM-08705,,,,,,,,04714_1.jpg
BMW,313cc,2022,,G310GS,A82A03B,,61218531108(ETX9),LMAR8J-9E,1,"2,075",860,"1,230",175,K02　ユーロ5　アドベンチャーバージョン,/,,110 80 R 19 H TL,150 70 R 17 H TL,シングルディスク,ディスク,520,112,16,40,16,"SD-9068, SD-9068","SD-953, SD-953","VD-9068JL, VD-9068JL","VD-953JL, VD-953JL","ZD-9068CT, ZD-9068CT",,,,"67528, 67528",,,04714,BM-08705,,,,,,,,04714_1.jpg
BMW,313cc,2023,,G310GS,A82A03B,,61218531108(ETX9),LMAR8J-9E,1,"2,075",860,"1,230",175,K02　ユーロ5　アドベンチャーバージョン,/,,110 80 R 19 H TL,150 70 R 17 H TL,シングルディスク,ディスク,520,112,16,40,16,"SD-9068, SD-9068","SD-953, SD-953","VD-9068JL, VD-9068JL","VD-953JL, VD-953JL","ZD-9068CT, ZD-9068CT",,,,"67528, 67528",,,04714,BM-08705,,,,,,,,04714_1.jpg
BMW,313cc,2024,,G310GS,A82A03B,,61218531108(ETX9),LMAR8J-9E,1,"2,075",860,"1,230",175,K02　ユーロ5　アドベンチャーバージョン,/,,110 80 R 19 H TL,150 70 R 17 H TL,シングルディスク,ディスク,520,112,16,40,16,"SD-9068, SD-9068","SD-953, SD-953","VD-9068JL, VD-9068JL","VD-953JL, VD-953JL","ZD-9068CT, ZD-9068CT",,,,"67528, 67528",,,04714,BM-08705,,,,,,,,04714_1.jpg
BMW,313cc,2025,,G310GS,A82A03B,,61218531108(ETX9),LMAR8J-9E,1,"2,075",860,"1,230",175,K02　ユーロ5　アドベンチャーバージョン,/,,110 80 R 19 H TL,150 70 R 17 H TL,シングルディスク,ディスク,520,112,16,40,16,"SD-9068, SD-9068","SD-953, SD-953","VD-9068JL, VD-9068JL","VD-953JL, VD-953JL","ZD-9068CT, ZD-9068CT",,,,"67528, 67528",,,04714,BM-08705,,,,,,,,04714_1.jpg
BMW,313cc,2017,,G310R,A82A03A,,61218531108(ETX9),LMAR9D-J,1,"2,000",820,"1,070",159,K03　ユーロ4　ネイキッドスポーツ,1.5,,110 70 R 17 H TL,150 60 R 17 H TL,シングルディスク,ディスク,520,112,16,40,16,"SD-9068, SD-9068","SD-953, SD-953","VD-9068JL, VD-9068JL","VD-953JL, VD-953JL","ZD-9068CT, ZD-9068CT",,,,"67528, 67528",,,04385,BM-08705,,,,,,,,04385_1.jpg
BMW,313cc,2018,,G310R,A82A03A,,61218531108(ETX9),LMAR9D-J,1,"2,000",820,"1,070",159,K03　ユーロ4　ネイキッドスポーツ,1.5,,110 70 R 17 H TL,150 60 R 17 H TL,シングルディスク,ディスク,520,112,16,40,16,"SD-9068, SD-9068","SD-953, SD-953","VD-9068JL, VD-9068JL","VD-953JL, VD-953JL","ZD-9068CT, ZD-9068CT",,,,"67528, 67528",,,04385,BM-08705,,,,,,,,04385_1.jpg
BMW,313cc,2019,,G310R,A82A03A,,61218531108(ETX9),LMAR9D-J,1,"2,000",820,"1,070",159,K03　ユーロ4　ネイキッドスポーツ,1.5,,110 70 R 17 H TL,150 60 R 17 H TL,シングルディスク,ディスク,520,112,16,40,16,"SD-9068, SD-9068","SD-953, SD-953","VD-9068JL, VD-9068JL","VD-953JL, VD-953JL","ZD-9068CT, ZD-9068CT",,,,"67528, 67528",,,04385,BM-08705,,,,,,,,04385_1.jpg
BMW,313cc,2020,,G310R,A82A03A,,61218531108(ETX9),LMAR9D-J,1,"2,000",820,"1,070",159,K03　ユーロ4　ネイキッドスポーツ,1.5,,110 70 R 17 H TL,150 60 R 17 H TL,シングルディスク,ディスク,520,112,16,40,16,"SD-9068, SD-9068","SD-953, SD-953","VD-9068JL, VD-9068JL","VD-953JL, VD-953JL","ZD-9068CT, ZD-9068CT",,,,"67528, 67528",,,04385,BM-08705,,,,,,,,04385_1.jpg
BMW,313cc,2021,,G310R,A82A03B,,61218531108(ETX9),LMAR8J-9E,1,"2,005",820,"1,080",164,K03　ユーロ5　ネイキッドスポーツ,/,,110 70 R 17 H TL,150 60 R 17 H TL,シングルディスク,ディスク,520,112,16,40,16,"SD-9068, SD-9068","SD-953, SD-953","VD-9068JL, VD-9068JL","VD-953JL, VD-953JL","ZD-9068CT, ZD-9068CT",,,,"67528, 67528",,,04713,BM-08705,,,,,,,,04713_1.jpg
BMW,313cc,2022,,G310R,A82A03B,,61218531108(ETX9),LMAR8J-9E,1,"2,005",820,"1,080",164,K03　ユーロ5　ネイキッドスポーツ,/,,110 70 R 17 H TL,150 60 R 17 H TL,シングルディスク,ディスク,520,112,16,40,16,"SD-9068, SD-9068","SD-953, SD-953","VD-9068JL, VD-9068JL","VD-953JL, VD-953JL","ZD-9068CT, ZD-9068CT",,,,"67528, 67528",,,04713,BM-08705,,,,,,,,04713_1.jpg
BMW,313cc,2023,,G310R,A82A03B,,61218531108(ETX9),LMAR8J-9E,1,"2,005",820,"1,080",164,K03　ユーロ5　ネイキッドスポーツ,/,,110 70 R 17 H TL,150 60 R 17 H TL,シングルディスク,ディスク,520,112,16,40,16,"SD-9068, SD-9068","SD-953, SD-953","VD-9068JL, VD-9068JL","VD-953JL, VD-953JL","ZD-9068CT, ZD-9068CT",,,,"67528, 67528",,,04713,BM-08705,,,,,,,,04713_1.jpg
BMW,313cc,2024,,G310R,A82A03B,,61218531108(ETX9),LMAR8J-9E,1,"2,005",820,"1,080",164,K03　ユーロ5　ネイキッドスポーツ,/,,110 70 R 17 H TL,150 60 R 17 H TL,シングルディスク,ディスク,520,112,16,40,16,"SD-9068, SD-9068","SD-953, SD-953","VD-9068JL, VD-9068JL","VD-953JL, VD-953JL","ZD-9068CT, ZD-9068CT",,,,"67528, 67528",,,04713,BM-08705,,,,,,,,04713_1.jpg
BMW,313cc,2025,,G310R,A82A03B,,61218531108(ETX9),LMAR8J-9E,1,"2,005",820,"1,080",164,K03　ユーロ5　ネイキッドスポーツ,/,,110 70 R 17 H TL,150 60 R 17 H TL,シングルディスク,ディスク,520,112,16,40,16,"SD-9068, SD-9068","SD-953, SD-953","VD-9068JL, VD-9068JL","VD-953JL, VD-953JL","ZD-9068CT, ZD-9068CT",,,,"67528, 67528",,,04713,BM-08705,,,,,,,,04713_1.jpg
BMW,313cc,2026,,G310R,A82A03B,,61218531108(ETX9),LMAR8J-9E,1,"2,005",820,"1,080",164,K03　ユーロ5　ネイキッドスポーツ,/,,110 70 R 17 H TL,150 60 R 17 H TL,シングルディスク,ディスク,520,112,16,40,16,"SD-9068, SD-9068","SD-953, SD-953","VD-9068JL, VD-9068JL","VD-953JL, VD-953JL","ZD-9068CT, ZD-9068CT",,,,"67528, 67528",,,04713,BM-08705,,,,,,,,04713_1.jpg
BMW,647cc,2013,,C600 SPORT,,,61218394179 (ETX14-BS),LMAR8D-J,2,"2,155",877,"1,378",248,K18　スポーツ（C650GTとC600Sport基本構成同じ）■STD・Special Edition,/,,120 70 R 15 56H TL,160 60 R 15 67H TL,Wディスク,ディスク,ー,ー,ー,ー,,"SD-156, SD-156",,"VD-156JL, VD-156SJL, VD-156SJL, VD-156JL",,"ZD-156CT, ZD-156CT",,,"66713, 67501, 67501, 66713",,"72460, 72460",,03578,BM-08704,,KN-164,,,,,,03578_1.jpg
BMW,647cc,2014,,C600 SPORT,,,61218394179 (ETX14-BS),LMAR8D-J,2,"2,155",877,"1,378",248,K18　スポーツ（C650GTとC600Sport基本構成同じ）■STD・Special Edition,/,,120 70 R 15 56H TL,160 60 R 15 67H TL,Wディスク,ディスク,ー,ー,ー,ー,,"SD-156, SD-156",,"VD-156JL, VD-156SJL, VD-156SJL, VD-156JL",,"ZD-156CT, ZD-156CT",,,"66713, 67501, 67501, 66713",,"72460, 72460",,03578,BM-08704,,KN-164,,,,,,03578_1.jpg
BMW,647cc,2015,,C600 SPORT,,,61218394179 (ETX14-BS),LMAR8D-J,2,"2,155",877,"1,378",248,K18　スポーツ（C650GTとC600Sport基本構成同じ）■STD・Special Edition,/,,120 70 R 15 56H TL,160 60 R 15 67H TL,Wディスク,ディスク,ー,ー,ー,ー,,"SD-156, SD-156",,"VD-156JL, VD-156SJL, VD-156SJL, VD-156JL",,"ZD-156CT, ZD-156CT",,,"66713, 67501, 67501, 66713",,"72460, 72460",,03578,BM-08704,,KN-164,,,,,,03578_1.jpg
BMW,647cc,2016,EBL-C65AA,C650 SPORT,,C65AA -,61218394179 (ETX14-BS),LMAR8D-J,2,"2,180",775,"1,480",249,K18　スポーツ（C600Sportから名称変更）,/,,120 70 R 15 56H TL,160 60 R 15 67H TL,Wディスク,ディスク,ー,ー,ー,ー,,"SD-156, SD-156",,"VD-156JL, VD-156SJL, VD-156SJL, VD-156JL",,"ZD-156CT, ZD-156CT",,,"66713, 67501, 67501, 66713",,"72460, 72460",,04134,BM-08704,,KN-164,,,,,,04134_1.jpg
BMW,647cc,2017,EBL-C65AA,C650 SPORT,,C65AA -,61218394179 (ETX14-BS),LMAR8D-J,2,"2,180",775,"1,480",249,K18　スポーツ（C600Sportから名称変更）,/,,120 70 R 15 56H TL,160 60 R 15 67H TL,Wディスク,ディスク,ー,ー,ー,ー,,"SD-156, SD-156",,"VD-156JL, VD-156SJL, VD-156SJL, VD-156JL",,"ZD-156CT, ZD-156CT",,,"66713, 67501, 67501, 66713",,"72460, 72460",,04134,BM-08704,,KN-164,,,,,,04134_1.jpg
BMW,647cc,2018,EBL-C65AA,C650 SPORT,,C65AA -,61218394179 (ETX14-BS),LMAR8D-J,2,"2,180",775,"1,480",249,K18　スポーツ（C600Sportから名称変更）,/,,120 70 R 15 56H TL,160 60 R 15 67H TL,Wディスク,ディスク,ー,ー,ー,ー,,"SD-156, SD-156",,"VD-156JL, VD-156SJL, VD-156SJL, VD-156JL",,"ZD-156CT, ZD-156CT",,,"66713, 67501, 67501, 66713",,"72460, 72460",,04134,BM-08704,,KN-164,,,,,,04134_1.jpg
BMW,647cc,2019,EBL-C65AA,C650 SPORT,,C65AA -,61218394179 (ETX14-BS),LMAR8D-J,2,"2,180",775,"1,480",249,K18　スポーツ（C600Sportから名称変更）,/,,120 70 R 15 56H TL,160 60 R 15 67H TL,Wディスク,ディスク,ー,ー,ー,ー,,"SD-156, SD-156",,"VD-156JL, VD-156SJL, VD-156SJL, VD-156JL",,"ZD-156CT, ZD-156CT",,,"66713, 67501, 67501, 66713",,"72460, 72460",,04134,BM-08704,,KN-164,,,,,,04134_1.jpg
BMW,647cc,2020,EBL-C65AA,C650 SPORT,,C65AA -,61218394179 (ETX14-BS),LMAR8D-J,2,"2,180",775,"1,480",249,K18　スポーツ（C600Sportから名称変更）,/,,120 70 R 15 56H TL,160 60 R 15 67H TL,Wディスク,ディスク,ー,ー,ー,ー,,"SD-156, SD-156",,"VD-156JL, VD-156SJL, VD-156SJL, VD-156JL",,"ZD-156CT, ZD-156CT",,,"66713, 67501, 67501, 66713",,"72460, 72460",,04134,BM-08704,,KN-164,,,,,,04134_1.jpg
BMW,647cc,2013,EBL-C65AA,C650GT,,,61218394179 (ETX14-BS),LMAR8D-J,2,"2,218",916,"1,411",258,K19　ツーリング（C650GTとC600Sport基本構成同じ）■STD・Special Edition,/,,120 70 R 15 56H TL,160 60 R 15 67H TL,Wディスク,ディスク,ー,ー,ー,ー,,"SD-156, SD-156",,"VD-156JL, VD-156SJL, VD-156SJL, VD-156JL",,"ZD-156CT, ZD-156CT",,,"66713, 67501, 67501, 66713",,"72460, 72460",,03579,BM-08704,,KN-164,,,,,,03579_1.jpg
BMW,647cc,2014,EBL-C65AA,C650GT,,,61218394179 (ETX14-BS),LMAR8D-J,2,"2,218",916,"1,411",258,K19　ツーリング（C650GTとC600Sport基本構成同じ）■STD・Special Edition,/,,120 70 R 15 56H TL,160 60 R 15 67H TL,Wディスク,ディスク,ー,ー,ー,ー,,"SD-156, SD-156",,"VD-156JL, VD-156SJL, VD-156SJL, VD-156JL",,"ZD-156CT, ZD-156CT",,,"66713, 67501, 67501, 66713",,"72460, 72460",,03579,BM-08704,,KN-164,,,,,,03579_1.jpg
BMW,647cc,2015,EBL-C65AA,C650GT,,,61218394179 (ETX14-BS),LMAR8D-J,2,"2,218",916,"1,411",258,K19　ツーリング（C650GTとC600Sport基本構成同じ）■STD・Special Edition,/,,120 70 R 15 56H TL,160 60 R 15 67H TL,Wディスク,ディスク,ー,ー,ー,ー,,"SD-156, SD-156",,"VD-156JL, VD-156SJL, VD-156SJL, VD-156JL",,"ZD-156CT, ZD-156CT",,,"66713, 67501, 67501, 66713",,"72460, 72460",,03579,BM-08704,,KN-164,,,,,,03579_1.jpg
BMW,647cc,2016,,C650GT,,,61218394179 (ETX14-BS),LMAR8D-J,2,"2,235",805,"1,480",261,K19　駆動系変更　・2017年〜 ユーロ4,/,,120 70 R 15 56H TL,160 60 R 15 67H TL,Wディスク,ディスク,ー,ー,ー,ー,1.688,"SD-156, SD-156",,"VD-156JL, VD-156SJL, VD-156SJL, VD-156JL",,"ZD-156CT, ZD-156CT",,,"66713, 67501, 67501, 66713",,"72460, 72460",,04135,BM-08704,,KN-164,,,,,,04135_1.jpg
BMW,647cc,2017,,C650GT,,,61218394179 (ETX14-BS),LMAR8D-J,2,"2,235",805,"1,480",261,K19　駆動系変更　・2017年〜 ユーロ4,/,,120 70 R 15 56H TL,160 60 R 15 67H TL,Wディスク,ディスク,ー,ー,ー,ー,1.688,"SD-156, SD-156",,"VD-156JL, VD-156SJL, VD-156SJL, VD-156JL",,"ZD-156CT, ZD-156CT",,,"66713, 67501, 67501, 66713",,"72460, 72460",,04135,BM-08704,,KN-164,,,,,,04135_1.jpg
BMW,647cc,2018,,C650GT,,,61218394179 (ETX14-BS),LMAR8D-J,2,"2,235",805,"1,480",261,K19　駆動系変更　・2017年〜 ユーロ4,/,,120 70 R 15 56H TL,160 60 R 15 67H TL,Wディスク,ディスク,ー,ー,ー,ー,1.688,"SD-156, SD-156",,"VD-156JL, VD-156SJL, VD-156SJL, VD-156JL",,"ZD-156CT, ZD-156CT",,,"66713, 67501, 67501, 66713",,"72460, 72460",,04135,BM-08704,,KN-164,,,,,,04135_1.jpg
BMW,647cc,2019,,C650GT,,,61218394179 (ETX14-BS),LMAR8D-J,2,"2,235",805,"1,480",261,K19　駆動系変更　・2017年〜 ユーロ4,/,,120 70 R 15 56H TL,160 60 R 15 67H TL,Wディスク,ディスク,ー,ー,ー,ー,1.688,"SD-156, SD-156",,"VD-156JL, VD-156SJL, VD-156SJL, VD-156JL",,"ZD-156CT, ZD-156CT",,,"66713, 67501, 67501, 66713",,"72460, 72460",,04135,BM-08704,,KN-164,,,,,,04135_1.jpg
BMW,647cc,2020,,C650GT,,,61218394179 (ETX14-BS),LMAR8D-J,2,"2,235",805,"1,480",261,K19　駆動系変更　・2017年〜 ユーロ4,/,,120 70 R 15 56H TL,160 60 R 15 67H TL,Wディスク,ディスク,ー,ー,ー,ー,1.688,"SD-156, SD-156",,"VD-156JL, VD-156SJL, VD-156SJL, VD-156JL",,"ZD-156CT, ZD-156CT",,,"66713, 67501, 67501, 66713",,"72460, 72460",,04135,BM-08704,,KN-164,,,,,,04135_1.jpg
BMW,652cc,2002,,F650CS SCARVER,,,61217729049(YB12AL-A2),DR8EB 1本(-03年）/2本(04年-）,2,"2,140",830,"1,160",191,K14　ストリートモデル　ベルトドライブ,/,,110 70 ZR 17 54W TL,160 60 ZR 17 69W TL,シングルディスク,ディスク,ー,ー,ー,ー,,"SD-958, SD-958","SD-953, SD-953","VD-958JL, VD-958JL","VD-953JL, VD-953JL",,,,,,,,02869,BM-08700,,KN-151,,,,,,02869_1.jpg
BMW,652cc,2003,,F650CS SCARVER,,,61217729049(YB12AL-A2),DR8EB 1本(-03年）/2本(04年-）,2,"2,140",830,"1,160",191,K14　ストリートモデル　ベルトドライブ,/,,110 70 ZR 17 54W TL,160 60 ZR 17 69W TL,シングルディスク,ディスク,ー,ー,ー,ー,,"SD-958, SD-958","SD-953, SD-953","VD-958JL, VD-958JL","VD-953JL, VD-953JL",,,,,,,,02869,BM-08700,,KN-151,,,,,,02869_1.jpg
BMW,652cc,2004,,F650CS SCARVER,,,61217729049(YB12AL-A2),DR8EB 1本(-03年）/2本(04年-）,2,"2,140",830,"1,160",191,K14　ストリートモデル　ベルトドライブ,/,,110 70 ZR 17 54W TL,160 60 ZR 17 69W TL,シングルディスク,ディスク,ー,ー,ー,ー,,"SD-958, SD-958","SD-953, SD-953","VD-958JL, VD-958JL","VD-953JL, VD-953JL",,,,,,,,02869,BM-08700,,KN-151,,,,,,02869_1.jpg
BMW,652cc,2005,,F650CS SCARVER,,,61217729049(YB12AL-A2),DR8EB 1本(-03年）/2本(04年-）,2,"2,140",830,"1,160",191,K14　ストリートモデル　ベルトドライブ,/,,110 70 ZR 17 54W TL,160 60 ZR 17 69W TL,シングルディスク,ディスク,ー,ー,ー,ー,,"SD-958, SD-958","SD-953, SD-953","VD-958JL, VD-958JL","VD-953JL, VD-953JL",,,,,,,,02869,BM-08700,,KN-151,,,,,,02869_1.jpg
BMW,652cc,2006,,F650CS SCARVER,,,61217729049(YB12AL-A2),DR8EB 1本(-03年）/2本(04年-）,2,"2,140",830,"1,160",191,K14　ストリートモデル　ベルトドライブ,/,,110 70 ZR 17 54W TL,160 60 ZR 17 69W TL,シングルディスク,ディスク,ー,ー,ー,ー,,"SD-958, SD-958","SD-953, SD-953","VD-958JL, VD-958JL","VD-953JL, VD-953JL",,,,,,,,02869,BM-08700,,KN-151,,,,,,02869_1.jpg
BMW,652cc,2000,,F650GS,,,61217729049(YB12AL-A2)(縦置),D8EA(-01)/DR8EB(02-03),1,"2,175",875,"1,265",0,R13　[652cc]　エフロクシングル,2.7,,100 90 - 19 57S WT,130 80 - 17 65S WT,シングルディスク,ディスク,520,112,/,/,,"SD-958, SD-958","SD-953, SD-953","VD-958JL, VD-958JL","VD-953JL, VD-953JL",,,,,,,,02870,BM-08700,,KN-151,,,,,,02870_1.jpg
BMW,652cc,2001,,F650GS,,,61217729049(YB12AL-A2)(縦置),D8EA(-01)/DR8EB(02-03),1,"2,175",875,"1,265",0,R13　[652cc]　エフロクシングル,2.7,,100 90 - 19 57S WT,130 80 - 17 65S WT,シングルディスク,ディスク,520,112,/,/,,"SD-958, SD-958","SD-953, SD-953","VD-958JL, VD-958JL","VD-953JL, VD-953JL",,,,,,,,02870,BM-08700,,KN-151,,,,,,02870_1.jpg
BMW,652cc,2002,,F650GS,,,61217729049(YB12AL-A2)(縦置),D8EA(-01)/DR8EB(02-03),1,"2,175",875,"1,265",0,R13　[652cc]　エフロクシングル,2.7,,100 90 - 19 57S WT,130 80 - 17 65S WT,シングルディスク,ディスク,520,112,/,/,,"SD-958, SD-958","SD-953, SD-953","VD-958JL, VD-958JL","VD-953JL, VD-953JL",,,,,,,,02870,BM-08700,,KN-151,,,,,,02870_1.jpg
BMW,652cc,2003,,F650GS,,,61217729049(YB12AL-A2)(縦置),D8EA(-01)/DR8EB(02-03),1,"2,175",875,"1,265",0,R13　[652cc]　エフロクシングル,2.7,,100 90 - 19 57S WT,130 80 - 17 65S WT,シングルディスク,ディスク,520,112,/,/,,"SD-958, SD-958","SD-953, SD-953","VD-958JL, VD-958JL","VD-953JL, VD-953JL",,,,,,,,02870,BM-08700,,KN-151,,,,,,02870_1.jpg
BMW,652cc,2000,,F650GS,,,61217729049(YB12AL-A2)(縦置),D8EA(-01)/DR8EB(02-03),1,"2,175",875,"1,265",0,R13　[652cc]　エフロクシングル　ABS,2.7,,100 90 - 19 57S WT,130 80 - 17 65S WT,シングルディスク,ディスク,520,112,/,/,,,,,,,,,,,,,03930,BM-08700,,KN-151,,,,,,03930_1.jpg
BMW,652cc,2001,,F650GS,,,61217729049(YB12AL-A2)(縦置),D8EA(-01)/DR8EB(02-03),1,"2,175",875,"1,265",0,R13　[652cc]　エフロクシングル　ABS,2.7,,100 90 - 19 57S WT,130 80 - 17 65S WT,シングルディスク,ディスク,520,112,/,/,,,,,,,,,,,,,03930,BM-08700,,KN-151,,,,,,03930_1.jpg
BMW,652cc,2002,,F650GS,,,61217729049(YB12AL-A2)(縦置),D8EA(-01)/DR8EB(02-03),1,"2,175",875,"1,265",0,R13　[652cc]　エフロクシングル　ABS,2.7,,100 90 - 19 57S WT,130 80 - 17 65S WT,シングルディスク,ディスク,520,112,/,/,,,,,,,,,,,,,03930,BM-08700,,KN-151,,,,,,03930_1.jpg
BMW,652cc,2003,,F650GS,,,61217729049(YB12AL-A2)(縦置),D8EA(-01)/DR8EB(02-03),1,"2,175",875,"1,265",0,R13　[652cc]　エフロクシングル　ABS,2.7,,100 90 - 19 57S WT,130 80 - 17 65S WT,シングルディスク,ディスク,520,112,/,/,,,,,,,,,,,,,03930,BM-08700,,KN-151,,,,,,03930_1.jpg
BMW,652cc,2004,,F650GS,,,61217729049（YB12AL-A2）,DR8EB,2,"2,280",845,"1,240",199,R13　[652cc]　エフロクシングル　ツインスパーク,2.7,,100 90 - 19 57S WT,130 80 - 17 65S WT,シングルディスク,ディスク,520,112,/,/,,,,,,,,,,,,,03931,BM-08700,,KN-151,,,,,,03931_1.jpg
BMW,652cc,2005,,F650GS,,,61217729049（YB12AL-A2）,DR8EB,2,"2,280",845,"1,240",199,R13　[652cc]　エフロクシングル　ツインスパーク,2.7,,100 90 - 19 57S WT,130 80 - 17 65S WT,シングルディスク,ディスク,520,112,/,/,,,,,,,,,,,,,03931,BM-08700,,KN-151,,,,,,03931_1.jpg
BMW,652cc,2006,,F650GS,,,61217729049（YB12AL-A2）,DR8EB,2,"2,280",845,"1,240",199,R13　[652cc]　エフロクシングル　ツインスパーク,2.7,,100 90 - 19 57S WT,130 80 - 17 65S WT,シングルディスク,ディスク,520,112,/,/,,,,,,,,,,,,,03931,BM-08700,,KN-151,,,,,,03931_1.jpg
BMW,652cc,2007,,F650GS,,,61217729049（YB12AL-A2）,DR8EB,2,"2,280",845,"1,240",199,R13　[652cc]　エフロクシングル　ツインスパーク,2.7,,100 90 - 19 57S WT,130 80 - 17 65S WT,シングルディスク,ディスク,520,112,/,/,,,,,,,,,,,,,03931,BM-08700,,KN-151,,,,,,03931_1.jpg
BMW,652cc,2004,,F650GS,,,61217729049（YB12AL-A2）,DR8EB,2,"2,280",845,"1,240",199,R13　[652cc]　エフロクシングル　ABS　ツインスパーク,2.7,,100 90 - 19 57S WT,130 80 - 17 65S WT,シングルディスク,ディスク,520,112,/,/,,,,,,,,,,,,,03932,BM-08700,,KN-151,,,,,,03932_1.jpg
BMW,652cc,2005,,F650GS,,,61217729049（YB12AL-A2）,DR8EB,2,"2,280",845,"1,240",199,R13　[652cc]　エフロクシングル　ABS　ツインスパーク,2.7,,100 90 - 19 57S WT,130 80 - 17 65S WT,シングルディスク,ディスク,520,112,/,/,,,,,,,,,,,,,03932,BM-08700,,KN-151,,,,,,03932_1.jpg
BMW,652cc,2006,,F650GS,,,61217729049（YB12AL-A2）,DR8EB,2,"2,280",845,"1,240",199,R13　[652cc]　エフロクシングル　ABS　ツインスパーク,2.7,,100 90 - 19 57S WT,130 80 - 17 65S WT,シングルディスク,ディスク,520,112,/,/,,,,,,,,,,,,,03932,BM-08700,,KN-151,,,,,,03932_1.jpg
BMW,652cc,2007,,F650GS,,,61217729049（YB12AL-A2）,DR8EB,2,"2,280",845,"1,240",199,R13　[652cc]　エフロクシングル　ABS　ツインスパーク,2.7,,100 90 - 19 57S WT,130 80 - 17 65S WT,シングルディスク,ディスク,520,112,/,/,,,,,,,,,,,,,03932,BM-08700,,KN-151,,,,,,03932_1.jpg
BMW,652cc,2000,,F650GSダカール,,,61217729049(YB12AL-A2)(縦置),D8EA(-01)/DR8EB(02-),1,"2,189",910,"1,410",194,R13　オフロード向け　FI　オフロード向け　シングル／ツインスパーク,2.7,,90 90 - 21 S WT,130 80 - 17 S WT,シングルディスク,ディスク,520,112,/,/,,"SD-958, SD-958","SD-953, SD-953","VD-958JL, VD-958JL","VD-953JL, VD-953JL",,,,,,,,02872,BM-08700,,KN-151,,,,,,02872_1.jpg
BMW,652cc,2001,,F650GSダカール,,,61217729049(YB12AL-A2)(縦置),D8EA(-01)/DR8EB(02-),1,"2,189",910,"1,410",194,R13　オフロード向け　FI　オフロード向け　シングル／ツインスパーク,2.7,,90 90 - 21 S WT,130 80 - 17 S WT,シングルディスク,ディスク,520,112,/,/,,"SD-958, SD-958","SD-953, SD-953","VD-958JL, VD-958JL","VD-953JL, VD-953JL",,,,,,,,02872,BM-08700,,KN-151,,,,,,02872_1.jpg
BMW,652cc,2002,,F650GSダカール,,,61217729049(YB12AL-A2)(縦置),D8EA(-01)/DR8EB(02-),1,"2,189",910,"1,410",194,R13　オフロード向け　FI　オフロード向け　シングル／ツインスパーク,2.7,,90 90 - 21 S WT,130 80 - 17 S WT,シングルディスク,ディスク,520,112,/,/,,"SD-958, SD-958","SD-953, SD-953","VD-958JL, VD-958JL","VD-953JL, VD-953JL",,,,,,,,02872,BM-08700,,KN-151,,,,,,02872_1.jpg
BMW,652cc,2003,,F650GSダカール,,,61217729049(YB12AL-A2)(縦置),D8EA(-01)/DR8EB(02-),1,"2,189",910,"1,410",194,R13　オフロード向け　FI　オフロード向け　シングル／ツインスパーク,2.7,,90 90 - 21 S WT,130 80 - 17 S WT,シングルディスク,ディスク,520,112,/,/,,"SD-958, SD-958","SD-953, SD-953","VD-958JL, VD-958JL","VD-953JL, VD-953JL",,,,,,,,02872,BM-08700,,KN-151,,,,,,02872_1.jpg
BMW,652cc,2004,,F650GSダカール,,,61217729049(YB12AL-A2)(縦置),D8EA(-01)/DR8EB(02-),1,"2,189",910,"1,410",194,R13　オフロード向け　FI　オフロード向け　シングル／ツインスパーク,2.7,,90 90 - 21 S WT,130 80 - 17 S WT,シングルディスク,ディスク,520,112,/,/,,"SD-958, SD-958","SD-953, SD-953","VD-958JL, VD-958JL","VD-953JL, VD-953JL",,,,,,,,02872,BM-08700,,KN-151,,,,,,02872_1.jpg
BMW,652cc,2005,,F650GSダカール,,,61217729049(YB12AL-A2)(縦置),D8EA(-01)/DR8EB(02-),1,"2,189",910,"1,410",194,R13　オフロード向け　FI　オフロード向け　シングル／ツインスパーク,2.7,,90 90 - 21 S WT,130 80 - 17 S WT,シングルディスク,ディスク,520,112,/,/,,"SD-958, SD-958","SD-953, SD-953","VD-958JL, VD-958JL","VD-953JL, VD-953JL",,,,,,,,02872,BM-08700,,KN-151,,,,,,02872_1.jpg
BMW,652cc,2006,,F650GSダカール,,,61217729049(YB12AL-A2)(縦置),D8EA(-01)/DR8EB(02-),1,"2,189",910,"1,410",194,R13　オフロード向け　FI　オフロード向け　シングル／ツインスパーク,2.7,,90 90 - 21 S WT,130 80 - 17 S WT,シングルディスク,ディスク,520,112,/,/,,"SD-958, SD-958","SD-953, SD-953","VD-958JL, VD-958JL","VD-953JL, VD-953JL",,,,,,,,02872,BM-08700,,KN-151,,,,,,02872_1.jpg
BMW,652cc,2007,,F650GSダカール,,,61217729049(YB12AL-A2)(縦置),D8EA(-01)/DR8EB(02-),1,"2,189",910,"1,410",194,R13　オフロード向け　FI　オフロード向け　シングル／ツインスパーク,2.7,,90 90 - 21 S WT,130 80 - 17 S WT,シングルディスク,ディスク,520,112,/,/,,"SD-958, SD-958","SD-953, SD-953","VD-958JL, VD-958JL","VD-953JL, VD-953JL",,,,,,,,02872,BM-08700,,KN-151,,,,,,02872_1.jpg
BMW,652cc,2003,,F650GSダカール,,,61217729049(YB12AL-A2)(縦置),DR8EB,1,"2,189",910,"1,410",194,R13　オフロード向け　FI　ABS　オフロード向け　シングル／ツインスパーク,2.7,,90 90 - 21 S WT,130 80 - 17 S WT,シングルディスク,ディスク,520,112,/,/,,"SD-958, SD-958","SD-953, SD-953","VD-958JL, VD-958JL","VD-953JL, VD-953JL",,,,,,,,03934,BM-08700,,KN-151,,,,,,03934_1.jpg
BMW,652cc,2004,,F650GSダカール,,,61217729049(YB12AL-A2)(縦置),DR8EB,1,"2,189",910,"1,410",194,R13　オフロード向け　FI　ABS　オフロード向け　シングル／ツインスパーク,2.7,,90 90 - 21 S WT,130 80 - 17 S WT,シングルディスク,ディスク,520,112,/,/,,"SD-958, SD-958","SD-953, SD-953","VD-958JL, VD-958JL","VD-953JL, VD-953JL",,,,,,,,03934,BM-08700,,KN-151,,,,,,03934_1.jpg
BMW,652cc,2005,,F650GSダカール,,,61217729049(YB12AL-A2)(縦置),DR8EB,1,"2,189",910,"1,410",194,R13　オフロード向け　FI　ABS　オフロード向け　シングル／ツインスパーク,2.7,,90 90 - 21 S WT,130 80 - 17 S WT,シングルディスク,ディスク,520,112,/,/,,"SD-958, SD-958","SD-953, SD-953","VD-958JL, VD-958JL","VD-953JL, VD-953JL",,,,,,,,03934,BM-08700,,KN-151,,,,,,03934_1.jpg
BMW,652cc,2006,,F650GSダカール,,,61217729049(YB12AL-A2)(縦置),DR8EB,1,"2,189",910,"1,410",194,R13　オフロード向け　FI　ABS　オフロード向け　シングル／ツインスパーク,2.7,,90 90 - 21 S WT,130 80 - 17 S WT,シングルディスク,ディスク,520,112,/,/,,"SD-958, SD-958","SD-953, SD-953","VD-958JL, VD-958JL","VD-953JL, VD-953JL",,,,,,,,03934,BM-08700,,KN-151,,,,,,03934_1.jpg
BMW,652cc,2007,,F650GSダカール,,,61217729049(YB12AL-A2)(縦置),DR8EB,1,"2,189",910,"1,410",194,R13　オフロード向け　FI　ABS　オフロード向け　シングル／ツインスパーク,2.7,,90 90 - 21 S WT,130 80 - 17 S WT,シングルディスク,ディスク,520,112,/,/,,"SD-958, SD-958","SD-953, SD-953","VD-958JL, VD-958JL","VD-953JL, VD-953JL",,,,,,,,03934,BM-08700,,KN-151,,,,,,03934_1.jpg
BMW,652cc,1996,,F650ST,,,61217729049(YB12AL-A2)(縦置),D8EA,2,"2,160",880,"1,220",191,E169　オンロードモデル,/,,100 90 - 18 65S WT,130 80 - 17 65S WT,シングルディスク,ディスク,520,110,/,/,,"SD-958, SD-958","SD-953, SD-953","VD-958JL, VD-958JL","VD-953JL, VD-953JL",,,,,,,,02873,BM-08700,,KN-151,,,,,,02873_1.jpg
BMW,652cc,1997,,F650ST,,,61217729049(YB12AL-A2)(縦置),D8EA,2,"2,160",880,"1,220",191,E169　オンロードモデル,/,,100 90 - 18 65S WT,130 80 - 17 65S WT,シングルディスク,ディスク,520,110,/,/,,"SD-958, SD-958","SD-953, SD-953","VD-958JL, VD-958JL","VD-953JL, VD-953JL",,,,,,,,02873,BM-08700,,KN-151,,,,,,02873_1.jpg
BMW,652cc,1998,,F650ST,,,61217729049(YB12AL-A2)(縦置),D8EA,2,"2,160",880,"1,220",191,E169　オンロードモデル,/,,100 90 - 18 65S WT,130 80 - 17 65S WT,シングルディスク,ディスク,520,110,/,/,,"SD-958, SD-958","SD-953, SD-953","VD-958JL, VD-958JL","VD-953JL, VD-953JL",,,,,,,,02873,BM-08700,,KN-151,,,,,,02873_1.jpg
BMW,652cc,1999,,F650ST,,,61217729049(YB12AL-A2)(縦置),D8EA,2,"2,160",880,"1,220",191,E169　オンロードモデル,/,,100 90 - 18 65S WT,130 80 - 17 65S WT,シングルディスク,ディスク,520,110,/,/,,"SD-958, SD-958","SD-953, SD-953","VD-958JL, VD-958JL","VD-953JL, VD-953JL",,,,,,,,02873,BM-08700,,KN-151,,,,,,02873_1.jpg
BMW,652cc,2000,,F650ST,,,61217729049(YB12AL-A2)(縦置),D8EA,2,"2,160",880,"1,220",191,E169　オンロードモデル,/,,100 90 - 18 65S WT,130 80 - 17 65S WT,シングルディスク,ディスク,520,110,/,/,,"SD-958, SD-958","SD-953, SD-953","VD-958JL, VD-958JL","VD-953JL, VD-953JL",,,,,,,,02873,BM-08700,,KN-151,,,,,,02873_1.jpg
BMW,652cc,1994,,F650ファンデューロ,,,61217729049(YB12AL-A2)(縦置),D8EA,,"2,180",880,"1,220",191,,/,,100 90 - 19 57S WT,130 80 - 17 65S WT,シングルディスク,ディスク,520,110,/,/,,,,,,,,,,,,,02874,BM-08700,,KN-151,,,,,,02874_1.jpg
BMW,652cc,1995,,F650ファンデューロ,,,61217729049(YB12AL-A2)(縦置),D8EA,,"2,180",880,"1,220",191,,/,,100 90 - 19 57S WT,130 80 - 17 65S WT,シングルディスク,ディスク,520,110,/,/,,,,,,,,,,,,,02874,BM-08700,,KN-151,,,,,,02874_1.jpg
BMW,652cc,1996,,F650ファンデューロ,,,61217729049(YB12AL-A2)(縦置),D8EA,,"2,180",880,"1,220",191,,/,,100 90 - 19 57S WT,130 80 - 17 65S WT,シングルディスク,ディスク,520,110,/,/,,,,,,,,,,,,,02874,BM-08700,,KN-151,,,,,,02874_1.jpg
BMW,652cc,1997,,F650ファンデューロ,,,61217729049(YB12AL-A2)(縦置),D8EA,,"2,180",880,"1,220",191,,/,,100 90 - 19 57S WT,130 80 - 17 65S WT,シングルディスク,ディスク,520,110,/,/,,,,,,,,,,,,,02874,BM-08700,,KN-151,,,,,,02874_1.jpg
BMW,652cc,1998,,F650ファンデューロ,,,61217729049(YB12AL-A2)(縦置),D8EA,,"2,180",880,"1,220",191,,/,,100 90 - 19 57S WT,130 80 - 17 65S WT,シングルディスク,ディスク,520,110,/,/,,,,,,,,,,,,,02874,BM-08700,,KN-151,,,,,,02874_1.jpg
BMW,652cc,1999,,F650ファンデューロ,,,61217729049(YB12AL-A2)(縦置),D8EA,,"2,180",880,"1,220",191,,/,,100 90 - 19 57S WT,130 80 - 17 65S WT,シングルディスク,ディスク,520,110,/,/,,,,,,,,,,,,,02874,BM-08700,,KN-151,,,,,,02874_1.jpg
BMW,652cc,2000,,F650ファンデューロ,,,61217729049(YB12AL-A2)(縦置),D8EA,,"2,180",880,"1,220",191,,/,,100 90 - 19 57S WT,130 80 - 17 65S WT,シングルディスク,ディスク,520,110,/,/,,,,,,,,,,,,,02874,BM-08700,,KN-151,,,,,,02874_1.jpg
BMW,652cc,2012,,G650GS,,,61217729049(YB12AL-A2)(縦置),DR8EB,1,"2,140",890,"1,310",196,R13　ローシート,/,,110 80 R 19 59V TL,140 80 R 17 69V TL,シングルディスク,ディスク,520,112,16,47,16,"SD-958, SD-958","SD-953, SD-953","VD-958JL, VD-958JL","VD-953JL, VD-953JL",,,,,,,,03440,BM-08700,,KN-151,,,,,,03440_1.jpg
BMW,652cc,2013,,G650GS,,,61217729049(YB12AL-A2)(縦置),DR8EB,1,"2,140",890,"1,310",196,R13　ローシート,/,,110 80 R 19 59V TL,140 80 R 17 69V TL,シングルディスク,ディスク,520,112,16,47,16,"SD-958, SD-958","SD-953, SD-953","VD-958JL, VD-958JL","VD-953JL, VD-953JL",,,,,,,,03440,BM-08700,,KN-151,,,,,,03440_1.jpg
BMW,652cc,2014,,G650GS,,,61217729049(YB12AL-A2)(縦置),DR8EB,1,"2,140",890,"1,310",196,R13　ローシート,/,,110 80 R 19 59V TL,140 80 R 17 69V TL,シングルディスク,ディスク,520,112,16,47,16,"SD-958, SD-958","SD-953, SD-953","VD-958JL, VD-958JL","VD-953JL, VD-953JL",,,,,,,,03440,BM-08700,,KN-151,,,,,,03440_1.jpg
BMW,652cc,2015,,G650GS,,,61217729049(YB12AL-A2)(縦置),DR8EB,1,"2,140",890,"1,310",196,R13　ローシート,/,,110 80 R 19 59V TL,140 80 R 17 69V TL,シングルディスク,ディスク,520,112,16,47,16,"SD-958, SD-958","SD-953, SD-953","VD-958JL, VD-958JL","VD-953JL, VD-953JL",,,,,,,,03440,BM-08700,,KN-151,,,,,,03440_1.jpg
BMW,652cc,2016,,G650GS,,,61217729049(YB12AL-A2)(縦置),DR8EB,1,"2,140",890,"1,310",196,R13　ローシート,/,,110 80 R 19 59V TL,140 80 R 17 69V TL,シングルディスク,ディスク,520,112,16,47,16,"SD-958, SD-958","SD-953, SD-953","VD-958JL, VD-958JL","VD-953JL, VD-953JL",,,,,,,,03440,BM-08700,,KN-151,,,,,,03440_1.jpg
BMW,652cc,2012,,G650GS Sertao,,,61217729049(YB12AL-A2)(縦置),DR8EB,1,"2,185",920,"1,440","1,963",R13　スポークホイール,/,,90 90 R 21 54S WT,130 80 R 17 65S WT,シングルディスク,ディスク,520,112,16,47,16,"SD-958, SD-958","SD-953, SD-953","VD-958JL, VD-958JL","VD-953JL, VD-953JL",,,,,,,,03577,BM-08700,,KN-151,,,,,,03577_1.jpg
BMW,652cc,2013,,G650GS Sertao,,,61217729049(YB12AL-A2)(縦置),DR8EB,1,"2,185",920,"1,440","1,963",R13　スポークホイール,/,,90 90 R 21 54S WT,130 80 R 17 65S WT,シングルディスク,ディスク,520,112,16,47,16,"SD-958, SD-958","SD-953, SD-953","VD-958JL, VD-958JL","VD-953JL, VD-953JL",,,,,,,,03577,BM-08700,,KN-151,,,,,,03577_1.jpg
BMW,652cc,2006,,G650X challenge,,,61217726563(YTZ10S),DR8EB,1,"2,205",907,"1,255",156,K15　オフロード　アクティブライン,/,,90 90 - 21 54S WT,140 80 R 18 70S WT,シングルディスク,ディスク,520,112,15,47,15,"SD-958, SD-958","SD-953, SD-953","VD-958JL, VD-958JL","VD-953JL, VD-953JL",,,,,,,,02879,BM-08700,,KN-151,,,,,,02879_1.jpg
BMW,652cc,2007,,G650X challenge,,,61217726563(YTZ10S),DR8EB,1,"2,205",907,"1,255",156,K15　オフロード　アクティブライン,/,,90 90 - 21 54S WT,140 80 R 18 70S WT,シングルディスク,ディスク,520,112,15,47,15,"SD-958, SD-958","SD-953, SD-953","VD-958JL, VD-958JL","VD-953JL, VD-953JL",,,,,,,,02879,BM-08700,,KN-151,,,,,,02879_1.jpg
BMW,652cc,2008,,G650X challenge,,,61217726563(YTZ10S),DR8EB,1,"2,205",907,"1,255",156,K15　オフロード　アクティブライン,/,,90 90 - 21 54S WT,140 80 R 18 70S WT,シングルディスク,ディスク,520,112,15,47,15,"SD-958, SD-958","SD-953, SD-953","VD-958JL, VD-958JL","VD-953JL, VD-953JL",,,,,,,,02879,BM-08700,,KN-151,,,,,,02879_1.jpg
BMW,652cc,2009,,G650X challenge,,,61217726563(YTZ10S),DR8EB,1,"2,205",907,"1,255",156,K15　オフロード　アクティブライン,/,,90 90 - 21 54S WT,140 80 R 18 70S WT,シングルディスク,ディスク,520,112,15,47,15,"SD-958, SD-958","SD-953, SD-953","VD-958JL, VD-958JL","VD-953JL, VD-953JL",,,,,,,,02879,BM-08700,,KN-151,,,,,,02879_1.jpg
BMW,652cc,2006,,G650X challenge,,,61217726563(YTZ10S),DR8EB,1,"2,205",907,"1,255",156,K15　オフロード　ハイライン　ABS,/,,90 90 - 21 54S WT,140 80 R 18 70S WT,シングルディスク,ディスク,520,112,15,47,15,"SD-958, SD-958","SD-953, SD-953","VD-958JL, VD-958JL","VD-953JL, VD-953JL",,,,,,,,03936,BM-08700,,KN-151,,,,,,03936_1.jpg
BMW,652cc,2007,,G650X challenge,,,61217726563(YTZ10S),DR8EB,1,"2,205",907,"1,255",156,K15　オフロード　ハイライン　ABS,/,,90 90 - 21 54S WT,140 80 R 18 70S WT,シングルディスク,ディスク,520,112,15,47,15,"SD-958, SD-958","SD-953, SD-953","VD-958JL, VD-958JL","VD-953JL, VD-953JL",,,,,,,,03936,BM-08700,,KN-151,,,,,,03936_1.jpg
BMW,652cc,2008,,G650X challenge,,,61217726563(YTZ10S),DR8EB,1,"2,205",907,"1,255",156,K15　オフロード　ハイライン　ABS,/,,90 90 - 21 54S WT,140 80 R 18 70S WT,シングルディスク,ディスク,520,112,15,47,15,"SD-958, SD-958","SD-953, SD-953","VD-958JL, VD-958JL","VD-953JL, VD-953JL",,,,,,,,03936,BM-08700,,KN-151,,,,,,03936_1.jpg
BMW,652cc,2009,,G650X challenge,,,61217726563(YTZ10S),DR8EB,1,"2,205",907,"1,255",156,K15　オフロード　ハイライン　ABS,/,,90 90 - 21 54S WT,140 80 R 18 70S WT,シングルディスク,ディスク,520,112,15,47,15,"SD-958, SD-958","SD-953, SD-953","VD-958JL, VD-958JL","VD-953JL, VD-953JL",,,,,,,,03936,BM-08700,,KN-151,,,,,,03936_1.jpg
BMW,652cc,2006,,G650X country,,,61217726563(YTZ10S),DR8EB,1,"2,185",907,"1,205",160,K15　ベーシック　ハイライン　ABS,/,,100 90 - 19 57S WT,130 80 - 17 65S WT,シングルディスク,ディスク,520,112,16,47,16,"SD-958, SD-958","SD-953, SD-953","VD-958JL, VD-958JL","VD-953JL, VD-953JL",,,,,,,,03937,BM-08700,,KN-151,,,,,,03937_1.jpg
BMW,652cc,2007,,G650X country,,,61217726563(YTZ10S),DR8EB,1,"2,185",907,"1,205",160,K15　ベーシック　ハイライン　ABS,/,,100 90 - 19 57S WT,130 80 - 17 65S WT,シングルディスク,ディスク,520,112,16,47,16,"SD-958, SD-958","SD-953, SD-953","VD-958JL, VD-958JL","VD-953JL, VD-953JL",,,,,,,,03937,BM-08700,,KN-151,,,,,,03937_1.jpg
BMW,652cc,2008,,G650X country,,,61217726563(YTZ10S),DR8EB,1,"2,185",907,"1,205",160,K15　ベーシック　ハイライン　ABS,/,,100 90 - 19 57S WT,130 80 - 17 65S WT,シングルディスク,ディスク,520,112,16,47,16,"SD-958, SD-958","SD-953, SD-953","VD-958JL, VD-958JL","VD-953JL, VD-953JL",,,,,,,,03937,BM-08700,,KN-151,,,,,,03937_1.jpg
BMW,652cc,2009,,G650X country,,,61217726563(YTZ10S),DR8EB,1,"2,185",907,"1,205",160,K15　ベーシック　ハイライン　ABS,/,,100 90 - 19 57S WT,130 80 - 17 65S WT,シングルディスク,ディスク,520,112,16,47,16,"SD-958, SD-958","SD-953, SD-953","VD-958JL, VD-958JL","VD-953JL, VD-953JL",,,,,,,,03937,BM-08700,,KN-151,,,,,,03937_1.jpg
BMW,652cc,2006,,G650X country,,,61217726563(YTZ10S),DR8EB,1,"2,185",907,"1,205",160,K15　ベーシック　アクティブライン,/,,100 90 - 19 57S WT,130 80 - 17 65S WT,シングルディスク,ディスク,520,112,16,47,16,"SD-958, SD-958","SD-953, SD-953","VD-958JL, VD-958JL","VD-953JL, VD-953JL",,,,,,,,02880,BM-08700,,KN-151,,,,,,02880_1.jpg
BMW,652cc,2007,,G650X country,,,61217726563(YTZ10S),DR8EB,1,"2,185",907,"1,205",160,K15　ベーシック　アクティブライン,/,,100 90 - 19 57S WT,130 80 - 17 65S WT,シングルディスク,ディスク,520,112,16,47,16,"SD-958, SD-958","SD-953, SD-953","VD-958JL, VD-958JL","VD-953JL, VD-953JL",,,,,,,,02880,BM-08700,,KN-151,,,,,,02880_1.jpg
BMW,652cc,2008,,G650X country,,,61217726563(YTZ10S),DR8EB,1,"2,185",907,"1,205",160,K15　ベーシック　アクティブライン,/,,100 90 - 19 57S WT,130 80 - 17 65S WT,シングルディスク,ディスク,520,112,16,47,16,"SD-958, SD-958","SD-953, SD-953","VD-958JL, VD-958JL","VD-953JL, VD-953JL",,,,,,,,02880,BM-08700,,KN-151,,,,,,02880_1.jpg
BMW,652cc,2009,,G650X country,,,61217726563(YTZ10S),DR8EB,1,"2,185",907,"1,205",160,K15　ベーシック　アクティブライン,/,,100 90 - 19 57S WT,130 80 - 17 65S WT,シングルディスク,ディスク,520,112,16,47,16,"SD-958, SD-958","SD-953, SD-953","VD-958JL, VD-958JL","VD-953JL, VD-953JL",,,,,,,,02880,BM-08700,,KN-151,,,,,,02880_1.jpg
BMW,652cc,2006,,G650X moto,,,61217726563(YTZ10S),DR8EB,1,"2,180",907,"1,184",159,K15　モタード　アクティブライン,/,,120 70 R 17 58H TL,160 60 R 17 69H TL,シングルディスク,ディスク,520,112,16,47,16,"SD-262, SD-262","SD-953, SD-953","VD-262JL, VD-262JL","VD-953JL, VD-953JL","ZD-262CT, ZD-262CT",,,,,,,02881,BM-08700,,KN-151,,,,,,02881_1.jpg
BMW,652cc,2007,,G650X moto,,,61217726563(YTZ10S),DR8EB,1,"2,180",907,"1,184",159,K15　モタード　アクティブライン,/,,120 70 R 17 58H TL,160 60 R 17 69H TL,シングルディスク,ディスク,520,112,16,47,16,"SD-262, SD-262","SD-953, SD-953","VD-262JL, VD-262JL","VD-953JL, VD-953JL","ZD-262CT, ZD-262CT",,,,,,,02881,BM-08700,,KN-151,,,,,,02881_1.jpg
BMW,652cc,2008,,G650X moto,,,61217726563(YTZ10S),DR8EB,1,"2,180",907,"1,184",159,K15　モタード　アクティブライン,/,,120 70 R 17 58H TL,160 60 R 17 69H TL,シングルディスク,ディスク,520,112,16,47,16,"SD-262, SD-262","SD-953, SD-953","VD-262JL, VD-262JL","VD-953JL, VD-953JL","ZD-262CT, ZD-262CT",,,,,,,02881,BM-08700,,KN-151,,,,,,02881_1.jpg
BMW,652cc,2009,,G650X moto,,,61217726563(YTZ10S),DR8EB,1,"2,180",907,"1,184",159,K15　モタード　アクティブライン,/,,120 70 R 17 58H TL,160 60 R 17 69H TL,シングルディスク,ディスク,520,112,16,47,16,"SD-262, SD-262","SD-953, SD-953","VD-262JL, VD-262JL","VD-953JL, VD-953JL","ZD-262CT, ZD-262CT",,,,,,,02881,BM-08700,,KN-151,,,,,,02881_1.jpg
BMW,652cc,2006,,G650X moto,,,61217726563(YTZ10S),DR8EB,1,"2,180",907,"1,184",159,K15　モタード　ハイライン　ABS,/,,120 70 R 17 58H TL,160 60 R 17 69H TL,シングルディスク,ディスク,520,112,16,47,16,"SD-262, SD-262","SD-953, SD-953","VD-262JL, VD-262JL","VD-953JL, VD-953JL","ZD-262CT, ZD-262CT",,,,,,,03938,BM-08700,,KN-151,,,,,,03938_1.jpg
BMW,652cc,2007,,G650X moto,,,61217726563(YTZ10S),DR8EB,1,"2,180",907,"1,184",159,K15　モタード　ハイライン　ABS,/,,120 70 R 17 58H TL,160 60 R 17 69H TL,シングルディスク,ディスク,520,112,16,47,16,"SD-262, SD-262","SD-953, SD-953","VD-262JL, VD-262JL","VD-953JL, VD-953JL","ZD-262CT, ZD-262CT",,,,,,,03938,BM-08700,,KN-151,,,,,,03938_1.jpg
BMW,652cc,2008,,G650X moto,,,61217726563(YTZ10S),DR8EB,1,"2,180",907,"1,184",159,K15　モタード　ハイライン　ABS,/,,120 70 R 17 58H TL,160 60 R 17 69H TL,シングルディスク,ディスク,520,112,16,47,16,"SD-262, SD-262","SD-953, SD-953","VD-262JL, VD-262JL","VD-953JL, VD-953JL","ZD-262CT, ZD-262CT",,,,,,,03938,BM-08700,,KN-151,,,,,,03938_1.jpg
BMW,652cc,2009,,G650X moto,,,61217726563(YTZ10S),DR8EB,1,"2,180",907,"1,184",159,K15　モタード　ハイライン　ABS,/,,120 70 R 17 58H TL,160 60 R 17 69H TL,シングルディスク,ディスク,520,112,16,47,16,"SD-262, SD-262","SD-953, SD-953","VD-262JL, VD-262JL","VD-953JL, VD-953JL","ZD-262CT, ZD-262CT",,,,,,,03938,BM-08700,,KN-151,,,,,,03938_1.jpg
BMW,740cc,1985,,K75,,,61212346800(YT19BL-BS),D7EA,3,"2,220",900,"1,300",227,K569　ネイキッド　FI,/,,100 90 - 18 56H TL,120 90 - 18 56H TL,Wディスク,ドラム,ー,ー,ー,ー,,"SD-934, SD-934",,,,,,,,,,,02907,,,KN-163,,,,,,02907_1.jpg
BMW,740cc,1986,,K75,,,61212346800(YT19BL-BS),D7EA,3,"2,220",900,"1,300",227,K569　ネイキッド　FI,/,,100 90 - 18 56H TL,120 90 - 18 56H TL,Wディスク,ドラム,ー,ー,ー,ー,,"SD-934, SD-934",,,,,,,,,,,02907,,,KN-163,,,,,,02907_1.jpg
BMW,740cc,1987,,K75,,,61212346800(YT19BL-BS),D7EA,3,"2,220",900,"1,300",227,K569　ネイキッド　FI,/,,100 90 - 18 56H TL,120 90 - 18 56H TL,Wディスク,ドラム,ー,ー,ー,ー,,"SD-934, SD-934",,,,,,,,,,,02907,,,KN-163,,,,,,02907_1.jpg
BMW,740cc,1988,,K75,,,61212346800(YT19BL-BS),D7EA,3,"2,220",900,"1,300",227,K569　ネイキッド　FI,/,,100 90 - 18 56H TL,120 90 - 18 56H TL,Wディスク,ドラム,ー,ー,ー,ー,,"SD-934, SD-934",,,,,,,,,,,02907,,,KN-163,,,,,,02907_1.jpg
BMW,740cc,1989,,K75,,,61212346800(YT19BL-BS),D7EA,3,"2,220",900,"1,300",227,K569　ネイキッド　FI,/,,100 90 - 18 56H TL,120 90 - 18 56H TL,Wディスク,ドラム,ー,ー,ー,ー,,"SD-934, SD-934",,,,,,,,,,,02907,,,KN-163,,,,,,02907_1.jpg
BMW,740cc,1990,,K75,,,61212346800(YT19BL-BS),D7EA,3,"2,220",900,"1,300",227,K569　ネイキッド　FI,/,,100 90 - 18 56H TL,120 90 - 18 56H TL,Wディスク,ドラム,ー,ー,ー,ー,,"SD-934, SD-934",,,,,,,,,,,02907,,,KN-163,,,,,,02907_1.jpg
BMW,740cc,1991,,K75,,,61212346800(YT19BL-BS),D7EA,3,"2,220",900,"1,300",227,K569　ネイキッド　FI,/,,100 90 - 18 56H TL,120 90 - 18 56H TL,Wディスク,ドラム,ー,ー,ー,ー,,"SD-934, SD-934",,,,,,,,,,,02907,,,KN-163,,,,,,02907_1.jpg
BMW,740cc,1992,,K75,,,61212346800(YT19BL-BS),D7EA,3,"2,220",900,"1,300",227,K569　ネイキッド　FI,/,,100 90 - 18 56H TL,120 90 - 18 56H TL,Wディスク,ドラム,ー,ー,ー,ー,,"SD-934, SD-934",,,,,,,,,,,02907,,,KN-163,,,,,,02907_1.jpg
BMW,740cc,1993,,K75,,,61212346800(YT19BL-BS),D7EA,3,"2,220",900,"1,300",227,K569　ネイキッド　FI,/,,100 90 - 18 56H TL,120 90 - 18 56H TL,Wディスク,ドラム,ー,ー,ー,ー,,"SD-934, SD-934",,,,,,,,,,,02907,,,KN-163,,,,,,02907_1.jpg
BMW,740cc,1994,,K75,,,61212346800(YT19BL-BS),D7EA,3,"2,220",900,"1,300",227,K569　ネイキッド　FI,/,,100 90 - 18 56H TL,120 90 - 18 56H TL,Wディスク,ドラム,ー,ー,ー,ー,,"SD-934, SD-934",,,,,,,,,,,02907,,,KN-163,,,,,,02907_1.jpg
BMW,740cc,1995,,K75,,,61212346800(YT19BL-BS),D7EA,3,"2,220",900,"1,300",227,K569　ネイキッド　FI,/,,100 90 - 18 56H TL,120 90 - 18 56H TL,Wディスク,ドラム,ー,ー,ー,ー,,"SD-934, SD-934",,,,,,,,,,,02907,,,KN-163,,,,,,02907_1.jpg
BMW,740cc,1996,,K75,,,61212346800(YT19BL-BS),D7EA,3,"2,220",900,"1,300",227,K569　ネイキッド　FI,/,,100 90 - 18 56H TL,120 90 - 18 56H TL,Wディスク,ドラム,ー,ー,ー,ー,,"SD-934, SD-934",,,,,,,,,,,02907,,,KN-163,,,,,,02907_1.jpg
BMW,740cc,1985,,K75C,,,61212346800(YT19BL-BS),D7EA,3,"2,220",900,"1,300",227,K569　ミニカウル　FI,/,,100 90 - 18 56H TL,120 90 - 18 56H TL,Wディスク,ドラム,ー,ー,ー,ー,,"SD-907, SD-907",,"VD-907JL, VD-907JL",,,,,,,,,02908,,,KN-163,,,,,,02908_1.jpg
BMW,740cc,1986,,K75C,,,61212346800(YT19BL-BS),D7EA,3,"2,220",900,"1,300",227,K569　ミニカウル　FI,/,,100 90 - 18 56H TL,120 90 - 18 56H TL,Wディスク,ドラム,ー,ー,ー,ー,,"SD-907, SD-907",,"VD-907JL, VD-907JL",,,,,,,,,02908,,,KN-163,,,,,,02908_1.jpg
BMW,740cc,1987,,K75C,,,61212346800(YT19BL-BS),D7EA,3,"2,220",900,"1,300",227,K569　ミニカウル　FI,/,,100 90 - 18 56H TL,120 90 - 18 56H TL,Wディスク,ドラム,ー,ー,ー,ー,,"SD-907, SD-907",,"VD-907JL, VD-907JL",,,,,,,,,02908,,,KN-163,,,,,,02908_1.jpg
BMW,740cc,1988,,K75C,,,61212346800(YT19BL-BS),D7EA,3,"2,220",900,"1,300",227,K569　ミニカウル　FI,/,,100 90 - 18 56H TL,120 90 - 18 56H TL,Wディスク,ドラム,ー,ー,ー,ー,,"SD-907, SD-907",,"VD-907JL, VD-907JL",,,,,,,,,02908,,,KN-163,,,,,,02908_1.jpg
BMW,740cc,1989,,K75C,,,61212346800(YT19BL-BS),D7EA,3,"2,220",900,"1,300",227,K569　ミニカウル　FI,/,,100 90 - 18 56H TL,120 90 - 18 56H TL,Wディスク,ドラム,ー,ー,ー,ー,,"SD-907, SD-907",,"VD-907JL, VD-907JL",,,,,,,,,02908,,,KN-163,,,,,,02908_1.jpg
BMW,740cc,1990,,K75C,,,61212346800(YT19BL-BS),D7EA,3,"2,220",900,"1,300",227,K569　ミニカウル　FI,/,,100 90 - 18 56H TL,120 90 - 18 56H TL,Wディスク,ドラム,ー,ー,ー,ー,,"SD-907, SD-907",,"VD-907JL, VD-907JL",,,,,,,,,02908,,,KN-163,,,,,,02908_1.jpg
BMW,740cc,1991,,K75C,,,61212346800(YT19BL-BS),D7EA,3,"2,220",900,"1,300",227,K569　ミニカウル　FI,/,,100 90 - 18 56H TL,120 90 - 18 56H TL,Wディスク,ドラム,ー,ー,ー,ー,,"SD-907, SD-907",,"VD-907JL, VD-907JL",,,,,,,,,02908,,,KN-163,,,,,,02908_1.jpg
BMW,740cc,1989,,K75RT,,,61212346800(YT19BL-BS),D7EA,3,"2,230",916,"1,460",258,K569　大型カウル　FI,/,,100 90 - 18 V TL,130 90 - 17 V TL,Wディスク,ディスク,ー,ー,ー,ー,,"SD-934, SD-934","SD-907, SD-907",,"VD-907JL, VD-907JL",,,,,,,,02909,,,KN-163,,,,,,02909_1.jpg
BMW,740cc,1990,,K75RT,,,61212346800(YT19BL-BS),D7EA,3,"2,230",916,"1,460",258,K569　大型カウル　FI,/,,100 90 - 18 V TL,130 90 - 17 V TL,Wディスク,ディスク,ー,ー,ー,ー,,"SD-934, SD-934","SD-907, SD-907",,"VD-907JL, VD-907JL",,,,,,,,02909,,,KN-163,,,,,,02909_1.jpg
BMW,740cc,1991,,K75RT,,,61212346800(YT19BL-BS),D7EA,3,"2,230",916,"1,460",258,K569　大型カウル　FI,/,,100 90 - 18 V TL,130 90 - 17 V TL,Wディスク,ディスク,ー,ー,ー,ー,,"SD-934, SD-934","SD-907, SD-907",,"VD-907JL, VD-907JL",,,,,,,,02909,,,KN-163,,,,,,02909_1.jpg
BMW,740cc,1992,,K75RT,,,61212346800(YT19BL-BS),D7EA,3,"2,230",916,"1,460",258,K569　大型カウル　FI,/,,100 90 - 18 V TL,130 90 - 17 V TL,Wディスク,ディスク,ー,ー,ー,ー,,"SD-934, SD-934","SD-907, SD-907",,"VD-907JL, VD-907JL",,,,,,,,02909,,,KN-163,,,,,,02909_1.jpg
BMW,740cc,1993,,K75RT,,,61212346800(YT19BL-BS),D7EA,3,"2,230",916,"1,460",258,K569　大型カウル　FI,/,,100 90 - 18 V TL,130 90 - 17 V TL,Wディスク,ディスク,ー,ー,ー,ー,,"SD-934, SD-934","SD-907, SD-907",,"VD-907JL, VD-907JL",,,,,,,,02909,,,KN-163,,,,,,02909_1.jpg
BMW,740cc,1994,,K75RT,,,61212346800(YT19BL-BS),D7EA,3,"2,230",916,"1,460",258,K569　大型カウル　FI,/,,100 90 - 18 V TL,130 90 - 17 V TL,Wディスク,ディスク,ー,ー,ー,ー,,"SD-934, SD-934","SD-907, SD-907",,"VD-907JL, VD-907JL",,,,,,,,02909,,,KN-163,,,,,,02909_1.jpg
BMW,740cc,1995,,K75RT,,,61212346800(YT19BL-BS),D7EA,3,"2,230",916,"1,460",258,K569　大型カウル　FI,/,,100 90 - 18 V TL,130 90 - 17 V TL,Wディスク,ディスク,ー,ー,ー,ー,,"SD-934, SD-934","SD-907, SD-907",,"VD-907JL, VD-907JL",,,,,,,,02909,,,KN-163,,,,,,02909_1.jpg
BMW,740cc,1996,,K75RT,,,61212346800(YT19BL-BS),D7EA,3,"2,230",916,"1,460",258,K569　大型カウル　FI,/,,100 90 - 18 V TL,130 90 - 17 V TL,Wディスク,ディスク,ー,ー,ー,ー,,"SD-934, SD-934","SD-907, SD-907",,"VD-907JL, VD-907JL",,,,,,,,02909,,,KN-163,,,,,,02909_1.jpg
BMW,473.4cc,1978,,R45,,,61212346800(YT19BL-BS),BP6ES,2,0,0,0,0,,/,,3.25 - 18 S,4.00 - 18 S,シングルディスク,ドラム,ー,ー,ー,ー,,,,,,,,,,,,,02951,,,KN-161,,,,,,02951_1.jpg
BMW,473.4cc,1979,,R45,,,61212346800(YT19BL-BS),BP6ES,2,0,0,0,0,,/,,3.25 - 18 S,4.00 - 18 S,シングルディスク,ドラム,ー,ー,ー,ー,,,,,,,,,,,,,02951,,,KN-161,,,,,,02951_1.jpg
BMW,473.4cc,1980,,R45,,,61212346800(YT19BL-BS),BP6ES,2,0,0,0,0,,/,,3.25 - 18 S,4.00 - 18 S,シングルディスク,ドラム,ー,ー,ー,ー,,,,,,,,,,,,,02951,,,KN-161,,,,,,02951_1.jpg
BMW,473.4cc,1981,,R45,,,61212346800(YT19BL-BS),BP6ES,2,0,0,0,0,,/,,3.25 - 18 S,4.00 - 18 S,シングルディスク,ドラム,ー,ー,ー,ー,,,,,,,,,,,,,02951,,,KN-161,,,,,,02951_1.jpg
BMW,473.4cc,1982,,R45,,,61212346800(YT19BL-BS),BP6ES,2,0,0,0,0,,/,,3.25 - 18 S,4.00 - 18 S,シングルディスク,ドラム,ー,ー,ー,ー,,,,,,,,,,,,,02951,,,KN-161,,,,,,02951_1.jpg
BMW,473.4cc,1983,,R45,,,61212346800(YT19BL-BS),BP6ES,2,0,0,0,0,,/,,3.25 - 18 S,4.00 - 18 S,シングルディスク,ドラム,ー,ー,ー,ー,,,,,,,,,,,,,02951,,,KN-161,,,,,,02951_1.jpg
BMW,473.4cc,1984,,R45,,,61212346800(YT19BL-BS),BP6ES,2,0,0,0,0,,/,,3.25 - 18 S,4.00 - 18 S,シングルディスク,ドラム,ー,ー,ー,ー,,,,,,,,,,,,,02951,,,KN-161,,,,,,02951_1.jpg
BMW,473.4cc,1985,,R45,,,61212346800(YT19BL-BS),BP6ES,2,0,0,0,0,,/,,3.25 - 18 S,4.00 - 18 S,シングルディスク,ドラム,ー,ー,ー,ー,,,,,,,,,,,,,02951,,,KN-161,,,,,,02951_1.jpg
BMW,740cc,1985,,K75S,,,61212346800(YT19BL-BS),D7EA,3,"2,220",900,"1,340",235,K569　ハーフカウル　FI,/,,100 90 - 18 56V TL,130 90 - 17 68V TL,Wディスク,ディスク,ー,ー,ー,ー,,"SD-907, SD-934, SD-934, SD-907",,"VD-907JL, VD-907JL",,,,,,,,,02910,,,KN-163,,,,,,02910_1.jpg
BMW,740cc,1986,,K75S,,,61212346800(YT19BL-BS),D7EA,3,"2,220",900,"1,340",235,K569　ハーフカウル　FI,/,,100 90 - 18 56V TL,130 90 - 17 68V TL,Wディスク,ディスク,ー,ー,ー,ー,,"SD-907, SD-934, SD-934, SD-907",,"VD-907JL, VD-907JL",,,,,,,,,02910,,,KN-163,,,,,,02910_1.jpg
BMW,740cc,1987,,K75S,,,61212346800(YT19BL-BS),D7EA,3,"2,220",900,"1,340",235,K569　ハーフカウル　FI,/,,100 90 - 18 56V TL,130 90 - 17 68V TL,Wディスク,ディスク,ー,ー,ー,ー,,"SD-907, SD-934, SD-934, SD-907",,"VD-907JL, VD-907JL",,,,,,,,,02910,,,KN-163,,,,,,02910_1.jpg
BMW,740cc,1988,,K75S,,,61212346800(YT19BL-BS),D7EA,3,"2,220",900,"1,340",235,K569　ハーフカウル　FI,/,,100 90 - 18 56V TL,130 90 - 17 68V TL,Wディスク,ディスク,ー,ー,ー,ー,,"SD-907, SD-934, SD-934, SD-907",,"VD-907JL, VD-907JL",,,,,,,,,02910,,,KN-163,,,,,,02910_1.jpg
BMW,740cc,1989,,K75S,,,61212346800(YT19BL-BS),D7EA,3,"2,220",900,"1,340",235,K569　ハーフカウル　FI,/,,100 90 - 18 56V TL,130 90 - 17 68V TL,Wディスク,ディスク,ー,ー,ー,ー,,"SD-907, SD-934, SD-934, SD-907",,"VD-907JL, VD-907JL",,,,,,,,,02910,,,KN-163,,,,,,02910_1.jpg
BMW,740cc,1990,,K75S,,,61212346800(YT19BL-BS),D7EA,3,"2,220",900,"1,340",235,K569　ハーフカウル　FI,/,,100 90 - 18 56V TL,130 90 - 17 68V TL,Wディスク,ディスク,ー,ー,ー,ー,,"SD-907, SD-934, SD-934, SD-907",,"VD-907JL, VD-907JL",,,,,,,,,02910,,,KN-163,,,,,,02910_1.jpg
BMW,740cc,1991,,K75S,,,61212346800(YT19BL-BS),D7EA,3,"2,220",900,"1,340",235,K569　ハーフカウル　FI,/,,100 90 - 18 56V TL,130 90 - 17 68V TL,Wディスク,ディスク,ー,ー,ー,ー,,"SD-907, SD-934, SD-934, SD-907",,"VD-907JL, VD-907JL",,,,,,,,,02910,,,KN-163,,,,,,02910_1.jpg
BMW,740cc,1992,,K75S,,,61212346800(YT19BL-BS),D7EA,3,"2,220",900,"1,340",235,K569　ハーフカウル　FI,/,,100 90 - 18 56V TL,130 90 - 17 68V TL,Wディスク,ディスク,ー,ー,ー,ー,,"SD-907, SD-934, SD-934, SD-907",,"VD-907JL, VD-907JL",,,,,,,,,02910,,,KN-163,,,,,,02910_1.jpg
BMW,740cc,1993,,K75S,,,61212346800(YT19BL-BS),D7EA,3,"2,220",900,"1,340",235,K569　ハーフカウル　FI,/,,100 90 - 18 56V TL,130 90 - 17 68V TL,Wディスク,ディスク,ー,ー,ー,ー,,"SD-907, SD-934, SD-934, SD-907",,"VD-907JL, VD-907JL",,,,,,,,,02910,,,KN-163,,,,,,02910_1.jpg
BMW,740cc,1994,,K75S,,,61212346800(YT19BL-BS),D7EA,3,"2,220",900,"1,340",235,K569　ハーフカウル　FI,/,,100 90 - 18 56V TL,130 90 - 17 68V TL,Wディスク,ディスク,ー,ー,ー,ー,,"SD-907, SD-934, SD-934, SD-907",,"VD-907JL, VD-907JL",,,,,,,,,02910,,,KN-163,,,,,,02910_1.jpg
BMW,740cc,1995,,K75S,,,61212346800(YT19BL-BS),D7EA,3,"2,220",900,"1,340",235,K569　ハーフカウル　FI,/,,100 90 - 18 56V TL,130 90 - 17 68V TL,Wディスク,ディスク,ー,ー,ー,ー,,"SD-907, SD-934, SD-934, SD-907",,"VD-907JL, VD-907JL",,,,,,,,,02910,,,KN-163,,,,,,02910_1.jpg
BMW,649.6cc,1978,,R65,,,61212346800(YT19BL-BS),/,,"2,110",688,"1,090",205,,/,,3.25 - 18 S,4.00 - 18 S,シングルディスク,ドラム,/,/,/,/,,,,,,,,,,,,,02953,,,KN-161,,,,,,02953_1.jpg
BMW,649.6cc,1979,,R65,,,61212346800(YT19BL-BS),/,,"2,110",688,"1,090",205,,/,,3.25 - 18 S,4.00 - 18 S,シングルディスク,ドラム,/,/,/,/,,,,,,,,,,,,,02953,,,KN-161,,,,,,02953_1.jpg
BMW,649.6cc,1980,,R65,,,61212346800(YT19BL-BS),/,,"2,110",688,"1,090",205,,/,,3.25 - 18 S,4.00 - 18 S,シングルディスク,ドラム,/,/,/,/,,,,,,,,,,,,,02953,,,KN-161,,,,,,02953_1.jpg
BMW,649.6cc,1981,,R65,,,61212346800(YT19BL-BS),/,,"2,110",688,"1,090",205,,/,,3.25 - 18 S,4.00 - 18 S,シングルディスク,ドラム,/,/,/,/,,,,,,,,,,,,,02953,,,KN-161,,,,,,02953_1.jpg
BMW,649.6cc,1982,,R65,,,61212346800(YT19BL-BS),/,,"2,110",688,"1,090",205,,/,,3.25 - 18 S,4.00 - 18 S,シングルディスク,ドラム,/,/,/,/,,,,,,,,,,,,,02953,,,KN-161,,,,,,02953_1.jpg
BMW,649.6cc,1983,,R65,,,61212346800(YT19BL-BS),/,,"2,110",688,"1,090",205,,/,,3.25 - 18 S,4.00 - 18 S,シングルディスク,ドラム,/,/,/,/,,,,,,,,,,,,,02953,,,KN-161,,,,,,02953_1.jpg
BMW,649.6cc,1984,,R65,,,61212346800(YT19BL-BS),/,,"2,110",688,"1,090",205,,/,,3.25 - 18 S,4.00 - 18 S,シングルディスク,ドラム,/,/,/,/,,,,,,,,,,,,,02953,,,KN-161,,,,,,02953_1.jpg
BMW,649.6cc,1985,,R65,,,61212346800(YT19BL-BS),/,,"2,110",688,"1,090",205,,/,,3.25 - 18 S,4.00 - 18 S,シングルディスク,ドラム,/,/,/,/,,,,,,,,,,,,,02953,,,KN-161,,,,,,02953_1.jpg
BMW,649.6cc,1986,,R65/1,,,61212346800(YT19BL-BS),/,,0,0,0,0,,/,,,,シングルディスク,ドラム,/,/,/,/,,,,,,,,,,,,,02956,,,KN-161,,,,,,
BMW,649.6cc,1987,,R65/1,,,61212346800(YT19BL-BS),/,,0,0,0,0,,/,,,,シングルディスク,ドラム,/,/,/,/,,,,,,,,,,,,,02956,,,KN-161,,,,,,
BMW,649.6cc,1988,,R65/1,,,61212346800(YT19BL-BS),/,,0,0,0,0,,/,,,,シングルディスク,ドラム,/,/,/,/,,,,,,,,,,,,,02956,,,KN-161,,,,,,
BMW,649.6cc,1989,,R65/1,,,61212346800(YT19BL-BS),/,,0,0,0,0,,/,,,,シングルディスク,ドラム,/,/,/,/,,,,,,,,,,,,,02956,,,KN-161,,,,,,
BMW,649cc,1987,,R65GS,,,61212346800(YT19BL-BS),BP6ES,2,"2,230",810,"1,150",198,,/,,3.00 - 21 48R,4.00 - 18 64R,シングルディスク,ドラム,/,/,/,/,,,,,,,,,,,,,02954,,,KN-161,,,,,,02954_1.jpg
BMW,649cc,1988,,R65GS,,,61212346800(YT19BL-BS),BP6ES,2,"2,230",810,"1,150",198,,/,,3.00 - 21 48R,4.00 - 18 64R,シングルディスク,ドラム,/,/,/,/,,,,,,,,,,,,,02954,,,KN-161,,,,,,02954_1.jpg
BMW,649cc,1989,,R65GS,,,61212346800(YT19BL-BS),BP6ES,2,"2,230",810,"1,150",198,,/,,3.00 - 21 48R,4.00 - 18 64R,シングルディスク,ドラム,/,/,/,/,,,,,,,,,,,,,02954,,,KN-161,,,,,,02954_1.jpg
BMW,649cc,1990,,R65GS,,,61212346800(YT19BL-BS),BP6ES,2,"2,230",810,"1,150",198,,/,,3.00 - 21 48R,4.00 - 18 64R,シングルディスク,ドラム,/,/,/,/,,,,,,,,,,,,,02954,,,KN-161,,,,,,02954_1.jpg
BMW,649cc,1991,,R65GS,,,61212346800(YT19BL-BS),BP6ES,2,"2,230",810,"1,150",198,,/,,3.00 - 21 48R,4.00 - 18 64R,シングルディスク,ドラム,/,/,/,/,,,,,,,,,,,,,02954,,,KN-161,,,,,,02954_1.jpg
BMW,649cc,1992,,R65GS,,,61212346800(YT19BL-BS),BP6ES,2,"2,230",810,"1,150",198,,/,,3.00 - 21 48R,4.00 - 18 64R,シングルディスク,ドラム,/,/,/,/,,,,,,,,,,,,,02954,,,KN-161,,,,,,02954_1.jpg
BMW,649.6cc,1981,,R65LS,,,61212346800(YT19BL-BS),/,,"2,110",688,"1,080",207,,/,,3.25 - 18 S,4.00 - 18 S,Wディスク,ドラム,/,/,/,/,,,,,,,,,,,,,02955,,,KN-161,,,,,,02955_1.jpg
BMW,649.6cc,1982,,R65LS,,,61212346800(YT19BL-BS),/,,"2,110",688,"1,080",207,,/,,3.25 - 18 S,4.00 - 18 S,Wディスク,ドラム,/,/,/,/,,,,,,,,,,,,,02955,,,KN-161,,,,,,02955_1.jpg
BMW,649.6cc,1983,,R65LS,,,61212346800(YT19BL-BS),/,,"2,110",688,"1,080",207,,/,,3.25 - 18 S,4.00 - 18 S,Wディスク,ドラム,/,/,/,/,,,,,,,,,,,,,02955,,,KN-161,,,,,,02955_1.jpg
BMW,649.6cc,1984,,R65LS,,,61212346800(YT19BL-BS),/,,"2,110",688,"1,080",207,,/,,3.25 - 18 S,4.00 - 18 S,Wディスク,ドラム,/,/,/,/,,,,,,,,,,,,,02955,,,KN-161,,,,,,02955_1.jpg
BMW,649.6cc,1985,,R65LS,,,61212346800(YT19BL-BS),/,,"2,110",688,"1,080",207,,/,,3.25 - 18 S,4.00 - 18 S,Wディスク,ドラム,/,/,/,/,,,,,,,,,,,,,02955,,,KN-161,,,,,,02955_1.jpg
BMW,798cc,2008,,F650GS,,,61218394179 (ETX14-BS),DR8EB(-08)/DCPR8E(09-),2,"2,280",845,"1,240",199,K72　 [789cc]　エフロクツイン　ハイライン　ABS,2.7,,110 80 R 19 59H TL,140 80 R 17 69H TL,シングルディスク,ディスク,525,116,17,41,17,,,,,,,,,,,,03933,BM-08704,,KN-164,,,,,,03933_1.jpg
BMW,798cc,2009,,F650GS,,,61218394179 (ETX14-BS),DR8EB(-08)/DCPR8E(09-),2,"2,280",845,"1,240",199,K72　 [789cc]　エフロクツイン　ハイライン　ABS,2.7,,110 80 R 19 59H TL,140 80 R 17 69H TL,シングルディスク,ディスク,525,116,17,41,17,,,,,,,,,,,,03933,BM-08704,,KN-164,,,,,,03933_1.jpg
BMW,798cc,2010,,F650GS,,,61218394179 (ETX14-BS),DR8EB(-08)/DCPR8E(09-),2,"2,280",845,"1,240",199,K72　 [789cc]　エフロクツイン　ハイライン　ABS,2.7,,110 80 R 19 59H TL,140 80 R 17 69H TL,シングルディスク,ディスク,525,116,17,41,17,,,,,,,,,,,,03933,BM-08704,,KN-164,,,,,,03933_1.jpg
BMW,798cc,2011,,F650GS,,,61218394179 (ETX14-BS),DR8EB(-08)/DCPR8E(09-),2,"2,280",845,"1,240",199,K72　 [789cc]　エフロクツイン　ハイライン　ABS,2.7,,110 80 R 19 59H TL,140 80 R 17 69H TL,シングルディスク,ディスク,525,116,17,41,17,,,,,,,,,,,,03933,BM-08704,,KN-164,,,,,,03933_1.jpg
BMW,798cc,2012,,F650GS,,,61218394179 (ETX14-BS),DR8EB(-08)/DCPR8E(09-),2,"2,280",845,"1,240",199,K72　 [789cc]　エフロクツイン　ハイライン　ABS,2.7,,110 80 R 19 59H TL,140 80 R 17 69H TL,シングルディスク,ディスク,525,116,17,41,17,,,,,,,,,,,,03933,BM-08704,,KN-164,,,,,,03933_1.jpg
BMW,798cc,2008,,F650GS,,,61218394179 (ETX14-BS),DR8EB(-08)/DCPR8E(09-),2,"2,280",845,"1,240",199,K72 　[789cc]　エフロクツイン　アクティブライン,2.7,,110 80 R 19 59H TL,140 80 R 17 69H TL,シングルディスク,ディスク,525,116,17,41,17,,,,,,,,,,,,03709,BM-08704,,KN-164,,,,,,03709_1.jpg
BMW,798cc,2009,,F650GS,,,61218394179 (ETX14-BS),DR8EB(-08)/DCPR8E(09-),2,"2,280",845,"1,240",199,K72 　[789cc]　エフロクツイン　アクティブライン,2.7,,110 80 R 19 59H TL,140 80 R 17 69H TL,シングルディスク,ディスク,525,116,17,41,17,,,,,,,,,,,,03709,BM-08704,,KN-164,,,,,,03709_1.jpg
BMW,798cc,2010,,F650GS,,,61218394179 (ETX14-BS),DR8EB(-08)/DCPR8E(09-),2,"2,280",845,"1,240",199,K72 　[789cc]　エフロクツイン　アクティブライン,2.7,,110 80 R 19 59H TL,140 80 R 17 69H TL,シングルディスク,ディスク,525,116,17,41,17,,,,,,,,,,,,03709,BM-08704,,KN-164,,,,,,03709_1.jpg
BMW,798cc,2011,,F650GS,,,61218394179 (ETX14-BS),DR8EB(-08)/DCPR8E(09-),2,"2,280",845,"1,240",199,K72 　[789cc]　エフロクツイン　アクティブライン,2.7,,110 80 R 19 59H TL,140 80 R 17 69H TL,シングルディスク,ディスク,525,116,17,41,17,,,,,,,,,,,,03709,BM-08704,,KN-164,,,,,,03709_1.jpg
BMW,798cc,2012,,F650GS,,,61218394179 (ETX14-BS),DR8EB(-08)/DCPR8E(09-),2,"2,280",845,"1,240",199,K72 　[789cc]　エフロクツイン　アクティブライン,2.7,,110 80 R 19 59H TL,140 80 R 17 69H TL,シングルディスク,ディスク,525,116,17,41,17,,,,,,,,,,,,03709,BM-08704,,KN-164,,,,,,03709_1.jpg
BMW,798cc,2013,,F700GS,,,61218394179 (ETX14-BS),DCPR8E,2,"2,280",855,"1,343",209,K70,/,,110 80 - 19 59H TL,140 80 - 17 69H TL,Wディスク,ディスク,525,116,/,/,,,,,,,,,,,,,03576,BM-08703,,KN-160,,,,,,03576_1.jpg
BMW,798cc,2014,,F700GS,,,61218394179 (ETX14-BS),DCPR8E,2,"2,280",855,"1,343",209,K70,/,,110 80 - 19 59H TL,140 80 - 17 69H TL,Wディスク,ディスク,525,116,/,/,,,,,,,,,,,,,03576,BM-08703,,KN-160,,,,,,03576_1.jpg
BMW,798cc,2015,,F700GS,,,61218394179 (ETX14-BS),DCPR8E,2,"2,280",855,"1,343",209,K70,/,,110 80 - 19 59H TL,140 80 - 17 69H TL,Wディスク,ディスク,525,116,/,/,,,,,,,,,,,,,03576,BM-08703,,KN-160,,,,,,03576_1.jpg
BMW,798cc,2016,,F700GS,,,61218394179 (ETX14-BS),DCPR8E,2,"2,280",855,"1,343",209,K70,/,,110 80 - 19 59H TL,140 80 - 17 69H TL,Wディスク,ディスク,525,116,/,/,,,,,,,,,,,,,03576,BM-08703,,KN-160,,,,,,03576_1.jpg
BMW,798cc,2017,,F700GS,,,61218394179 (ETX14-BS),DCPR8E,2,"2,280",855,"1,343",209,K70,/,,110 80 - 19 59H TL,140 80 - 17 69H TL,Wディスク,ディスク,525,116,/,/,,,,,,,,,,,,,03576,BM-08703,,KN-160,,,,,,03576_1.jpg
BMW,798cc,2018,,F700GS,,,61218394179 (ETX14-BS),DCPR8E,2,"2,280",855,"1,343",209,K70,/,,110 80 - 19 59H TL,140 80 - 17 69H TL,Wディスク,ディスク,525,116,/,/,,,,,,,,,,,,,03576,BM-08703,,KN-160,,,,,,03576_1.jpg
BMW,853cc,2018,,F750GS,A24A08,,61218544472(ETX12),LMAR8J-9E,2,"2,270",850,"1,225",230,[853cc]　K80　ユーロ4　■ベース・STD・PremiumLine,/,,110 80 R 19 TL,150 70 R 17 TL,Wディスク,ディスク,525,122,17,44,17,"SD-958, SD-958","SD-953, SD-953","VD-958JL, VD-958JL","VD-953JL, VD-953JL",,,,,"67528, 67528",,,04526,BM-08703,,KN-160,,,,,,04526_1.jpg
BMW,853cc,2019,,F750GS,A24A08,,61218544472(ETX12),LMAR8J-9E,2,"2,270",850,"1,225",230,[853cc]　K80　ユーロ4　■ベース・STD・PremiumLine,/,,110 80 R 19 TL,150 70 R 17 TL,Wディスク,ディスク,525,122,17,44,17,"SD-958, SD-958","SD-953, SD-953","VD-958JL, VD-958JL","VD-953JL, VD-953JL",,,,,"67528, 67528",,,04526,BM-08703,,KN-160,,,,,,04526_1.jpg
BMW,853cc,2020,,F750GS,A24A08,,61218544472(ETX12),LMAR8J-9E,2,"2,270",850,"1,225",230,[853cc]　K80　ユーロ4　■ベース・STD・PremiumLine,/,,110 80 R 19 TL,150 70 R 17 TL,Wディスク,ディスク,525,122,17,44,17,"SD-958, SD-958","SD-953, SD-953","VD-958JL, VD-958JL","VD-953JL, VD-953JL",,,,,"67528, 67528",,,04526,BM-08703,,KN-160,,,,,,04526_1.jpg
BMW,853cc,2021,,F750GS,A24A08B,,61218544472(ETX12),LMAR9J-9E,2,"2,255",922,"1,225",227,[853cc]　K80　■STD・PremiumLine(ユーロ4)・40YearsGS Edition(ユーロ5),/,,110 80 R 19 TL,150 70 R 17 TL,Wディスク,ディスク,525,122,17,44,17,"SD-958, SD-958","SD-953, SD-953","VD-958JL, VD-958JL","VD-953JL, VD-953JL",,,,,"67528, 67528",,,04728,,,,,,,,,04728_1.jpg
BMW,853cc,2022,,F750GS,A24A08B,,61218544472(ETX12),LMAR9J-9E,2,"2,255",922,"1,225",227,[853cc]　K80　■STD・PremiumLine(ユーロ4)・40YearsGS Edition(ユーロ5),/,,110 80 R 19 TL,150 70 R 17 TL,Wディスク,ディスク,525,122,17,44,17,"SD-958, SD-958","SD-953, SD-953","VD-958JL, VD-958JL","VD-953JL, VD-953JL",,,,,"67528, 67528",,,04728,,,,,,,,,04728_1.jpg
BMW,853cc,2023,,F750GS,A24A08B,,61218544472(ETX12),LMAR9J-9E,2,"2,255",922,"1,225",227,[853cc]　K80　■STD・PremiumLine(ユーロ4)・40YearsGS Edition(ユーロ5),/,,110 80 R 19 TL,150 70 R 17 TL,Wディスク,ディスク,525,122,17,44,17,"SD-958, SD-958","SD-953, SD-953","VD-958JL, VD-958JL","VD-953JL, VD-953JL",,,,,"67528, 67528",,,04728,,,,,,,,,04728_1.jpg
BMW,798cc,2009,,F800GS,,,61218394179 (ETX14-BS),DCPR8E,2,"2,320",870,"1,350",207,K72,2.7,,90 90 - 21 54V WT,150 70 - 17 69V WT,Wディスク,ディスク,525,116,16,42,16,"SD-958, SD-958","SD-953, SD-953","VD-958JL, VD-958JL","VD-953JL, VD-953JL",,,,,"67528, 67528",,,02875,BM-08703,,KN-160,,,,,,02875_1.jpg
BMW,798cc,2010,,F800GS,,,61218394179 (ETX14-BS),DCPR8E,2,"2,320",870,"1,350",207,K72,2.7,,90 90 - 21 54V WT,150 70 - 17 69V WT,Wディスク,ディスク,525,116,16,42,16,"SD-958, SD-958","SD-953, SD-953","VD-958JL, VD-958JL","VD-953JL, VD-953JL",,,,,"67528, 67528",,,02875,BM-08703,,KN-160,,,,,,02875_1.jpg
BMW,798cc,2011,,F800GS,,,61218394179 (ETX14-BS),DCPR8E,2,"2,320",870,"1,350",207,K72,2.7,,90 90 - 21 54V WT,150 70 - 17 69V WT,Wディスク,ディスク,525,116,16,42,16,"SD-958, SD-958","SD-953, SD-953","VD-958JL, VD-958JL","VD-953JL, VD-953JL",,,,,"67528, 67528",,,02875,BM-08703,,KN-160,,,,,,02875_1.jpg
BMW,798cc,2012,,F800GS,,,61218394179 (ETX14-BS),DCPR8E,2,"2,320",870,"1,350",207,K72,2.7,,90 90 - 21 54V WT,150 70 - 17 69V WT,Wディスク,ディスク,525,116,16,42,16,"SD-958, SD-958","SD-953, SD-953","VD-958JL, VD-958JL","VD-953JL, VD-953JL",,,,,"67528, 67528",,,02875,BM-08703,,KN-160,,,,,,02875_1.jpg
BMW,798cc,2013,,F800GS,,,61218394179 (ETX14-BS),DCPR8E,2,"2,300",890,"1,345",214,K72　ABS,2.7,,90 90 - 21 54V WT,150 70 - 17 69V WT,Wディスク,ディスク,525,116,/,/,,"SD-958, SD-958","SD-953, SD-953","VD-958JL, VD-958JL","VD-953JL, VD-953JL",,,,,"67528, 67528",,,03574,BM-08703,,,,,KN-164,KN-160,,03574_1.jpg
BMW,798cc,2014,,F800GS,,,61218394179 (ETX14-BS),DCPR8E,2,"2,300",890,"1,345",214,K72　ABS,2.7,,90 90 - 21 54V WT,150 70 - 17 69V WT,Wディスク,ディスク,525,116,/,/,,"SD-958, SD-958","SD-953, SD-953","VD-958JL, VD-958JL","VD-953JL, VD-953JL",,,,,"67528, 67528",,,03574,BM-08703,,,,,KN-164,KN-160,,03574_1.jpg
BMW,798cc,2015,,F800GS,,,61218394179 (ETX14-BS),DCPR8E,2,"2,300",890,"1,345",214,K72　ABS,2.7,,90 90 - 21 54V WT,150 70 - 17 69V WT,Wディスク,ディスク,525,116,/,/,,"SD-958, SD-958","SD-953, SD-953","VD-958JL, VD-958JL","VD-953JL, VD-953JL",,,,,"67528, 67528",,,03574,BM-08703,,,,,KN-164,KN-160,,03574_1.jpg
BMW,798cc,2016,,F800GS,,,61218394179 (ETX14-BS),DCPR8E,2,"2,300",890,"1,345",214,K72　ABS,2.7,,90 90 - 21 54V WT,150 70 - 17 69V WT,Wディスク,ディスク,525,116,/,/,,"SD-958, SD-958","SD-953, SD-953","VD-958JL, VD-958JL","VD-953JL, VD-953JL",,,,,"67528, 67528",,,03574,BM-08703,,,,,KN-164,KN-160,,03574_1.jpg
BMW,798cc,2017,,F800GS,,,61218394179 (ETX14-BS),DCPR8E,2,"2,300",890,"1,345",214,K72　ABS,2.7,,90 90 - 21 54V WT,150 70 - 17 69V WT,Wディスク,ディスク,525,116,/,/,,"SD-958, SD-958","SD-953, SD-953","VD-958JL, VD-958JL","VD-953JL, VD-953JL",,,,,"67528, 67528",,,03574,BM-08703,,,,,KN-164,KN-160,,03574_1.jpg
BMW,798cc,2018,,F800GS,,,61218394179 (ETX14-BS),DCPR8E,2,"2,300",890,"1,345",214,K72　ABS,2.7,,90 90 - 21 54V WT,150 70 - 17 69V WT,Wディスク,ディスク,525,116,/,/,,"SD-958, SD-958","SD-953, SD-953","VD-958JL, VD-958JL","VD-953JL, VD-953JL",,,,,"67528, 67528",,,03574,BM-08703,,,,,KN-164,KN-160,,03574_1.jpg
BMW,894cc,2024,,F800GS,A24A09B,,/,LMAR9J-9E,2,"2,265",910,"1,230",238,(894cc)　K80　EURO5　タイヤサイズ変更　新型エンジン,/,,110 80 R 19,150 70 R 17,Wディスク,ディスク,/,/,17,44,17,"SD-958, SD-958","SD-953, SD-953","VD-958JL, VD-958JL","VD-953JL, VD-953JL",,,,,"67528, 67528",,,05198,BM-08703,,,,,,,,05198_1.jpg
BMW,894cc,2025,,F800GS,A24A09B,,/,LMAR9J-9E,2,"2,265",910,"1,230",238,(894cc)　K80　EURO5　タイヤサイズ変更　新型エンジン,/,,110 80 R 19,150 70 R 17,Wディスク,ディスク,/,/,17,44,17,"SD-958, SD-958","SD-953, SD-953","VD-958JL, VD-958JL","VD-953JL, VD-953JL",,,,,"67528, 67528",,,05198,BM-08703,,,,,,,,05198_1.jpg
BMW,798cc,2013,,F800GS ADVENTURE,,,61218394179 (ETX14-BS),DCPR8E,2,"2,300",925,"1,450",229,K75,2.7,,90 90 - 21 54V WT,150 70 - 17 69V WT,Wディスク,ディスク,525,116,/,/,,"SD-958, SD-958","SD-953, SD-953","VD-958JL, VD-958JL","VD-953JL, VD-953JL",,,,,"67528, 67528",,,03912,BM-08703,,,,,KN-164,KN-160,,03912_1.jpg
BMW,798cc,2014,,F800GS ADVENTURE,,,61218394179 (ETX14-BS),DCPR8E,2,"2,300",925,"1,450",229,K75,2.7,,90 90 - 21 54V WT,150 70 - 17 69V WT,Wディスク,ディスク,525,116,/,/,,"SD-958, SD-958","SD-953, SD-953","VD-958JL, VD-958JL","VD-953JL, VD-953JL",,,,,"67528, 67528",,,03912,BM-08703,,,,,KN-164,KN-160,,03912_1.jpg
BMW,798cc,2015,,F800GS ADVENTURE,,,61218394179 (ETX14-BS),DCPR8E,2,"2,300",925,"1,450",229,K75,2.7,,90 90 - 21 54V WT,150 70 - 17 69V WT,Wディスク,ディスク,525,116,/,/,,"SD-958, SD-958","SD-953, SD-953","VD-958JL, VD-958JL","VD-953JL, VD-953JL",,,,,"67528, 67528",,,03912,BM-08703,,,,,KN-164,KN-160,,03912_1.jpg
BMW,798cc,2016,,F800GS ADVENTURE,,,61218394179 (ETX14-BS),DCPR8E,2,"2,300",925,"1,450",229,K75,2.7,,90 90 - 21 54V WT,150 70 - 17 69V WT,Wディスク,ディスク,525,116,/,/,,"SD-958, SD-958","SD-953, SD-953","VD-958JL, VD-958JL","VD-953JL, VD-953JL",,,,,"67528, 67528",,,03912,BM-08703,,,,,KN-164,KN-160,,03912_1.jpg
BMW,798cc,2017,,F800GS ADVENTURE,,,61218394179 (ETX14-BS),DCPR8E,2,"2,300",925,"1,450",229,K75,2.7,,90 90 - 21 54V WT,150 70 - 17 69V WT,Wディスク,ディスク,525,116,/,/,,"SD-958, SD-958","SD-953, SD-953","VD-958JL, VD-958JL","VD-953JL, VD-953JL",,,,,"67528, 67528",,,03912,BM-08703,,,,,KN-164,KN-160,,03912_1.jpg
BMW,798cc,2018,,F800GS ADVENTURE,,,61218394179 (ETX14-BS),DCPR8E,2,"2,300",925,"1,450",229,K75,2.7,,90 90 - 21 54V WT,150 70 - 17 69V WT,Wディスク,ディスク,525,116,/,/,,"SD-958, SD-958","SD-953, SD-953","VD-958JL, VD-958JL","VD-953JL, VD-953JL",,,,,"67528, 67528",,,03912,BM-08703,,,,,KN-164,KN-160,,03912_1.jpg
BMW,798cc,2013,,F800GT,,,61218394179 (ETX14-BS),DCPR8E,2,"2,156",905,"1,250",213,K71　F800STの後継,2.7,,120 70 ZR 17 58W TL,180 55 ZR 17 73W TL,Wディスク,ディスク,ー,ー,ー,ー,,"SD-262, SD-262","SD-953, SD-953","VD-262JL, VD-262JL","VD-953JL, VD-953JL","ZD-262CT, ZD-262CT",,,"67359, 67359","67528, 67528","72429, 72429",,03575,BM-08703,BM-08704,KN-160,,,,,,03575_1.jpg
BMW,798cc,2014,,F800GT,,,61218394179 (ETX14-BS),DCPR8E,2,"2,156",905,"1,250",213,K71　F800STの後継,2.7,,120 70 ZR 17 58W TL,180 55 ZR 17 73W TL,Wディスク,ディスク,ー,ー,ー,ー,,"SD-262, SD-262","SD-953, SD-953","VD-262JL, VD-262JL","VD-953JL, VD-953JL","ZD-262CT, ZD-262CT",,,"67359, 67359","67528, 67528","72429, 72429",,03575,BM-08703,BM-08704,KN-160,,,,,,03575_1.jpg
BMW,798cc,2015,,F800GT,,,61218394179 (ETX14-BS),DCPR8E,2,"2,156",905,"1,250",213,K71　F800STの後継,2.7,,120 70 ZR 17 58W TL,180 55 ZR 17 73W TL,Wディスク,ディスク,ー,ー,ー,ー,,"SD-262, SD-262","SD-953, SD-953","VD-262JL, VD-262JL","VD-953JL, VD-953JL","ZD-262CT, ZD-262CT",,,"67359, 67359","67528, 67528","72429, 72429",,03575,BM-08703,BM-08704,KN-160,,,,,,03575_1.jpg
BMW,798cc,2016,,F800GT,,,61218394179 (ETX14-BS),DCPR8E,2,"2,156",905,"1,250",213,K71　F800STの後継,2.7,,120 70 ZR 17 58W TL,180 55 ZR 17 73W TL,Wディスク,ディスク,ー,ー,ー,ー,,"SD-262, SD-262","SD-953, SD-953","VD-262JL, VD-262JL","VD-953JL, VD-953JL","ZD-262CT, ZD-262CT",,,"67359, 67359","67528, 67528","72429, 72429",,03575,BM-08703,BM-08704,KN-160,,,,,,03575_1.jpg
BMW,798cc,2017,,F800GT,,,61218394179 (ETX14-BS),DCPR8E,2,"2,156",905,"1,250",213,K71　F800STの後継,2.7,,120 70 ZR 17 58W TL,180 55 ZR 17 73W TL,Wディスク,ディスク,ー,ー,ー,ー,,"SD-262, SD-262","SD-953, SD-953","VD-262JL, VD-262JL","VD-953JL, VD-953JL","ZD-262CT, ZD-262CT",,,"67359, 67359","67528, 67528","72429, 72429",,03575,BM-08703,BM-08704,KN-160,,,,,,03575_1.jpg
BMW,798cc,2018,,F800GT,,,61218394179 (ETX14-BS),DCPR8E,2,"2,156",905,"1,250",213,K71　F800STの後継,2.7,,120 70 ZR 17 58W TL,180 55 ZR 17 73W TL,Wディスク,ディスク,ー,ー,ー,ー,,"SD-262, SD-262","SD-953, SD-953","VD-262JL, VD-262JL","VD-953JL, VD-953JL","ZD-262CT, ZD-262CT",,,"67359, 67359","67528, 67528","72429, 72429",,03575,BM-08703,BM-08704,KN-160,,,,,,03575_1.jpg
BMW,798cc,2009,,F800R,,,61218394179 (ETX14-BS),DCPR8E,2,"2,145",905,"1,150",199,K73　ABS　異型2灯ヘッド,2.7,,120 70 ZR 17 58W TL,180 55 ZR 17 73W TL,Wディスク,ディスク,525,120,20,47,20,"SD-262, SD-262","SD-953, SD-953","VD-262JL, VD-262JL","VD-953JL, VD-953JL","ZD-262CT, ZD-262CT",,,,,,,02876,BM-08704,,,KN-164,KN-160,,,,02876_1.jpg
BMW,798cc,2010,,F800R,,,61218394179 (ETX14-BS),DCPR8E,2,"2,145",905,"1,150",199,K73　ABS　異型2灯ヘッド,2.7,,120 70 ZR 17 58W TL,180 55 ZR 17 73W TL,Wディスク,ディスク,525,120,20,47,20,"SD-262, SD-262","SD-953, SD-953","VD-262JL, VD-262JL","VD-953JL, VD-953JL","ZD-262CT, ZD-262CT",,,,,,,02876,BM-08704,,,KN-164,KN-160,,,,02876_1.jpg
BMW,798cc,2011,,F800R,,,61218394179 (ETX14-BS),DCPR8E,2,"2,145",905,"1,150",199,K73　ABS　異型2灯ヘッド,2.7,,120 70 ZR 17 58W TL,180 55 ZR 17 73W TL,Wディスク,ディスク,525,120,20,47,20,"SD-262, SD-262","SD-953, SD-953","VD-262JL, VD-262JL","VD-953JL, VD-953JL","ZD-262CT, ZD-262CT",,,,,,,02876,BM-08704,,,KN-164,KN-160,,,,02876_1.jpg
BMW,798cc,2012,,F800R,,,61218394179 (ETX14-BS),DCPR8E,2,"2,145",905,"1,150",199,K73　ABS　異型2灯ヘッド,2.7,,120 70 ZR 17 58W TL,180 55 ZR 17 73W TL,Wディスク,ディスク,525,120,20,47,20,"SD-262, SD-262","SD-953, SD-953","VD-262JL, VD-262JL","VD-953JL, VD-953JL","ZD-262CT, ZD-262CT",,,,,,,02876,BM-08704,,,KN-164,KN-160,,,,02876_1.jpg
BMW,798cc,2013,,F800R,,,61218394179 (ETX14-BS),DCPR8E,2,"2,145",905,"1,150",199,K73　ABS　異型2灯ヘッド,2.7,,120 70 ZR 17 58W TL,180 55 ZR 17 73W TL,Wディスク,ディスク,525,120,20,47,20,"SD-262, SD-262","SD-953, SD-953","VD-262JL, VD-262JL","VD-953JL, VD-953JL","ZD-262CT, ZD-262CT",,,,,,,02876,BM-08704,,,KN-164,KN-160,,,,02876_1.jpg
BMW,798cc,2014,,F800R,,,61218394179 (ETX14-BS),DCPR8E,2,"2,145",905,"1,150",199,K73　ABS　異型2灯ヘッド,2.7,,120 70 ZR 17 58W TL,180 55 ZR 17 73W TL,Wディスク,ディスク,525,120,20,47,20,"SD-262, SD-262","SD-953, SD-953","VD-262JL, VD-262JL","VD-953JL, VD-953JL","ZD-262CT, ZD-262CT",,,,,,,02876,BM-08704,,,KN-164,KN-160,,,,02876_1.jpg
BMW,798cc,2015,,F800R,,,61218394179 (ETX14-BS),DCPR8E,2,"2,145",860,"1,235",202,K73　ABS,2.7,,120 70 ZR 17 58W TL,180 55 ZR 17 73W TL,Wディスク,ディスク,525,120,/,/,,"SD-9070, SD-9070","SD-953, SD-953","VD-9070JL, VD-9070JL","VD-953JL, VD-953JL","ZD-9070CT, ZD-9070CT",,,,"67528, 67528",,,03913,BM-08703,BM-08704,KN-160,,,,,,03913_1.jpg
BMW,798cc,2016,,F800R,,,61218394179 (ETX14-BS),DCPR8E,2,"2,145",860,"1,235",202,K73　ABS,2.7,,120 70 ZR 17 58W TL,180 55 ZR 17 73W TL,Wディスク,ディスク,525,120,/,/,,"SD-9070, SD-9070","SD-953, SD-953","VD-9070JL, VD-9070JL","VD-953JL, VD-953JL","ZD-9070CT, ZD-9070CT",,,,"67528, 67528",,,03913,BM-08703,BM-08704,KN-160,,,,,,03913_1.jpg
BMW,798cc,2017,,F800R,,,61218394179 (ETX14-BS),DCPR8E,2,"2,145",860,"1,235",202,K73　ABS,2.7,,120 70 ZR 17 58W TL,180 55 ZR 17 73W TL,Wディスク,ディスク,525,120,/,/,,"SD-9070, SD-9070","SD-953, SD-953","VD-9070JL, VD-9070JL","VD-953JL, VD-953JL","ZD-9070CT, ZD-9070CT",,,,"67528, 67528",,,03913,BM-08703,BM-08704,KN-160,,,,,,03913_1.jpg
BMW,798cc,2018,,F800R,,,61218394179 (ETX14-BS),DCPR8E,2,"2,145",860,"1,235",202,K73　ABS,2.7,,120 70 ZR 17 58W TL,180 55 ZR 17 73W TL,Wディスク,ディスク,525,120,/,/,,"SD-9070, SD-9070","SD-953, SD-953","VD-9070JL, VD-9070JL","VD-953JL, VD-953JL","ZD-9070CT, ZD-9070CT",,,,"67528, 67528",,,03913,BM-08703,BM-08704,KN-160,,,,,,03913_1.jpg
BMW,798cc,2006,,F800S,,,61218394179 (ETX14-BS),DCPR8E,2,"2,082",860,"1,155",204,K71　ハイライン(ABS)　ロードスポーツ　ABS、グリップヒーター装備,2.7,,120 70 ZR 17 58W TL,180 55 ZR 17 73W TL,Wディスク,ディスク,ー,ー,ー,ー,,"SD-262, SD-262","SD-953, SD-953","VD-262JL, VD-262JL","VD-953JL, VD-953JL","ZD-262CT, ZD-262CT",,,,,,,03914,BM-08704,,KN-164,,,,,,03914_1.jpg
BMW,798cc,2007,,F800S,,,61218394179 (ETX14-BS),DCPR8E,2,"2,082",860,"1,155",204,K71　ハイライン(ABS)　ロードスポーツ　ABS、グリップヒーター装備,2.7,,120 70 ZR 17 58W TL,180 55 ZR 17 73W TL,Wディスク,ディスク,ー,ー,ー,ー,,"SD-262, SD-262","SD-953, SD-953","VD-262JL, VD-262JL","VD-953JL, VD-953JL","ZD-262CT, ZD-262CT",,,,,,,03914,BM-08704,,KN-164,,,,,,03914_1.jpg
BMW,798cc,2008,,F800S,,,61218394179 (ETX14-BS),DCPR8E,2,"2,082",860,"1,155",204,K71　ハイライン(ABS)　ロードスポーツ　ABS、グリップヒーター装備,2.7,,120 70 ZR 17 58W TL,180 55 ZR 17 73W TL,Wディスク,ディスク,ー,ー,ー,ー,,"SD-262, SD-262","SD-953, SD-953","VD-262JL, VD-262JL","VD-953JL, VD-953JL","ZD-262CT, ZD-262CT",,,,,,,03914,BM-08704,,KN-164,,,,,,03914_1.jpg
BMW,798cc,2006,,F800S,,,61218394179 (ETX14-BS),DCPR8E,2,"2,080",735,"1,155",204,K71　アクティブライン(ベースモデル)　ロードスポーツ　ハーフフェアリング、セパハン,2.7,,120 70 ZR 17 58W TL,180 55 ZR 17 73W TL,Wディスク,ディスク,ー,ー,ー,ー,,"SD-262, SD-262","SD-953, SD-953","VD-262JL, VD-262JL","VD-953JL, VD-953JL","ZD-262CT, ZD-262CT",,,,,,,02877,BM-08704,,KN-164,,,,,,02877_1.jpg
BMW,798cc,2007,,F800S,,,61218394179 (ETX14-BS),DCPR8E,2,"2,080",735,"1,155",204,K71　アクティブライン(ベースモデル)　ロードスポーツ　ハーフフェアリング、セパハン,2.7,,120 70 ZR 17 58W TL,180 55 ZR 17 73W TL,Wディスク,ディスク,ー,ー,ー,ー,,"SD-262, SD-262","SD-953, SD-953","VD-262JL, VD-262JL","VD-953JL, VD-953JL","ZD-262CT, ZD-262CT",,,,,,,02877,BM-08704,,KN-164,,,,,,02877_1.jpg
BMW,798cc,2008,,F800S,,,61218394179 (ETX14-BS),DCPR8E,2,"2,080",735,"1,155",204,K71　アクティブライン(ベースモデル)　ロードスポーツ　ハーフフェアリング、セパハン,2.7,,120 70 ZR 17 58W TL,180 55 ZR 17 73W TL,Wディスク,ディスク,ー,ー,ー,ー,,"SD-262, SD-262","SD-953, SD-953","VD-262JL, VD-262JL","VD-953JL, VD-953JL","ZD-262CT, ZD-262CT",,,,,,,02877,BM-08704,,KN-164,,,,,,02877_1.jpg
BMW,798cc,2009,,F800S,,,61218394179 (ETX14-BS),DCPR8E,2,"2,082",860,"1,155",204,K71　ハイライン(ABS)　ロードスポーツ　ABS、グリップヒーター装備　LEDフラッシャ,2.7,,120 70 ZR 17 58W TL,180 55 ZR 17 73W TL,Wディスク,ディスク,ー,ー,ー,ー,,"SD-262, SD-262","SD-953, SD-953","VD-262JL, VD-262JL","VD-953JL, VD-953JL","ZD-262CT, ZD-262CT",,,,,,,03916,BM-08704,,KN-164,,,,,,
BMW,798cc,2010,,F800S,,,61218394179 (ETX14-BS),DCPR8E,2,"2,082",860,"1,155",204,K71　ハイライン(ABS)　ロードスポーツ　ABS、グリップヒーター装備　LEDフラッシャ,2.7,,120 70 ZR 17 58W TL,180 55 ZR 17 73W TL,Wディスク,ディスク,ー,ー,ー,ー,,"SD-262, SD-262","SD-953, SD-953","VD-262JL, VD-262JL","VD-953JL, VD-953JL","ZD-262CT, ZD-262CT",,,,,,,03916,BM-08704,,KN-164,,,,,,
BMW,798cc,2011,,F800S,,,61218394179 (ETX14-BS),DCPR8E,2,"2,082",860,"1,155",204,K71　ハイライン(ABS)　ロードスポーツ　ABS、グリップヒーター装備　LEDフラッシャ,2.7,,120 70 ZR 17 58W TL,180 55 ZR 17 73W TL,Wディスク,ディスク,ー,ー,ー,ー,,"SD-262, SD-262","SD-953, SD-953","VD-262JL, VD-262JL","VD-953JL, VD-953JL","ZD-262CT, ZD-262CT",,,,,,,03916,BM-08704,,KN-164,,,,,,
BMW,798cc,2009,,F800S,,,61218394179 (ETX14-BS),DCPR8E,2,"2,080",735,"1,155",204,K71　アクティブライン(ベースモデル)　ロードスポーツ　ハーフフェアリング、セパハン　LEDフラッシャ,2.7,,120 70 ZR 17 58W TL,180 55 ZR 17 73W TL,Wディスク,ディスク,ー,ー,ー,ー,,"SD-262, SD-262","SD-953, SD-953","VD-262JL, VD-262JL","VD-953JL, VD-953JL","ZD-262CT, ZD-262CT",,,,,,,03915,BM-08704,,KN-164,,,,,,
BMW,798cc,2010,,F800S,,,61218394179 (ETX14-BS),DCPR8E,2,"2,080",735,"1,155",204,K71　アクティブライン(ベースモデル)　ロードスポーツ　ハーフフェアリング、セパハン　LEDフラッシャ,2.7,,120 70 ZR 17 58W TL,180 55 ZR 17 73W TL,Wディスク,ディスク,ー,ー,ー,ー,,"SD-262, SD-262","SD-953, SD-953","VD-262JL, VD-262JL","VD-953JL, VD-953JL","ZD-262CT, ZD-262CT",,,,,,,03915,BM-08704,,KN-164,,,,,,
BMW,798cc,2011,,F800S,,,61218394179 (ETX14-BS),DCPR8E,2,"2,080",735,"1,155",204,K71　アクティブライン(ベースモデル)　ロードスポーツ　ハーフフェアリング、セパハン　LEDフラッシャ,2.7,,120 70 ZR 17 58W TL,180 55 ZR 17 73W TL,Wディスク,ディスク,ー,ー,ー,ー,,"SD-262, SD-262","SD-953, SD-953","VD-262JL, VD-262JL","VD-953JL, VD-953JL","ZD-262CT, ZD-262CT",,,,,,,03915,BM-08704,,KN-164,,,,,,
BMW,798cc,2006,,F800ST,,,61218394179 (ETX14-BS),DCPR8E,2,"2,195",860,"1,225",204,K71　アクティブライン(ベースモデル)　ツーリング仕様　サイドカウル,2.7,,120 70 ZR 17 58W TL,180 55 ZR 17 73W TL,Wディスク,ディスク,ー,ー,ー,ー,,"SD-262, SD-262","SD-953, SD-953","VD-262JL, VD-262JL","VD-953JL, VD-953JL","ZD-262CT, ZD-262CT",,,,,,,02878,BM-08704,,KN-164,,,,,,02878_1.jpg
BMW,798cc,2007,,F800ST,,,61218394179 (ETX14-BS),DCPR8E,2,"2,195",860,"1,225",204,K71　アクティブライン(ベースモデル)　ツーリング仕様　サイドカウル,2.7,,120 70 ZR 17 58W TL,180 55 ZR 17 73W TL,Wディスク,ディスク,ー,ー,ー,ー,,"SD-262, SD-262","SD-953, SD-953","VD-262JL, VD-262JL","VD-953JL, VD-953JL","ZD-262CT, ZD-262CT",,,,,,,02878,BM-08704,,KN-164,,,,,,02878_1.jpg
BMW,798cc,2008,,F800ST,,,61218394179 (ETX14-BS),DCPR8E,2,"2,195",860,"1,225",204,K71　アクティブライン(ベースモデル)　ツーリング仕様　サイドカウル,2.7,,120 70 ZR 17 58W TL,180 55 ZR 17 73W TL,Wディスク,ディスク,ー,ー,ー,ー,,"SD-262, SD-262","SD-953, SD-953","VD-262JL, VD-262JL","VD-953JL, VD-953JL","ZD-262CT, ZD-262CT",,,,,,,02878,BM-08704,,KN-164,,,,,,02878_1.jpg
BMW,798cc,2006,,F800ST,,,61218394179 (ETX14-BS),DCPR8E,2,"2,195",860,"1,225",204,K71　ハイライン(ABS)　ツーリング仕様　ABS、グリップヒーター装備,2.7,,120 70 ZR 17 58W TL,180 55 ZR 17 73W TL,Wディスク,ディスク,ー,ー,ー,ー,,"SD-262, SD-262","SD-953, SD-953","VD-262JL, VD-262JL","VD-953JL, VD-953JL","ZD-262CT, ZD-262CT",,,,,,,03917,BM-08704,,KN-164,,,,,,03917_1.jpg
BMW,798cc,2007,,F800ST,,,61218394179 (ETX14-BS),DCPR8E,2,"2,195",860,"1,225",204,K71　ハイライン(ABS)　ツーリング仕様　ABS、グリップヒーター装備,2.7,,120 70 ZR 17 58W TL,180 55 ZR 17 73W TL,Wディスク,ディスク,ー,ー,ー,ー,,"SD-262, SD-262","SD-953, SD-953","VD-262JL, VD-262JL","VD-953JL, VD-953JL","ZD-262CT, ZD-262CT",,,,,,,03917,BM-08704,,KN-164,,,,,,03917_1.jpg
BMW,798cc,2008,,F800ST,,,61218394179 (ETX14-BS),DCPR8E,2,"2,195",860,"1,225",204,K71　ハイライン(ABS)　ツーリング仕様　ABS、グリップヒーター装備,2.7,,120 70 ZR 17 58W TL,180 55 ZR 17 73W TL,Wディスク,ディスク,ー,ー,ー,ー,,"SD-262, SD-262","SD-953, SD-953","VD-262JL, VD-262JL","VD-953JL, VD-953JL","ZD-262CT, ZD-262CT",,,,,,,03917,BM-08704,,KN-164,,,,,,03917_1.jpg
BMW,798cc,2009,,F800ST,,,61218394179 (ETX14-BS),DCPR8E,2,"2,195",860,"1,225",204,K71　ハイライン(ABS)　ツーリング仕様　ABS、グリップヒーター装備　LEDフラッシャ,2.7,,120 70 ZR 17 58W TL,180 55 ZR 17 73W TL,Wディスク,ディスク,ー,ー,ー,ー,,"SD-262, SD-262","SD-953, SD-953","VD-262JL, VD-262JL","VD-953JL, VD-953JL","ZD-262CT, ZD-262CT",,,,,,,03919,BM-08704,,KN-164,,,,,,03919_1.jpg
BMW,798cc,2010,,F800ST,,,61218394179 (ETX14-BS),DCPR8E,2,"2,195",860,"1,225",204,K71　ハイライン(ABS)　ツーリング仕様　ABS、グリップヒーター装備　LEDフラッシャ,2.7,,120 70 ZR 17 58W TL,180 55 ZR 17 73W TL,Wディスク,ディスク,ー,ー,ー,ー,,"SD-262, SD-262","SD-953, SD-953","VD-262JL, VD-262JL","VD-953JL, VD-953JL","ZD-262CT, ZD-262CT",,,,,,,03919,BM-08704,,KN-164,,,,,,03919_1.jpg
BMW,798cc,2011,,F800ST,,,61218394179 (ETX14-BS),DCPR8E,2,"2,195",860,"1,225",204,K71　ハイライン(ABS)　ツーリング仕様　ABS、グリップヒーター装備　LEDフラッシャ,2.7,,120 70 ZR 17 58W TL,180 55 ZR 17 73W TL,Wディスク,ディスク,ー,ー,ー,ー,,"SD-262, SD-262","SD-953, SD-953","VD-262JL, VD-262JL","VD-953JL, VD-953JL","ZD-262CT, ZD-262CT",,,,,,,03919,BM-08704,,KN-164,,,,,,03919_1.jpg
BMW,798cc,2012,,F800ST,,,61218394179 (ETX14-BS),DCPR8E,2,"2,195",860,"1,225",204,K71　ハイライン(ABS)　ツーリング仕様　ABS、グリップヒーター装備　LEDフラッシャ,2.7,,120 70 ZR 17 58W TL,180 55 ZR 17 73W TL,Wディスク,ディスク,ー,ー,ー,ー,,"SD-262, SD-262","SD-953, SD-953","VD-262JL, VD-262JL","VD-953JL, VD-953JL","ZD-262CT, ZD-262CT",,,,,,,03919,BM-08704,,KN-164,,,,,,03919_1.jpg
BMW,798cc,2009,,F800ST,,,61218394179 (ETX14-BS),DCPR8E,2,"2,195",860,"1,225",204,K71　アクティブライン(ベースモデル)　ツーリング仕様　LEDフラッシャ,2.7,,120 70 ZR 17 58W TL,180 55 ZR 17 73W TL,Wディスク,ディスク,ー,ー,ー,ー,,"SD-262, SD-262","SD-953, SD-953","VD-262JL, VD-262JL","VD-953JL, VD-953JL","ZD-262CT, ZD-262CT",,,,,,,03918,BM-08704,,KN-164,,,,,,03918_1.jpg
BMW,798cc,2010,,F800ST,,,61218394179 (ETX14-BS),DCPR8E,2,"2,195",860,"1,225",204,K71　アクティブライン(ベースモデル)　ツーリング仕様　LEDフラッシャ,2.7,,120 70 ZR 17 58W TL,180 55 ZR 17 73W TL,Wディスク,ディスク,ー,ー,ー,ー,,"SD-262, SD-262","SD-953, SD-953","VD-262JL, VD-262JL","VD-953JL, VD-953JL","ZD-262CT, ZD-262CT",,,,,,,03918,BM-08704,,KN-164,,,,,,03918_1.jpg
BMW,798cc,2011,,F800ST,,,61218394179 (ETX14-BS),DCPR8E,2,"2,195",860,"1,225",204,K71　アクティブライン(ベースモデル)　ツーリング仕様　LEDフラッシャ,2.7,,120 70 ZR 17 58W TL,180 55 ZR 17 73W TL,Wディスク,ディスク,ー,ー,ー,ー,,"SD-262, SD-262","SD-953, SD-953","VD-262JL, VD-262JL","VD-953JL, VD-953JL","ZD-262CT, ZD-262CT",,,,,,,03918,BM-08704,,KN-164,,,,,,03918_1.jpg
BMW,798cc,2012,,F800ST,,,61218394179 (ETX14-BS),DCPR8E,2,"2,195",860,"1,225",204,K71　アクティブライン(ベースモデル)　ツーリング仕様　LEDフラッシャ,2.7,,120 70 ZR 17 58W TL,180 55 ZR 17 73W TL,Wディスク,ディスク,ー,ー,ー,ー,,"SD-262, SD-262","SD-953, SD-953","VD-262JL, VD-262JL","VD-953JL, VD-953JL","ZD-262CT, ZD-262CT",,,,,,,03918,BM-08704,,KN-164,,,,,,03918_1.jpg
BMW,853cc,2018,,F850GS,A24A08,,61218544472(ETX12),LMAR8J-9E,2,"2,310",880,"1,350",236,K81　ユーロ4　■ベース・STD・PremiumLine,/,,90 90 - 21 TL,150 70 R 17 TL,Wディスク,ディスク,525,122,17,44,17,"SD-958, SD-958","SD-953, SD-953","VD-958JL, VD-958JL","VD-953JL, VD-953JL",,,,,"67528, 67528",,,04527,BM-08703,,KN-160,,,,,,04527_1.jpg
BMW,853cc,2019,,F850GS,A24A08,,61218544472(ETX12),LMAR8J-9E,2,"2,310",880,"1,350",236,K81　ユーロ4　■ベース・STD・PremiumLine,/,,90 90 - 21 TL,150 70 R 17 TL,Wディスク,ディスク,525,122,17,44,17,"SD-958, SD-958","SD-953, SD-953","VD-958JL, VD-958JL","VD-953JL, VD-953JL",,,,,"67528, 67528",,,04527,BM-08703,,KN-160,,,,,,04527_1.jpg
BMW,853cc,2020,,F850GS,A24A08,,61218544472(ETX12),LMAR8J-9E,2,"2,310",880,"1,350",236,K81　ユーロ4　■ベース・STD・PremiumLine,/,,90 90 - 21 TL,150 70 R 17 TL,Wディスク,ディスク,525,122,17,44,17,"SD-958, SD-958","SD-953, SD-953","VD-958JL, VD-958JL","VD-953JL, VD-953JL",,,,,"67528, 67528",,,04527,BM-08703,,KN-160,,,,,,04527_1.jpg
BMW,853cc,2021,,F850GS,A24A08A,,61218544472(ETX12),LMAR8J-9E,2,"2,305",992,"1,365",229,K81　■STD・PremiumLine(ユーロ4)・40YearsGS Edition(ユーロ5),/,,90 90 - 21 TL,150 70 R 17 TL,Wディスク,ディスク,525,122,17,44,17,"SD-958, SD-958","SD-953, SD-953","VD-958JL, VD-958JL","VD-953JL, VD-953JL",,,,,"67528, 67528",,,04742,BM-08703,,,,,,,,04742_1.jpg
BMW,853cc,2022,,F850GS,A24A08A,,61218544472(ETX12),LMAR8J-9E,2,"2,305",992,"1,365",229,K81　■STD・PremiumLine(ユーロ4)・40YearsGS Edition(ユーロ5),/,,90 90 - 21 TL,150 70 R 17 TL,Wディスク,ディスク,525,122,17,44,17,"SD-958, SD-958","SD-953, SD-953","VD-958JL, VD-958JL","VD-953JL, VD-953JL",,,,,"67528, 67528",,,04742,BM-08703,,,,,,,,04742_1.jpg
BMW,853cc,2023,,F850GS,A24A08A,,61218544472(ETX12),LMAR8J-9E,2,"2,305",992,"1,365",229,K81　■STD・PremiumLine(ユーロ4)・40YearsGS Edition(ユーロ5),/,,90 90 - 21 TL,150 70 R 17 TL,Wディスク,ディスク,525,122,17,44,17,"SD-958, SD-958","SD-953, SD-953","VD-958JL, VD-958JL","VD-953JL, VD-953JL",,,,,"67528, 67528",,,04742,BM-08703,,,,,,,,04742_1.jpg
BMW,853cc,2019,,F850GS ADVENTURE,A24A08A,,61218544472(ETX12),LMAR8J-9E,2,"2,310",950,"1,460",256,K82　ユーロ4,/,,90 90 - 21 TL,150 70 R 17 TL,Wディスク,ディスク,525,122,17,44,17,"SD-958, SD-958","SD-953, SD-953","VD-958JL, VD-958JL","VD-953JL, VD-953JL",,,,,"67528, 67528",,,04528,BM-08703,,KN-160,,,,,,04528_1.jpg
BMW,853cc,2020,,F850GS ADVENTURE,A24A08A,,61218544472(ETX12),LMAR8J-9E,2,"2,310",950,"1,460",256,K82　ユーロ4,/,,90 90 - 21 TL,150 70 R 17 TL,Wディスク,ディスク,525,122,17,44,17,"SD-958, SD-958","SD-953, SD-953","VD-958JL, VD-958JL","VD-953JL, VD-953JL",,,,,"67528, 67528",,,04528,BM-08703,,KN-160,,,,,,04528_1.jpg
BMW,853cc,2021,,F850GS ADVENTURE,A24A08A,,61218544472(ETX12),LMAR8J-9E,2,"2,310",950,"1,460",256,K82　ユーロ5　■STD・40YearsGS Edition,/,,90 90 - 21 TL,150 70 R 17 TL,Wディスク,ディスク,525,122,17,44,17,"SD-958, SD-958","SD-953, SD-953","VD-958JL, VD-958JL","VD-953JL, VD-953JL",,,,,"67528, 67528",,,04744,BM-08703,,,,,,,,04744_1.jpg
BMW,853cc,2022,,F850GS ADVENTURE,A24A08A,,61218544472(ETX12),LMAR8J-9E,2,"2,310",950,"1,460",256,K82　ユーロ5　■STD・40YearsGS Edition,/,,90 90 - 21 TL,150 70 R 17 TL,Wディスク,ディスク,525,122,17,44,17,"SD-958, SD-958","SD-953, SD-953","VD-958JL, VD-958JL","VD-953JL, VD-953JL",,,,,"67528, 67528",,,04744,BM-08703,,,,,,,,04744_1.jpg
BMW,853cc,2023,,F850GS ADVENTURE,A24A08A,,61218544472(ETX12),LMAR8J-9E,2,"2,310",950,"1,460",256,K82　ユーロ5　■STD・40YearsGS Edition,/,,90 90 - 21 TL,150 70 R 17 TL,Wディスク,ディスク,525,122,17,44,17,"SD-958, SD-958","SD-953, SD-953","VD-958JL, VD-958JL","VD-953JL, VD-953JL",,,,,"67528, 67528",,,04744,BM-08703,,,,,,,,04744_1.jpg
BMW,894cc,2024,,F900GS,A24A09B,,/,LMAR9J-9E,2,"2,270",945,"1,395",224,K81,/,,90 90 R 21,150 70 R 17,Wディスク,ディスク,/,122,17,47,17,,,,,,,,,,,,05199,BM-08703,,,,,,,,05199_1.jpg
BMW,894cc,2025,,F900GS,A24A09B,,/,LMAR9J-9E,2,"2,270",945,"1,395",224,K81,/,,90 90 R 21,150 70 R 17,Wディスク,ディスク,/,122,17,47,17,,,,,,,,,,,,05199,BM-08703,,,,,,,,05199_1.jpg
BMW,894cc,2026,,F900GS,A24A09B,,/,LMAR9J-9E,2,"2,270",945,"1,395",224,K81,/,,90 90 R 21,150 70 R 17,Wディスク,ディスク,/,122,17,47,17,,,,,,,,,,,,05199,BM-08703,,,,,,,,05199_1.jpg
BMW,894cc,2020,,F900R,,,61218544472(ETX12),LMAR8J-9E(-22/6)/LMAR9J-9E(22/6-),2,"2,140",815,"1,135",215,K83　STD・StylSport　ネイキッドロードスター,/,,120 70 ZR 17 TL,180 55 ZR 17 TL,Wディスク,ディスク,525,122,17,44,17,"SD-9070, SD-9070","SD-953, SD-953","VD-9070JL, VD-9070JL","VD-953JL, VD-953JL",,,,,"67528, 67528",,,04523,,,,,,,,,04523_1.jpg
BMW,894cc,2021,,F900R,,,61218544472(ETX12),LMAR8J-9E(-22/6)/LMAR9J-9E(22/6-),2,"2,140",815,"1,135",215,K83　STD・StylSport　ネイキッドロードスター,/,,120 70 ZR 17 TL,180 55 ZR 17 TL,Wディスク,ディスク,525,122,17,44,17,"SD-9070, SD-9070","SD-953, SD-953","VD-9070JL, VD-9070JL","VD-953JL, VD-953JL",,,,,"67528, 67528",,,04523,,,,,,,,,04523_1.jpg
BMW,894cc,2022,,F900R,,,61218544472(ETX12),LMAR8J-9E(-22/6)/LMAR9J-9E(22/6-),2,"2,140",815,"1,135",215,K83　STD・StylSport　ネイキッドロードスター,/,,120 70 ZR 17 TL,180 55 ZR 17 TL,Wディスク,ディスク,525,122,17,44,17,"SD-9070, SD-9070","SD-953, SD-953","VD-9070JL, VD-9070JL","VD-953JL, VD-953JL",,,,,"67528, 67528",,,04523,,,,,,,,,04523_1.jpg
BMW,894cc,2023,,F900R,,,61218544472(ETX12),LMAR8J-9E(-22/6)/LMAR9J-9E(22/6-),2,"2,140",815,"1,135",215,K83　STD・StylSport　ネイキッドロードスター,/,,120 70 ZR 17 TL,180 55 ZR 17 TL,Wディスク,ディスク,525,122,17,44,17,"SD-9070, SD-9070","SD-953, SD-953","VD-9070JL, VD-9070JL","VD-953JL, VD-953JL",,,,,"67528, 67528",,,04523,,,,,,,,,04523_1.jpg
BMW,894cc,2024,,F900R,,,61218544472(ETX12),LMAR8J-9E(-22/6)/LMAR9J-9E(22/6-),2,"2,140",815,"1,135",215,K83　STD・StylSport　ネイキッドロードスター,/,,120 70 ZR 17 TL,180 55 ZR 17 TL,Wディスク,ディスク,525,122,17,44,17,"SD-9070, SD-9070","SD-953, SD-953","VD-9070JL, VD-9070JL","VD-953JL, VD-953JL",,,,,"67528, 67528",,,04523,,,,,,,,,04523_1.jpg
BMW,894cc,2025,,F900R,,,61218544472(ETX12),LMAR8J-9E(-22/6)/LMAR9J-9E(22/6-),2,"2,140",815,"1,135",215,K83　STD・StylSport　ネイキッドロードスター,/,,120 70 ZR 17 TL,180 55 ZR 17 TL,Wディスク,ディスク,525,122,17,44,17,"SD-9070, SD-9070","SD-953, SD-953","VD-9070JL, VD-9070JL","VD-953JL, VD-953JL",,,,,"67528, 67528",,,04523,,,,,,,,,04523_1.jpg
BMW,894cc,2026,,F900R,,,61218544472(ETX12),LMAR8J-9E(-22/6)/LMAR9J-9E(22/6-),2,"2,140",815,"1,135",215,K83　STD・StylSport　ネイキッドロードスター,/,,120 70 ZR 17 TL,180 55 ZR 17 TL,Wディスク,ディスク,525,122,17,44,17,"SD-9070, SD-9070","SD-953, SD-953","VD-9070JL, VD-9070JL","VD-953JL, VD-953JL",,,,,"67528, 67528",,,04523,,,,,,,,,04523_1.jpg
BMW,895cc,2020,,F900XR,A24A09A,,61218544472(ETX12),LMAR8J-9E(-22/6)/LMAR9J-9E(22/6-),2,"2,150",860,"1,420",223,K84　Base・StyleExclusive・StylSpor（ショートスクリン）　アドベンチャースポーツツアラー,/,,120 70 ZR 17 TL,180 55 ZR 17 TL,Wディスク,ディスク,525,122,17,44,17,"SD-9070, SD-9070","SD-953, SD-953","VD-9070JL, VD-9070JL","VD-953JL, VD-953JL",,,,,"67528, 67528",,,04529,BM-08704,,,,,,,,04529_1.jpg
BMW,895cc,2021,,F900XR,A24A09A,,61218544472(ETX12),LMAR8J-9E(-22/6)/LMAR9J-9E(22/6-),2,"2,150",860,"1,420",223,K84　Base・StyleExclusive・StylSpor（ショートスクリン）　アドベンチャースポーツツアラー,/,,120 70 ZR 17 TL,180 55 ZR 17 TL,Wディスク,ディスク,525,122,17,44,17,"SD-9070, SD-9070","SD-953, SD-953","VD-9070JL, VD-9070JL","VD-953JL, VD-953JL",,,,,"67528, 67528",,,04529,BM-08704,,,,,,,,04529_1.jpg
BMW,895cc,2022,,F900XR,A24A09A,,61218544472(ETX12),LMAR8J-9E(-22/6)/LMAR9J-9E(22/6-),2,"2,150",860,"1,420",223,K84　Base・StyleExclusive・StylSpor（ショートスクリン）　アドベンチャースポーツツアラー,/,,120 70 ZR 17 TL,180 55 ZR 17 TL,Wディスク,ディスク,525,122,17,44,17,"SD-9070, SD-9070","SD-953, SD-953","VD-9070JL, VD-9070JL","VD-953JL, VD-953JL",,,,,"67528, 67528",,,04529,BM-08704,,,,,,,,04529_1.jpg
BMW,895cc,2023,,F900XR,A24A09A,,61218544472(ETX12),LMAR8J-9E(-22/6)/LMAR9J-9E(22/6-),2,"2,150",860,"1,420",223,K84　Base・StyleExclusive・StylSpor（ショートスクリン）　アドベンチャースポーツツアラー,/,,120 70 ZR 17 TL,180 55 ZR 17 TL,Wディスク,ディスク,525,122,17,44,17,"SD-9070, SD-9070","SD-953, SD-953","VD-9070JL, VD-9070JL","VD-953JL, VD-953JL",,,,,"67528, 67528",,,04529,BM-08704,,,,,,,,04529_1.jpg
BMW,895cc,2024,,F900XR,A24A09A,,61218544472(ETX12),LMAR8J-9E(-22/6)/LMAR9J-9E(22/6-),2,"2,150",860,"1,420",223,K84　Base・StyleExclusive・StylSpor（ショートスクリン）　アドベンチャースポーツツアラー,/,,120 70 ZR 17 TL,180 55 ZR 17 TL,Wディスク,ディスク,525,122,17,44,17,"SD-9070, SD-9070","SD-953, SD-953","VD-9070JL, VD-9070JL","VD-953JL, VD-953JL",,,,,"67528, 67528",,,04529,BM-08704,,,,,,,,04529_1.jpg
BMW,895cc,2025,,F900XR,A24A09A,,61218544472(ETX12),LMAR8J-9E(-22/6)/LMAR9J-9E(22/6-),2,"2,150",860,"1,420",223,K84　Base・StyleExclusive・StylSpor（ショートスクリン）　アドベンチャースポーツツアラー,/,,120 70 ZR 17 TL,180 55 ZR 17 TL,Wディスク,ディスク,525,122,17,44,17,"SD-9070, SD-9070","SD-953, SD-953","VD-9070JL, VD-9070JL","VD-953JL, VD-953JL",,,,,"67528, 67528",,,04529,BM-08704,,,,,,,,04529_1.jpg
BMW,999cc,2013,,HP4,,,ETZ10-BS（YTZ10S互換）YTZ7Sの場合あり,LMAR9D-J,4,"2,056",826,"1,120",199,K42　レースABS  S1000RRベース,3.5,,120 70 ZR 17 TL,200 55 ZR 17 TL,Wディスク,ディスク,525,120,17,45,17,"SD-9031, SD-9031","SD-953, SD-953","VD-9031JL, VD-9031JL","VD-953JL, VD-953JL","ZD-9031CT, ZD-9031CT",,,,"67528, 67528",,,03571,BM-08703,,KN-160,,,,,,03571_1.jpg
BMW,999cc,2023,,M1000R,A10A10C,,61218531108(ETX9),LMAR9FI-10G,4,"2,085",850,"1,110",200,KM3　STD・Mコンペティションパッケージ,/,,120 70 ZR 17 TL,200 55 ZR 17 TL,Wディスク,ディスク,525,122,17,47,17,"SD-192, SD-192","SD-436, SD-436","VD-192JL, VD-192JL","VD-436JL, VD-436JL",,,,,"66688, 66688",,"72440, 72440",05129,,,,,,,,,05129_1.jpg
BMW,999cc,2024,,M1000R,A10A10C,,61218531108(ETX9),LMAR9FI-10G,4,"2,085",850,"1,110",200,KM3　STD・Mコンペティションパッケージ,/,,120 70 ZR 17 TL,200 55 ZR 17 TL,Wディスク,ディスク,525,122,17,47,17,"SD-192, SD-192","SD-436, SD-436","VD-192JL, VD-192JL","VD-436JL, VD-436JL",,,,,"66688, 66688",,"72440, 72440",05129,,,,,,,,,05129_1.jpg
BMW,999cc,2025,,M1000R,A10A10C,,61218531108(ETX9),LMAR9FI-10G,4,"2,085",850,"1,110",200,KM3　STD・Mコンペティションパッケージ,/,,120 70 ZR 17 TL,200 55 ZR 17 TL,Wディスク,ディスク,525,122,17,47,17,"SD-192, SD-192","SD-436, SD-436","VD-192JL, VD-192JL","VD-436JL, VD-436JL",,,,,"66688, 66688",,"72440, 72440",05129,,,,,,,,,05129_1.jpg
BMW,999cc,2024,,M1000XR,A10A10C,,,LMAR9FI-10G,4,"2,170",850,"1,382",223,KM9　STD・Mコンペティションパッケージ　EU5+,/,,120 70 ZR 17 TL,200 55 ZR 17 TL,Wディスク,ディスク,525,/,17,47,17,,,,,,,,,,,,05191,,,,,,,,,05191_1.jpg
BMW,999cc,2025,,M1000XR,A10A10C,,,LMAR9FI-10G,4,"2,170",850,"1,382",223,KM9　STD・Mコンペティションパッケージ　EU5+,/,,120 70 ZR 17 TL,200 55 ZR 17 TL,Wディスク,ディスク,525,/,17,47,17,,,,,,,,,,,,05191,,,,,,,,,05191_1.jpg
BMW,999cc,2026,,M1000XR,A10A10C,,,LMAR9FI-10G,4,"2,170",850,"1,382",223,KM9　STD・Mコンペティションパッケージ　EU5+,/,,120 70 ZR 17 TL,200 55 ZR 17 TL,Wディスク,ディスク,525,/,17,47,17,,,,,,,,,,,,05191,,,,,,,,,05191_1.jpg
BMW,999cc,2021,,M1000RR,A12A10A,,,LMAR9FI-10G,4,"2,075",740,"1,205",192,K66　ABS・ABS PRO　STD・Mコンペティションパッケージ,,,120 70 ZR 17 TL,200 55 ZR 17 TL,Wディスク,ディスク,525,122,17,46,17,"SD-192, SD-192","SD-436, SD-436","VD-192JL, VD-192JL","VD-436JL, VD-436JL",,,,,"66688, 66688",,"72440, 72440",04919,,,,,,,,,04919_1.jpg
BMW,999cc,2022,,M1000RR,A12A10A,,,LMAR9FI-10G,4,"2,075",740,"1,205",192,K66　ABS・ABS PRO　STD・Mコンペティションパッケージ,,,120 70 ZR 17 TL,200 55 ZR 17 TL,Wディスク,ディスク,525,122,17,46,17,"SD-192, SD-192","SD-436, SD-436","VD-192JL, VD-192JL","VD-436JL, VD-436JL",,,,,"66688, 66688",,"72440, 72440",04919,,,,,,,,,04919_1.jpg
BMW,999cc,2023,,M1000RR,A12A10A,,,LMAR9FI-10G,4,"2,075",740,"1,205",192,K66　ABS・ABS PRO　STD・Mコンペティションパッケージ,,,120 70 ZR 17 TL,200 55 ZR 17 TL,Wディスク,ディスク,525,122,17,46,17,"SD-192, SD-192","SD-436, SD-436","VD-192JL, VD-192JL","VD-436JL, VD-436JL",,,,,"66688, 66688",,"72440, 72440",04919,,,,,,,,,04919_1.jpg
BMW,999cc,2024,,M1000RR,A12A10A,,,LMAR9FI-10G,4,"2,075",740,"1,205",192,K66　ABS・ABS PRO　STD・Mコンペティションパッケージ,,,120 70 ZR 17 TL,200 55 ZR 17 TL,Wディスク,ディスク,525,122,17,46,17,"SD-192, SD-192","SD-436, SD-436","VD-192JL, VD-192JL","VD-436JL, VD-436JL",,,,,"66688, 66688",,"72440, 72440",04919,,,,,,,,,04919_1.jpg
BMW,999cc,2025,,M1000RR,A12A10A,,,LMAR9FI-10G,4,"2,075",740,"1,205",192,K66　ABS・ABS PRO　STD・Mコンペティションパッケージ,,,120 70 ZR 17 TL,200 55 ZR 17 TL,Wディスク,ディスク,525,122,17,46,17,"SD-192, SD-192","SD-436, SD-436","VD-192JL, VD-192JL","VD-436JL, VD-436JL",,,,,"66688, 66688",,"72440, 72440",04919,,,,,,,,,04919_1.jpg
BMW,848cc,1998,,R850C,,,61212346800(YT19BL-BS),/,,0,0,0,0,259C,/,,,,Wディスク,ディスク,/,/,/,/,,"SD-984, SD-984",,"VD-984JL, VD-984JL",,,,,,,,,02966,,,KN-163,,,,,,
BMW,848cc,1999,,R850C,,,61212346800(YT19BL-BS),/,,0,0,0,0,259C,/,,,,Wディスク,ディスク,/,/,/,/,,"SD-984, SD-984",,"VD-984JL, VD-984JL",,,,,,,,,02966,,,KN-163,,,,,,
BMW,848cc,2000,,R850C,,,61212346800(YT19BL-BS),/,,0,0,0,0,259C,/,,,,Wディスク,ディスク,/,/,/,/,,"SD-984, SD-984",,"VD-984JL, VD-984JL",,,,,,,,,02966,,,KN-163,,,,,,
BMW,848cc,2001,,R850C,,,61212346800(YT19BL-BS),/,,0,0,0,0,259C,/,,,,Wディスク,ディスク,/,/,/,/,,"SD-984, SD-984",,"VD-984JL, VD-984JL",,,,,,,,,02966,,,KN-163,,,,,,
BMW,848cc,1996,,R850GS,,,61212346800(YT19BL-BS),BKR7EKC,2,"2,196",920,"1,366",243,259,/,,110 80 R 19 59H TL,150 70 R 17 69H TL,Wディスク,ディスク,/,/,/,/,,"SD-984, SD-984",,"VD-984JL, VD-984JL",,,,,,,,,02967,,,KN-163,,,,,,02967_1.jpg
BMW,848cc,1997,,R850GS,,,61212346800(YT19BL-BS),BKR7EKC,2,"2,196",920,"1,366",243,259,/,,110 80 R 19 59H TL,150 70 R 17 69H TL,Wディスク,ディスク,/,/,/,/,,"SD-984, SD-984",,"VD-984JL, VD-984JL",,,,,,,,,02967,,,KN-163,,,,,,02967_1.jpg
BMW,848cc,1998,,R850GS,,,61212346800(YT19BL-BS),BKR7EKC,2,"2,196",920,"1,366",243,259,/,,110 80 R 19 59H TL,150 70 R 17 69H TL,Wディスク,ディスク,/,/,/,/,,"SD-984, SD-984",,"VD-984JL, VD-984JL",,,,,,,,,02967,,,KN-163,,,,,,02967_1.jpg
BMW,848cc,1999,,R850GS,,,61212346800(YT19BL-BS),BKR7EKC,2,"2,196",920,"1,366",243,259,/,,110 80 R 19 59H TL,150 70 R 17 69H TL,Wディスク,ディスク,/,/,/,/,,"SD-984, SD-984",,"VD-984JL, VD-984JL",,,,,,,,,02967,,,KN-163,,,,,,02967_1.jpg
BMW,848cc,2000,,R850GS,,,61212346800(YT19BL-BS),BKR7EKC,2,"2,196",920,"1,366",243,259,/,,110 80 R 19 59H TL,150 70 R 17 69H TL,Wディスク,ディスク,/,/,/,/,,"SD-984, SD-984",,"VD-984JL, VD-984JL",,,,,,,,,02967,,,KN-163,,,,,,02967_1.jpg
BMW,848cc,2001,,R850GS,,,61212346800(YT19BL-BS),BKR7EKC,2,"2,196",920,"1,366",243,259,/,,110 80 R 19 59H TL,150 70 R 17 69H TL,Wディスク,ディスク,/,/,/,/,,"SD-984, SD-984",,"VD-984JL, VD-984JL",,,,,,,,,02967,,,KN-163,,,,,,02967_1.jpg
BMW,848cc,1994,,R850R ROADSTER,,,61212346800(YT19BL-BS),BKR7EKC,2,"2,170",940,"1,220",218,259R,/,,120 70 ZR 17 58W TL,160 60 ZR 18 70W TL,Wディスク,ディスク,/,/,/,/,,,,,,,,,,,,,02968,,,KN-163,,,,,,02968_1.jpg
BMW,848cc,1995,,R850R ROADSTER,,,61212346800(YT19BL-BS),BKR7EKC,2,"2,170",940,"1,220",218,259R,/,,120 70 ZR 17 58W TL,160 60 ZR 18 70W TL,Wディスク,ディスク,/,/,/,/,,,,,,,,,,,,,02968,,,KN-163,,,,,,02968_1.jpg
BMW,848cc,1996,,R850R ROADSTER,,,61212346800(YT19BL-BS),BKR7EKC,2,"2,170",940,"1,220",218,259R,/,,120 70 ZR 17 58W TL,160 60 ZR 18 70W TL,Wディスク,ディスク,/,/,/,/,,,,,,,,,,,,,02968,,,KN-163,,,,,,02968_1.jpg
BMW,848cc,1997,,R850R ROADSTER,,,61212346800(YT19BL-BS),BKR7EKC,2,"2,170",940,"1,220",218,259R,/,,120 70 ZR 17 58W TL,160 60 ZR 18 70W TL,Wディスク,ディスク,/,/,/,/,,,,,,,,,,,,,02968,,,KN-163,,,,,,02968_1.jpg
BMW,848cc,1998,,R850R ROADSTER,,,61212346800(YT19BL-BS),BKR7EKC,2,"2,170",940,"1,220",218,259R,/,,120 70 ZR 17 58W TL,160 60 ZR 18 70W TL,Wディスク,ディスク,/,/,/,/,,,,,,,,,,,,,02968,,,KN-163,,,,,,02968_1.jpg
BMW,848cc,1999,,R850R ROADSTER,,,61212346800(YT19BL-BS),BKR7EKC,2,"2,170",940,"1,220",218,259R,/,,120 70 ZR 17 58W TL,160 60 ZR 18 70W TL,Wディスク,ディスク,/,/,/,/,,,,,,,,,,,,,02968,,,KN-163,,,,,,02968_1.jpg
BMW,848cc,2000,,R850R ROADSTER,,,61212346800(YT19BL-BS),BKR7EKC,2,"2,170",940,"1,220",218,259R,/,,120 70 ZR 17 58W TL,160 60 ZR 18 70W TL,Wディスク,ディスク,/,/,/,/,,,,,,,,,,,,,02968,,,KN-163,,,,,,02968_1.jpg
BMW,848cc,2001,,R850R ROADSTER,,,61212346800(YT19BL-BS),BKR7EKC,2,"2,170",940,"1,220",218,259R,/,,120 70 ZR 17 58W TL,160 60 ZR 18 70W TL,Wディスク,ディスク,/,/,/,/,,,,,,,,,,,,,02968,,,KN-163,,,,,,02968_1.jpg
BMW,848cc,2002,,R850R ROADSTER,,,61212346800(YT19BL-BS),BKR7EKC,2,"2,170",940,"1,220",218,R28,3.5,,120 70 ZR 17 58W TL,170 60 ZR 17 72W TL,Wディスク,ディスク,/,/,/,/,,"SD-439, SD-439","SD-947/2, SD-947/2","VD-439JL, VD-439JL","VD-947/2JL, VD-947/2JL",,,,,,,,02969,,,KN-163,,,,,,02969_1.jpg
BMW,848cc,2003,,R850R ROADSTER,,,61212346800(YT19BL-BS),BKR7EKC,2,"2,170",940,"1,220",218,R28,3.5,,120 70 ZR 17 58W TL,170 60 ZR 17 72W TL,Wディスク,ディスク,/,/,/,/,,"SD-439, SD-439","SD-947/2, SD-947/2","VD-439JL, VD-439JL","VD-947/2JL, VD-947/2JL",,,,,,,,02969,,,KN-163,,,,,,02969_1.jpg
BMW,848cc,2004,,R850R ROADSTER,,,61212346800(YT19BL-BS),BKR7EKC,2,"2,170",940,"1,220",218,R28,3.5,,120 70 ZR 17 58W TL,170 60 ZR 17 72W TL,Wディスク,ディスク,/,/,/,/,,"SD-439, SD-439","SD-947/2, SD-947/2","VD-439JL, VD-439JL","VD-947/2JL, VD-947/2JL",,,,,,,,02969,,,KN-163,,,,,,02969_1.jpg
BMW,848cc,2005,,R850R ROADSTER,,,61212346800(YT19BL-BS),BKR7EKC,2,"2,170",940,"1,220",218,R28,3.5,,120 70 ZR 17 58W TL,170 60 ZR 17 72W TL,Wディスク,ディスク,/,/,/,/,,"SD-439, SD-439","SD-947/2, SD-947/2","VD-439JL, VD-439JL","VD-947/2JL, VD-947/2JL",,,,,,,,02969,,,KN-163,,,,,,02969_1.jpg
BMW,848cc,2006,,R850R ROADSTER,,,61212346800(YT19BL-BS),BKR7EKC,2,"2,170",940,"1,220",218,R28,3.5,,120 70 ZR 17 58W TL,170 60 ZR 17 72W TL,Wディスク,ディスク,/,/,/,/,,"SD-439, SD-439","SD-947/2, SD-947/2","VD-439JL, VD-439JL","VD-947/2JL, VD-947/2JL",,,,,,,,02969,,,KN-163,,,,,,02969_1.jpg
BMW,848cc,2007,,R850R ROADSTER,,,61212346800(YT19BL-BS),BKR7EKC,2,"2,170",940,"1,220",218,R28,3.5,,120 70 ZR 17 58W TL,170 60 ZR 17 72W TL,Wディスク,ディスク,/,/,/,/,,"SD-439, SD-439","SD-947/2, SD-947/2","VD-439JL, VD-439JL","VD-947/2JL, VD-947/2JL",,,,,,,,02969,,,KN-163,,,,,,02969_1.jpg
BMW,848cc,1995,,R850RT,,,61212346800(YT19BL-BS),BKR7EKC,2,"2,170",940,"1,220",282,259,/,,120 70 ZR 17,170 60 ZR 17,Wディスク,ディスク,ー,ー,ー,ー,,"SD-984, SD-984",,"VD-984JL, VD-984JL",,,,,,,,,02970,,,KN-163,,,,,,02970_1.jpg
BMW,848cc,1996,,R850RT,,,61212346800(YT19BL-BS),BKR7EKC,2,"2,170",940,"1,220",282,259,/,,120 70 ZR 17,170 60 ZR 17,Wディスク,ディスク,ー,ー,ー,ー,,"SD-984, SD-984",,"VD-984JL, VD-984JL",,,,,,,,,02970,,,KN-163,,,,,,02970_1.jpg
BMW,848cc,1997,,R850RT,,,61212346800(YT19BL-BS),BKR7EKC,2,"2,170",940,"1,220",282,259,/,,120 70 ZR 17,170 60 ZR 17,Wディスク,ディスク,ー,ー,ー,ー,,"SD-984, SD-984",,"VD-984JL, VD-984JL",,,,,,,,,02970,,,KN-163,,,,,,02970_1.jpg
BMW,848cc,1998,,R850RT,,,61212346800(YT19BL-BS),BKR7EKC,2,"2,170",940,"1,220",282,259,/,,120 70 ZR 17,170 60 ZR 17,Wディスク,ディスク,ー,ー,ー,ー,,"SD-984, SD-984",,"VD-984JL, VD-984JL",,,,,,,,,02970,,,KN-163,,,,,,02970_1.jpg
BMW,848cc,1999,,R850RT,,,61212346800(YT19BL-BS),BKR7EKC,2,"2,170",940,"1,220",282,259,/,,120 70 ZR 17,170 60 ZR 17,Wディスク,ディスク,ー,ー,ー,ー,,"SD-984, SD-984",,"VD-984JL, VD-984JL",,,,,,,,,02970,,,KN-163,,,,,,02970_1.jpg
BMW,848cc,2000,,R850RT,,,61212346800(YT19BL-BS),BKR7EKC,2,"2,170",940,"1,220",282,259,/,,120 70 ZR 17,170 60 ZR 17,Wディスク,ディスク,ー,ー,ー,ー,,"SD-984, SD-984",,"VD-984JL, VD-984JL",,,,,,,,,02970,,,KN-163,,,,,,02970_1.jpg
BMW,848cc,2001,,R850RT,,,61212346800(YT19BL-BS),BKR7EKC,2,"2,170",940,"1,220",282,259,/,,120 70 ZR 17,170 60 ZR 17,Wディスク,ディスク,ー,ー,ー,ー,,"SD-984, SD-984",,"VD-984JL, VD-984JL",,,,,,,,,02970,,,KN-163,,,,,,02970_1.jpg
BMW,848cc,2001,,R850RT,,,61212346800(YT19BL-BS),BKR7EKC/DCPR8EKC,2,"2,170",940,"1,220",282,R22,/,,120 70 ZR 17 TL,170 60 ZR 17 TL,Wディスク,ディスク,ー,ー,ー,ー,,,,,,,,,,,,,02971,,,KN-163,,,,,,
BMW,848cc,2002,,R850RT,,,61212346800(YT19BL-BS),BKR7EKC/DCPR8EKC,2,"2,170",940,"1,220",282,R22,/,,120 70 ZR 17 TL,170 60 ZR 17 TL,Wディスク,ディスク,ー,ー,ー,ー,,,,,,,,,,,,,02971,,,KN-163,,,,,,
BMW,848cc,2003,,R850RT,,,61212346800(YT19BL-BS),BKR7EKC/DCPR8EKC,2,"2,170",940,"1,220",282,R22,/,,120 70 ZR 17 TL,170 60 ZR 17 TL,Wディスク,ディスク,ー,ー,ー,ー,,,,,,,,,,,,,02971,,,KN-163,,,,,,
BMW,848cc,2004,,R850RT,,,61212346800(YT19BL-BS),BKR7EKC/DCPR8EKC,2,"2,170",940,"1,220",282,R22,/,,120 70 ZR 17 TL,170 60 ZR 17 TL,Wディスク,ディスク,ー,ー,ー,ー,,,,,,,,,,,,,02971,,,KN-163,,,,,,
BMW,999cc,2014,,S1000R,,,61218531108(ETX9),LMAR9D-J,4,"2,057",845,"1,228",207,K47　レースABS+ASC,3.5,,120 70 ZR 17 58W TL,190 55 ZR 17 75W TL,Wディスク,ディスク,525,120,17,45,17,"SD-9053, SD-9053","SD-953, SD-953","VD-9053JL, VD-9053JL","VD-953JL, VD-953JL","ZD-9053CT, ZD-9053CT",,,,"67528, 67528",,,03684,BM-08703,,KN-160,,,,,,03684_1.jpg
BMW,999cc,2015,,S1000R,,,61218531108(ETX9),LMAR9D-J,4,"2,057",845,"1,228",207,K47　レースABS+ASC,3.5,,120 70 ZR 17 58W TL,190 55 ZR 17 75W TL,Wディスク,ディスク,525,120,17,45,17,"SD-9053, SD-9053","SD-953, SD-953","VD-9053JL, VD-9053JL","VD-953JL, VD-953JL","ZD-9053CT, ZD-9053CT",,,,"67528, 67528",,,03684,BM-08703,,KN-160,,,,,,03684_1.jpg
BMW,999cc,2016,,S1000R,,,61218531108(ETX9),LMAR9D-J,4,"2,057",845,"1,228",207,K47　レースABS+ASC,3.5,,120 70 ZR 17 58W TL,190 55 ZR 17 75W TL,Wディスク,ディスク,525,120,17,45,17,"SD-9053, SD-9053","SD-953, SD-953","VD-9053JL, VD-9053JL","VD-953JL, VD-953JL","ZD-9053CT, ZD-9053CT",,,,"67528, 67528",,,03684,BM-08703,,KN-160,,,,,,03684_1.jpg
BMW,999cc,2017,,S1000R,,,61218531108(ETX9),LMAR9D-J,4,"2,057",845,"1,228",207,K47　レースABS+ASC　ユーロ4,3.5,,120 70 ZR 17 58W TL,190 55 ZR 17 75W TL,Wディスク,ディスク,525,120,17,45,17,"SD-9053, SD-9053","SD-953, SD-953","VD-9053JL, VD-9053JL","VD-953JL, VD-953JL","ZD-9053CT, ZD-9053CT",,,,"67528, 67528",,,04750,BM-08703,,KN-160,,,,,,04750_1.jpg
BMW,999cc,2018,,S1000R,,,61218531108(ETX9),LMAR9D-J,4,"2,057",845,"1,228",207,K47　レースABS+ASC　ユーロ4,3.5,,120 70 ZR 17 58W TL,190 55 ZR 17 75W TL,Wディスク,ディスク,525,120,17,45,17,"SD-9053, SD-9053","SD-953, SD-953","VD-9053JL, VD-9053JL","VD-953JL, VD-953JL","ZD-9053CT, ZD-9053CT",,,,"67528, 67528",,,04750,BM-08703,,KN-160,,,,,,04750_1.jpg
BMW,999cc,2019,,S1000R,,,61218531108(ETX9),LMAR9D-J,4,"2,057",845,"1,228",207,K47　レースABS+ASC　ユーロ4,3.5,,120 70 ZR 17 58W TL,190 55 ZR 17 75W TL,Wディスク,ディスク,525,120,17,45,17,"SD-9053, SD-9053","SD-953, SD-953","VD-9053JL, VD-9053JL","VD-953JL, VD-953JL","ZD-9053CT, ZD-9053CT",,,,"67528, 67528",,,04750,BM-08703,,KN-160,,,,,,04750_1.jpg
BMW,999cc,2020,,S1000R,,,61218531108(ETX9),LMAR9D-J,4,"2,057",845,"1,228",207,K47　レースABS+ASC　ユーロ4,3.5,,120 70 ZR 17 58W TL,190 55 ZR 17 75W TL,Wディスク,ディスク,525,120,17,45,17,"SD-9053, SD-9053","SD-953, SD-953","VD-9053JL, VD-9053JL","VD-953JL, VD-953JL","ZD-9053CT, ZD-9053CT",,,,"67528, 67528",,,04750,BM-08703,,KN-160,,,,,,04750_1.jpg
BMW,999cc,2021,,S1000R,,,/,LMAR9FI-10G,4,"2,075",815,"1,050",204,K63　レースABS　ユーロ5　STD・プレミアムライン・Mパッケージ・プレミアムラインMパッケージ,/,,120 70 ZR 17 58W TL,190 55 ZR 17 75W TL,Wディスク,ディスク,525,120,17,45,17,"SD-9088, SD-9088","SD-953, SD-953","VD-9088JL, VD-9088JL","VD-953JL, VD-953JL","ZD-9088CT, ZD-9088CT",,,,"67528, 67528",,,04683,BM-08703,,KN-160,,,,,,04683_1.jpg
BMW,999cc,2022,,S1000R,,,/,LMAR9FI-10G,4,"2,075",815,"1,050",204,K63　レースABS　ユーロ5　STD・プレミアムライン・Mパッケージ・プレミアムラインMパッケージ,/,,120 70 ZR 17 58W TL,190 55 ZR 17 75W TL,Wディスク,ディスク,525,120,17,45,17,"SD-9088, SD-9088","SD-953, SD-953","VD-9088JL, VD-9088JL","VD-953JL, VD-953JL","ZD-9088CT, ZD-9088CT",,,,"67528, 67528",,,04683,BM-08703,,KN-160,,,,,,04683_1.jpg
BMW,999cc,2023,,S1000R,,,/,LMAR9FI-10G,4,"2,075",815,"1,050",204,K63　レースABS　ユーロ5　STD・プレミアムライン・Mパッケージ・プレミアムラインMパッケージ,/,,120 70 ZR 17 58W TL,190 55 ZR 17 75W TL,Wディスク,ディスク,525,120,17,45,17,"SD-9088, SD-9088","SD-953, SD-953","VD-9088JL, VD-9088JL","VD-953JL, VD-953JL","ZD-9088CT, ZD-9088CT",,,,"67528, 67528",,,04683,BM-08703,,KN-160,,,,,,04683_1.jpg
BMW,999cc,2024,,S1000R,,,/,LMAR9FI-10G,4,"2,075",815,"1,050",204,K63　レースABS　ユーロ5　STD・プレミアムライン・Mパッケージ・プレミアムラインMパッケージ,/,,120 70 ZR 17 58W TL,190 55 ZR 17 75W TL,Wディスク,ディスク,525,120,17,45,17,"SD-9088, SD-9088","SD-953, SD-953","VD-9088JL, VD-9088JL","VD-953JL, VD-953JL","ZD-9088CT, ZD-9088CT",,,,"67528, 67528",,,04683,BM-08703,,KN-160,,,,,,04683_1.jpg
BMW,999cc,2025,,S1000R,,,/,LMAR9FI-10G,4,"2,075",815,"1,050",204,K63　レースABS　ユーロ5　STD・プレミアムライン・Mパッケージ・プレミアムラインMパッケージ,/,,120 70 ZR 17 58W TL,190 55 ZR 17 75W TL,Wディスク,ディスク,525,120,17,45,17,"SD-9088, SD-9088","SD-953, SD-953","VD-9088JL, VD-9088JL","VD-953JL, VD-953JL","ZD-9088CT, ZD-9088CT",,,,"67528, 67528",,,04683,BM-08703,,KN-160,,,,,,04683_1.jpg
BMW,999cc,2010,,S1000RR,,,61217708614(YTZ14),LMAR9D-J,4,"2,056",826,"1,138",203,K46　プレミアムライン(レースABS+DTC),3.5,,120 70 ZR 17 58W TL,190 55 ZR 17 75W TL,Wディスク,ディスク,525,118,17,44,17,"SD-9053, SD-9053","SD-953, SD-953","VD-9053JL, VD-9053JL","VD-953JL, VD-953JL","ZD-9053CT, ZD-9053CT",,,,"67528, 67528",,,02973,BM-08703,,KN-160,,,,,,02973_1.jpg
BMW,999cc,2011,,S1000RR,,,61217708614(YTZ14),LMAR9D-J,4,"2,056",826,"1,138",203,K46　プレミアムライン(レースABS+DTC),3.5,,120 70 ZR 17 58W TL,190 55 ZR 17 75W TL,Wディスク,ディスク,525,118,17,44,17,"SD-9053, SD-9053","SD-953, SD-953","VD-9053JL, VD-9053JL","VD-953JL, VD-953JL","ZD-9053CT, ZD-9053CT",,,,"67528, 67528",,,02973,BM-08703,,KN-160,,,,,,02973_1.jpg
BMW,999cc,2010,,S1000RR,,,61217708614(YTZ14),LMAR9D-J,4,"2,056",826,"1,138",204,K46　アクティブライン(ベースモデル),3.5,,120 70 ZR 17 58W TL,190 55 ZR 17 75W TL,Wディスク,ディスク,525,118,17,44,17,"SD-9053, SD-9053","SD-953, SD-953","VD-9053JL, VD-9053JL","VD-953JL, VD-953JL","ZD-9053CT, ZD-9053CT",,,,"67528, 67528",,,03899,BM-08703,,KN-160,,,,,,03899_1.jpg
BMW,999cc,2011,,S1000RR,,,61217708614(YTZ14),LMAR9D-J,4,"2,056",826,"1,138",204,K46　アクティブライン(ベースモデル),3.5,,120 70 ZR 17 58W TL,190 55 ZR 17 75W TL,Wディスク,ディスク,525,118,17,44,17,"SD-9053, SD-9053","SD-953, SD-953","VD-9053JL, VD-9053JL","VD-953JL, VD-953JL","ZD-9053CT, ZD-9053CT",,,,"67528, 67528",,,03899,BM-08703,,KN-160,,,,,,03899_1.jpg
BMW,999cc,2012,,S1000RR,,,61217726563(YTZ10S),LMAR9D-J,4,"2,056",826,"1,138",204,K46　アクティブライン(ベースモデル),3.5,,120 70 ZR 17 58W TL,190 55 ZR 17 75W TL,Wディスク,ディスク,525,118,17,45,17,"SD-9053, SD-9053","SD-953, SD-953","VD-9053JL, VD-9053JL","VD-953JL, VD-953JL","ZD-9053CT, ZD-9053CT",,,,"67528, 67528",,,03901,BM-08703,,KN-160,,,,,,03901_1.jpg
BMW,999cc,2012,,S1000RR,,,61217726563(YTZ10S),LMAR9D-J,4,"2,056",826,"1,138",202,K46　プレミアムライン(レースABS+DTC),3.5,,120 70 ZR 17 58W TL,190 55 ZR 17 75W TL,Wディスク,ディスク,525,118,17,45,17,"SD-9053, SD-9053","SD-953, SD-953","VD-9053JL, VD-9053JL","VD-953JL, VD-953JL","ZD-9053CT, ZD-9053CT",,,,"67528, 67528",,,03550,BM-08703,,KN-160,,,,,,03550_1.jpg
BMW,999cc,2013,,S1000RR,,,61217726563(YTZ10S),LMAR9D-J,4,"2,056",826,"1,138",202,K46　プレミアムライン(レースABS+DTC),3.5,,120 70 ZR 17 58W TL,190 55 ZR 17 75W TL,Wディスク,ディスク,525,118,17,45,17,"SD-9053, SD-9053","SD-953, SD-953","VD-9053JL, VD-9053JL","VD-953JL, VD-953JL","ZD-9053CT, ZD-9053CT",,,,"67528, 67528",,,03550,BM-08703,,KN-160,,,,,,03550_1.jpg
BMW,999cc,2014,,S1000RR,,,61217726563(YTZ10S),LMAR9D-J,4,"2,056",826,"1,138",202,K46　プレミアムライン(レースABS+DTC),3.5,,120 70 ZR 17 58W TL,190 55 ZR 17 75W TL,Wディスク,ディスク,525,118,17,45,17,"SD-9053, SD-9053","SD-953, SD-953","VD-9053JL, VD-9053JL","VD-953JL, VD-953JL","ZD-9053CT, ZD-9053CT",,,,"67528, 67528",,,03550,BM-08703,,KN-160,,,,,,03550_1.jpg
BMW,999cc,2015,,S1000RR,,,61217726563(YTZ10S),LMAR9D-J,4,"2,050",826,"1,140",204,K46　レースABS+DTC,3.5,,120 70 ZR 17 58W TL,190 55 ZR 17 75W TL,Wディスク,ディスク,525,120,17,45,17,"SD-9053, SD-9053","SD-953, SD-953","VD-9053JL, VD-9053JL","VD-953JL, VD-953JL","ZD-9053CT, ZD-9053CT",,,,"67528, 67528",,,03900,BM-08703,,KN-160,,,,,,03900_1.jpg
BMW,999cc,2016,,S1000RR,,,61217726563(YTZ10S),LMAR9D-J,4,"2,050",826,"1,140",204,K46　レースABS+DTC,3.5,,120 70 ZR 17 58W TL,190 55 ZR 17 75W TL,Wディスク,ディスク,525,120,17,45,17,"SD-9053, SD-9053","SD-953, SD-953","VD-9053JL, VD-9053JL","VD-953JL, VD-953JL","ZD-9053CT, ZD-9053CT",,,,"67528, 67528",,,03900,BM-08703,,KN-160,,,,,,03900_1.jpg
BMW,999cc,2017,,S1000RR,,,61218531108(ETX9),LMAR9D-J,4,"2,050",826,"1,140",204,K46　ABS PRO　ユーロ4,3.5,,120 70 ZR 17 58W TL,190 55 ZR 17 75W TL,Wディスク,ディスク,525,120,17,45,17,"SD-9053, SD-9053","SD-953, SD-953","VD-9053JL, VD-9053JL","VD-953JL, VD-953JL","ZD-9053CT, ZD-9053CT",,,,"67528, 67528",,,04083,BM-08703,,KN-160,,,,,,
BMW,999cc,2018,,S1000RR,,,61218531108(ETX9),LMAR9D-J,4,"2,050",826,"1,140",204,K46　ABS PRO　ユーロ4,3.5,,120 70 ZR 17 58W TL,190 55 ZR 17 75W TL,Wディスク,ディスク,525,120,17,45,17,"SD-9053, SD-9053","SD-953, SD-953","VD-9053JL, VD-9053JL","VD-953JL, VD-953JL","ZD-9053CT, ZD-9053CT",,,,"67528, 67528",,,04083,BM-08703,,KN-160,,,,,,
BMW,999cc,2019,,S1000RR,,,61218531108(ETX9),LMAR9FI-10G,4,"2,070",740,"1,160",200,K67　ABS・ABS PRO・DCT　ユーロ4,3.5,,120 70 ZR 17 58W TL,190 55 ZR 17 75W TL,Wディスク,ディスク,525,120,17,45,17,"SD-9088, SD-9088","SD-953, SD-953","VD-9088JL, VD-9088JL","VD-953JL, VD-953JL","ZD-9088CT, ZD-9088CT",,,,"67528, 67528",,,04495,,,,,,,,,04495_1.jpg
BMW,999cc,2020,,S1000RR,,,61218531108(ETX9),LMAR9FI-10G,4,"2,070",740,"1,160",200,K67　ABS・ABS PRO・DCT　ユーロ4,3.5,,120 70 ZR 17 58W TL,190 55 ZR 17 75W TL,Wディスク,ディスク,525,120,17,45,17,"SD-9088, SD-9088","SD-953, SD-953","VD-9088JL, VD-9088JL","VD-953JL, VD-953JL","ZD-9088CT, ZD-9088CT",,,,"67528, 67528",,,04495,,,,,,,,,04495_1.jpg
BMW,999cc,2023,,S1000RR,A10A10C,,/,LMAR9FI-10G,4,"2,075",740,"1,205",202,K67　ABS・ABS PRO・DCT  ユーロ5,/,,120 70 ZR 17 TL,190 55 ZR 17 TL,Wディスク,ディスク,/,/,17,46,17,"SD-192, SD-192","SD-953, SD-953","VD-192JL, VD-192JL","VD-953JL, VD-953JL",,,,,"67528, 67528",,,05111,,,,,,,,,05111_1.jpg
BMW,999cc,2024,,S1000RR,A10A10C,,/,LMAR9FI-10G,4,"2,075",740,"1,205",202,K67　ABS・ABS PRO・DCT  ユーロ5,/,,120 70 ZR 17 TL,190 55 ZR 17 TL,Wディスク,ディスク,/,/,17,46,17,"SD-192, SD-192","SD-953, SD-953","VD-192JL, VD-192JL","VD-953JL, VD-953JL",,,,,"67528, 67528",,,05111,,,,,,,,,05111_1.jpg
BMW,999cc,2025,,S1000RR,A10A10C,,/,LMAR9FI-10G,4,"2,075",740,"1,205",202,K67　ABS・ABS PRO・DCT  ユーロ5,/,,120 70 ZR 17 TL,190 55 ZR 17 TL,Wディスク,ディスク,/,/,17,46,17,"SD-192, SD-192","SD-953, SD-953","VD-192JL, VD-192JL","VD-953JL, VD-953JL",,,,,"67528, 67528",,,05111,,,,,,,,,05111_1.jpg
BMW,999cc,2021,,S1000RR,A10A10A,,61218531108(ETX9),LMAR9FI-10G,4,"2,070",740,"1,160",200,K67　ABS・ABS PRO・DCT  ユーロ5,3.5,,120 70 ZR 17 58W TL,190 55 ZR 17 75W TL,Wディスク,ディスク,525,120,17,45,17,"SD-9088, SD-9088","SD-953, SD-953","VD-9088JL, VD-9088JL","VD-953JL, VD-953JL","ZD-9088CT, ZD-9088CT",,,,"67528, 67528",,,04754,,,,,,,,,04754_1.jpg
BMW,999cc,2022,,S1000RR,A10A10A,,61218531108(ETX9),LMAR9FI-10G,4,"2,070",740,"1,160",200,K67　ABS・ABS PRO・DCT  ユーロ5,3.5,,120 70 ZR 17 58W TL,190 55 ZR 17 75W TL,Wディスク,ディスク,525,120,17,45,17,"SD-9088, SD-9088","SD-953, SD-953","VD-9088JL, VD-9088JL","VD-953JL, VD-953JL","ZD-9088CT, ZD-9088CT",,,,"67528, 67528",,,04754,,,,,,,,,04754_1.jpg
BMW,999cc,2015,,S1000XR,,,/,LMAR9D-J,4,"2,183",890,"1,400",228,K49　レースABS　（16-）PremiumLine・PremiumStandard,/,,120 70 ZR 17 58W TL,190 55 ZR 17 75W TL,Wディスク,ディスク,525,128,17,45,17,"SD-9070, SD-9070","SD-947/2, SD-947/2","VD-9070JL, VD-9070JL","VD-947/2JL, VD-947/2JL","ZD-9070CT, ZD-9070CT",,,,,,,03978,BM-08703,,KN-160,,,,,,03978_1.jpg
BMW,999cc,2016,,S1000XR,,,/,LMAR9D-J,4,"2,183",890,"1,400",228,K49　レースABS　（16-）PremiumLine・PremiumStandard,/,,120 70 ZR 17 58W TL,190 55 ZR 17 75W TL,Wディスク,ディスク,525,128,17,45,17,"SD-9070, SD-9070","SD-947/2, SD-947/2","VD-9070JL, VD-9070JL","VD-947/2JL, VD-947/2JL","ZD-9070CT, ZD-9070CT",,,,,,,03978,BM-08703,,KN-160,,,,,,03978_1.jpg
BMW,999cc,2017,,S1000XR,,,/,LMAR9D-J,4,"2,183",890,"1,400",228,K49　レースABS　ユーロ4　PremiumLine・PremiumStandard,/,,120 70 ZR 17 58W TL,190 55 ZR 17 75W TL,Wディスク,ディスク,525,128,17,45,17,"SD-9070, SD-9070","SD-947/2, SD-947/2","VD-9070JL, VD-9070JL","VD-947/2JL, VD-947/2JL","ZD-9070CT, ZD-9070CT",,,,,,,04746,BM-08703,,KN-160,,,,,,04746_1.jpg
BMW,999cc,2018,,S1000XR,,,/,LMAR9D-J,4,"2,183",890,"1,400",228,K49　レースABS　ユーロ4　PremiumLine・PremiumStandard,/,,120 70 ZR 17 58W TL,190 55 ZR 17 75W TL,Wディスク,ディスク,525,128,17,45,17,"SD-9070, SD-9070","SD-947/2, SD-947/2","VD-9070JL, VD-9070JL","VD-947/2JL, VD-947/2JL","ZD-9070CT, ZD-9070CT",,,,,,,04746,BM-08703,,KN-160,,,,,,04746_1.jpg
BMW,999cc,2019,,S1000XR,,,/,LMAR9D-J,4,"2,183",890,"1,400",228,K49　レースABS　ユーロ4　PremiumLine・PremiumStandard,/,,120 70 ZR 17 58W TL,190 55 ZR 17 75W TL,Wディスク,ディスク,525,128,17,45,17,"SD-9070, SD-9070","SD-947/2, SD-947/2","VD-9070JL, VD-9070JL","VD-947/2JL, VD-947/2JL","ZD-9070CT, ZD-9070CT",,,,,,,04746,BM-08703,,KN-160,,,,,,04746_1.jpg
BMW,999cc,2020,,S1000XR,,,/,LMAR9FI-10G,4,"2,180",930,"1,470",232,K69　ABS　ユーロ5　PremiumLine・PremiumStandard,/,,120 70 ZR 17 TL,190 55 ZR 17 TL,Wディスク,ディスク,525,128,17,45,17,"SD-9070, SD-9088, SD-9088, SD-9070","SD-947/2, SD-947/2","VD-9070JL, VD-9088JL, VD-9088JL, VD-9070JL","VD-947/2JL, VD-947/2JL","ZD-9070CT, ZD-9088CT, ZD-9088CT, ZD-9070CT",,,,,,,04525,,,,,,,,,04525_1.jpg
BMW,999cc,2021,,S1000XR,,,/,LMAR9FI-10G,4,"2,180",930,"1,470",232,K69　ABS　ユーロ5　PremiumLine・PremiumStandard,/,,120 70 ZR 17 TL,190 55 ZR 17 TL,Wディスク,ディスク,525,128,17,45,17,"SD-9070, SD-9088, SD-9088, SD-9070","SD-947/2, SD-947/2","VD-9070JL, VD-9088JL, VD-9088JL, VD-9070JL","VD-947/2JL, VD-947/2JL","ZD-9070CT, ZD-9088CT, ZD-9088CT, ZD-9070CT",,,,,,,04525,,,,,,,,,04525_1.jpg
BMW,999cc,2022,,S1000XR,,,/,LMAR9FI-10G,4,"2,180",930,"1,470",232,K69　ABS　ユーロ5　PremiumLine・PremiumStandard,/,,120 70 ZR 17 TL,190 55 ZR 17 TL,Wディスク,ディスク,525,128,17,45,17,"SD-9070, SD-9088, SD-9088, SD-9070","SD-947/2, SD-947/2","VD-9070JL, VD-9088JL, VD-9088JL, VD-9070JL","VD-947/2JL, VD-947/2JL","ZD-9070CT, ZD-9088CT, ZD-9088CT, ZD-9070CT",,,,,,,04525,,,,,,,,,04525_1.jpg
BMW,999cc,2023,,S1000XR,,,/,LMAR9FI-10G,4,"2,180",930,"1,470",232,K69　ABS　ユーロ5　PremiumLine・PremiumStandard,/,,120 70 ZR 17 TL,190 55 ZR 17 TL,Wディスク,ディスク,525,128,17,45,17,"SD-9070, SD-9088, SD-9088, SD-9070","SD-947/2, SD-947/2","VD-9070JL, VD-9088JL, VD-9088JL, VD-9070JL","VD-947/2JL, VD-947/2JL","ZD-9070CT, ZD-9088CT, ZD-9088CT, ZD-9070CT",,,,,,,04525,,,,,,,,,04525_1.jpg
BMW,9999cc,2024,,S1000XR,A11A10C,,/,LMAR9FI-10G,4,"2,156",850,"1,460",227,K69　EU5+,/,,120 70 ZR 17 TL,190 55 ZR 17 TL,Wディスク,ディスク,525,/,17,45,17,"SD-9070, SD-9088, SD-9088, SD-9070","SD-947/2, SD-947/2","VD-9070JL, VD-9088JL, VD-9088JL, VD-9070JL","VD-947/2JL, VD-947/2JL","ZD-9070CT, ZD-9088CT, ZD-9088CT, ZD-9070CT",,,,,,,05190,,,,,,,,,05190_1.jpg
BMW,9999cc,2025,,S1000XR,A11A10C,,/,LMAR9FI-10G,4,"2,156",850,"1,460",227,K69　EU5+,/,,120 70 ZR 17 TL,190 55 ZR 17 TL,Wディスク,ディスク,525,/,17,45,17,"SD-9070, SD-9088, SD-9088, SD-9070","SD-947/2, SD-947/2","VD-9070JL, VD-9088JL, VD-9088JL, VD-9070JL","VD-947/2JL, VD-947/2JL","ZD-9070CT, ZD-9088CT, ZD-9088CT, ZD-9070CT",,,,,,,05190,,,,,,,,,05190_1.jpg
BMW,987cc,1988,,K1,,6365002 〜,61211459650(53030),DR7EA,4,"2,230",875,"1,210",234,K589　スーパースポーツモデル,/,,120 70 ZR 17 58W TL,160 60 ZR 18 70W TL,Wディスク,ディスク,ー,ー,ー,ー,,"SD-941, SD-941","SD-907, SD-907",,"VD-907JL, VD-907JL",,,,,,,,02885,,,KN-163,,,,,,02885_1.jpg
BMW,987cc,1989,,K1,,6365002 〜,61211459650(53030),DR7EA,4,"2,230",875,"1,210",234,K589　スーパースポーツモデル,/,,120 70 ZR 17 58W TL,160 60 ZR 18 70W TL,Wディスク,ディスク,ー,ー,ー,ー,,"SD-941, SD-941","SD-907, SD-907",,"VD-907JL, VD-907JL",,,,,,,,02885,,,KN-163,,,,,,02885_1.jpg
BMW,987cc,1990,,K1,,6365002 〜,61211459650(53030),DR7EA,4,"2,230",875,"1,210",234,K589　スーパースポーツモデル,/,,120 70 ZR 17 58W TL,160 60 ZR 18 70W TL,Wディスク,ディスク,ー,ー,ー,ー,,"SD-941, SD-941","SD-907, SD-907",,"VD-907JL, VD-907JL",,,,,,,,02885,,,KN-163,,,,,,02885_1.jpg
BMW,987cc,1991,,K1,,6365002 〜,61211459650(53030),DR7EA,4,"2,230",875,"1,210",234,K589　スーパースポーツモデル,/,,120 70 ZR 17 58W TL,160 60 ZR 18 70W TL,Wディスク,ディスク,ー,ー,ー,ー,,"SD-941, SD-941","SD-907, SD-907",,"VD-907JL, VD-907JL",,,,,,,,02885,,,KN-163,,,,,,02885_1.jpg
BMW,987cc,1992,,K1,,6365002 〜,61211459650(53030),DR7EA,4,"2,230",875,"1,210",234,K589　スーパースポーツモデル,/,,120 70 ZR 17 58W TL,160 60 ZR 18 70W TL,Wディスク,ディスク,ー,ー,ー,ー,,"SD-941, SD-941","SD-907, SD-907",,"VD-907JL, VD-907JL",,,,,,,,02885,,,KN-163,,,,,,02885_1.jpg
BMW,987cc,1993,,K1,,6365002 〜,61211459650(53030),DR7EA,4,"2,230",875,"1,210",234,K589　スーパースポーツモデル,/,,120 70 ZR 17 58W TL,160 60 ZR 18 70W TL,Wディスク,ディスク,ー,ー,ー,ー,,"SD-941, SD-941","SD-907, SD-907",,"VD-907JL, VD-907JL",,,,,,,,02885,,,KN-163,,,,,,02885_1.jpg
BMW,987cc,1983,,K100,,0030001 〜,61211459650(53030),D7EA,4,"2,220",960,"1,155",239,K589　ネイキッド　FI,3.5,,100 90 - 18 V TL,130 90 - 17 V TL,Wディスク,ディスク,ー,ー,ー,ー,,,,,,,,,,,,,02886,,,KN-163,,,,,,02886_1.jpg
BMW,987cc,1984,,K100,,0030001 〜,61211459650(53030),D7EA,4,"2,220",960,"1,155",239,K589　ネイキッド　FI,3.5,,100 90 - 18 V TL,130 90 - 17 V TL,Wディスク,ディスク,ー,ー,ー,ー,,,,,,,,,,,,,02886,,,KN-163,,,,,,02886_1.jpg
BMW,987cc,1985,,K100,,0030001 〜,61211459650(53030),D7EA,4,"2,220",960,"1,155",239,K589　ネイキッド　FI,3.5,,100 90 - 18 V TL,130 90 - 17 V TL,Wディスク,ディスク,ー,ー,ー,ー,,,,,,,,,,,,,02886,,,KN-163,,,,,,02886_1.jpg
BMW,987cc,1986,,K100,,0030001 〜,61211459650(53030),D7EA,4,"2,220",960,"1,155",239,K589　ネイキッド　FI,3.5,,100 90 - 18 V TL,130 90 - 17 V TL,Wディスク,ディスク,ー,ー,ー,ー,,,,,,,,,,,,,02886,,,KN-163,,,,,,02886_1.jpg
BMW,987cc,1987,,K100,,0030001 〜,61211459650(53030),D7EA,4,"2,220",960,"1,155",239,K589　ネイキッド　FI,3.5,,100 90 - 18 V TL,130 90 - 17 V TL,Wディスク,ディスク,ー,ー,ー,ー,,,,,,,,,,,,,02886,,,KN-163,,,,,,02886_1.jpg
BMW,987cc,1988,,K100,,0030001 〜,61211459650(53030),D7EA,4,"2,220",960,"1,155",239,K589　ネイキッド　FI,3.5,,100 90 - 18 V TL,130 90 - 17 V TL,Wディスク,ディスク,ー,ー,ー,ー,,,,,,,,,,,,,02886,,,KN-163,,,,,,02886_1.jpg
BMW,987cc,1989,,K100,,0030001 〜,61211459650(53030),D7EA,4,"2,220",960,"1,155",239,K589　ネイキッド　FI,3.5,,100 90 - 18 V TL,130 90 - 17 V TL,Wディスク,ディスク,ー,ー,ー,ー,,,,,,,,,,,,,02886,,,KN-163,,,,,,02886_1.jpg
BMW,987cc,1986,,K100LT,,0180001 〜,61211459650(53030),D7EA,4,"2,220",920,"1,155",283,K589　ツーリング　大型スクリーン　FI,3.5,,100 90 - 18 V TL,130 90 - 17 V TL,Wディスク,ディスク,ー,ー,ー,ー,,"SD-907, SD-934, SD-934, SD-907",,"VD-907JL, VD-907JL",,,,,,,,,02887,,,KN-163,,,,,,02887_1.jpg
BMW,987cc,1987,,K100LT,,0180001 〜,61211459650(53030),D7EA,4,"2,220",920,"1,155",283,K589　ツーリング　大型スクリーン　FI,3.5,,100 90 - 18 V TL,130 90 - 17 V TL,Wディスク,ディスク,ー,ー,ー,ー,,"SD-907, SD-934, SD-934, SD-907",,"VD-907JL, VD-907JL",,,,,,,,,02887,,,KN-163,,,,,,02887_1.jpg
BMW,987cc,1988,,K100LT,,0180001 〜,61211459650(53030),D7EA,4,"2,220",920,"1,155",283,K589　ツーリング　大型スクリーン　FI,3.5,,100 90 - 18 V TL,130 90 - 17 V TL,Wディスク,ディスク,ー,ー,ー,ー,,"SD-907, SD-934, SD-934, SD-907",,"VD-907JL, VD-907JL",,,,,,,,,02887,,,KN-163,,,,,,02887_1.jpg
BMW,987cc,1989,,K100LT,,0180001 〜,61211459650(53030),D7EA,4,"2,220",920,"1,155",283,K589　ツーリング　大型スクリーン　FI,3.5,,100 90 - 18 V TL,130 90 - 17 V TL,Wディスク,ディスク,ー,ー,ー,ー,,"SD-907, SD-934, SD-934, SD-907",,"VD-907JL, VD-907JL",,,,,,,,,02887,,,KN-163,,,,,,02887_1.jpg
BMW,987cc,1990,,K100LT,,0180001 〜,61211459650(53030),D7EA,4,"2,220",920,"1,155",283,K589　ツーリング　大型スクリーン　FI,3.5,,100 90 - 18 V TL,130 90 - 17 V TL,Wディスク,ディスク,ー,ー,ー,ー,,"SD-907, SD-934, SD-934, SD-907",,"VD-907JL, VD-907JL",,,,,,,,,02887,,,KN-163,,,,,,02887_1.jpg
BMW,987cc,1991,,K100LT,,0180001 〜,61211459650(53030),D7EA,4,"2,220",920,"1,155",283,K589　ツーリング　大型スクリーン　FI,3.5,,100 90 - 18 V TL,130 90 - 17 V TL,Wディスク,ディスク,ー,ー,ー,ー,,"SD-907, SD-934, SD-934, SD-907",,"VD-907JL, VD-907JL",,,,,,,,,02887,,,KN-163,,,,,,02887_1.jpg
BMW,987cc,1986,,K100LT ABS,,,61211459650(53030),D7EA,4,"2,220",920,"1,155",283,K589　ツーリング　大型スクリーン　FI　ABS,3.5,,100 90 - 18 V TL,130 90 - 17 V TL,Wディスク,ディスク,ー,ー,ー,ー,,"SD-934, SD-934","SD-907, SD-907",,"VD-907JL, VD-907JL",,,,,,,,02888,,,KN-163,,,,,,02888_1.jpg
BMW,987cc,1987,,K100LT ABS,,,61211459650(53030),D7EA,4,"2,220",920,"1,155",283,K589　ツーリング　大型スクリーン　FI　ABS,3.5,,100 90 - 18 V TL,130 90 - 17 V TL,Wディスク,ディスク,ー,ー,ー,ー,,"SD-934, SD-934","SD-907, SD-907",,"VD-907JL, VD-907JL",,,,,,,,02888,,,KN-163,,,,,,02888_1.jpg
BMW,987cc,1988,,K100LT ABS,,,61211459650(53030),D7EA,4,"2,220",920,"1,155",283,K589　ツーリング　大型スクリーン　FI　ABS,3.5,,100 90 - 18 V TL,130 90 - 17 V TL,Wディスク,ディスク,ー,ー,ー,ー,,"SD-934, SD-934","SD-907, SD-907",,"VD-907JL, VD-907JL",,,,,,,,02888,,,KN-163,,,,,,02888_1.jpg
BMW,987cc,1989,,K100LT ABS,,,61211459650(53030),D7EA,4,"2,220",920,"1,155",283,K589　ツーリング　大型スクリーン　FI　ABS,3.5,,100 90 - 18 V TL,130 90 - 17 V TL,Wディスク,ディスク,ー,ー,ー,ー,,"SD-934, SD-934","SD-907, SD-907",,"VD-907JL, VD-907JL",,,,,,,,02888,,,KN-163,,,,,,02888_1.jpg
BMW,987cc,1990,,K100LT ABS,,,61211459650(53030),D7EA,4,"2,220",920,"1,155",283,K589　ツーリング　大型スクリーン　FI　ABS,3.5,,100 90 - 18 V TL,130 90 - 17 V TL,Wディスク,ディスク,ー,ー,ー,ー,,"SD-934, SD-934","SD-907, SD-907",,"VD-907JL, VD-907JL",,,,,,,,02888,,,KN-163,,,,,,02888_1.jpg
BMW,987cc,1991,,K100LT ABS,,,61211459650(53030),D7EA,4,"2,220",920,"1,155",283,K589　ツーリング　大型スクリーン　FI　ABS,3.5,,100 90 - 18 V TL,130 90 - 17 V TL,Wディスク,ディスク,ー,ー,ー,ー,,"SD-934, SD-934","SD-907, SD-907",,"VD-907JL, VD-907JL",,,,,,,,02888,,,KN-163,,,,,,02888_1.jpg
BMW,987cc,1983,,K100RS,,,61211459650(53030),D7EA,4,"2,220",800,"1,271",249,K589　2valve　フェアリング　FI,3.5,,100 90 - 18 58V TL,130 90 - 17 70V TL,Wディスク,ディスク,ー,ー,ー,ー,,"SD-907, SD-934, SD-934, SD-907",,"VD-907JL, VD-907JL",,,,,,,,,02890,,,KN-163,,,,,,02890_1.jpg
BMW,987cc,1984,,K100RS,,,61211459650(53030),D7EA,4,"2,220",800,"1,271",249,K589　2valve　フェアリング　FI,3.5,,100 90 - 18 58V TL,130 90 - 17 70V TL,Wディスク,ディスク,ー,ー,ー,ー,,"SD-907, SD-934, SD-934, SD-907",,"VD-907JL, VD-907JL",,,,,,,,,02890,,,KN-163,,,,,,02890_1.jpg
BMW,987cc,1985,,K100RS,,,61211459650(53030),D7EA,4,"2,220",800,"1,271",249,K589　2valve　フェアリング　FI,3.5,,100 90 - 18 58V TL,130 90 - 17 70V TL,Wディスク,ディスク,ー,ー,ー,ー,,"SD-907, SD-934, SD-934, SD-907",,"VD-907JL, VD-907JL",,,,,,,,,02890,,,KN-163,,,,,,02890_1.jpg
BMW,987cc,1986,,K100RS,,,61211459650(53030),D7EA,4,"2,220",800,"1,271",249,K589　2valve　フェアリング　FI,3.5,,100 90 - 18 58V TL,130 90 - 17 70V TL,Wディスク,ディスク,ー,ー,ー,ー,,"SD-907, SD-934, SD-934, SD-907",,"VD-907JL, VD-907JL",,,,,,,,,02890,,,KN-163,,,,,,02890_1.jpg
BMW,987cc,1987,,K100RS,,,61211459650(53030),D7EA,4,"2,220",800,"1,271",249,K589　2valve　フェアリング　FI,3.5,,100 90 - 18 58V TL,130 90 - 17 70V TL,Wディスク,ディスク,ー,ー,ー,ー,,"SD-907, SD-934, SD-934, SD-907",,"VD-907JL, VD-907JL",,,,,,,,,02890,,,KN-163,,,,,,02890_1.jpg
BMW,987cc,1988,,K100RS,,,61211459650(53030),D7EA,4,"2,220",800,"1,271",249,K589　2valve　フェアリング　FI,3.5,,100 90 - 18 58V TL,130 90 - 17 70V TL,Wディスク,ディスク,ー,ー,ー,ー,,"SD-907, SD-934, SD-934, SD-907",,"VD-907JL, VD-907JL",,,,,,,,,02890,,,KN-163,,,,,,02890_1.jpg
BMW,987cc,1989,,K100RS,,,61211459650(53030),D7EA,4,"2,220",800,"1,271",249,K589　2valve　フェアリング　FI,3.5,,100 90 - 18 58V TL,130 90 - 17 70V TL,Wディスク,ディスク,ー,ー,ー,ー,,"SD-907, SD-934, SD-934, SD-907",,"VD-907JL, VD-907JL",,,,,,,,,02890,,,KN-163,,,,,,02890_1.jpg
BMW,1092cc,1989,,K100RS,,,61211459650(53030),D7EA,4,"2,230",875,"1,260",259,K589　4valve　スポーツフェアリング　FI,3.5,,120 70 ZR 17 58W TL,160 60 ZR 18 70W TL,Wディスク,ディスク,ー,ー,ー,ー,,"SD-907, SD-934, SD-934, SD-907",,"VD-907JL, VD-907JL",,,,,,,,,02975,,,KN-163,,,,,,02975_1.jpg
BMW,1092cc,1990,,K100RS,,,61211459650(53030),D7EA,4,"2,230",875,"1,260",259,K589　4valve　スポーツフェアリング　FI,3.5,,120 70 ZR 17 58W TL,160 60 ZR 18 70W TL,Wディスク,ディスク,ー,ー,ー,ー,,"SD-907, SD-934, SD-934, SD-907",,"VD-907JL, VD-907JL",,,,,,,,,02975,,,KN-163,,,,,,02975_1.jpg
BMW,1092cc,1991,,K100RS,,,61211459650(53030),D7EA,4,"2,230",875,"1,260",259,K589　4valve　スポーツフェアリング　FI,3.5,,120 70 ZR 17 58W TL,160 60 ZR 18 70W TL,Wディスク,ディスク,ー,ー,ー,ー,,"SD-907, SD-934, SD-934, SD-907",,"VD-907JL, VD-907JL",,,,,,,,,02975,,,KN-163,,,,,,02975_1.jpg
BMW,1092cc,1992,,K100RS,,,61211459650(53030),D7EA,4,"2,230",875,"1,260",259,K589　4valve　スポーツフェアリング　FI,3.5,,120 70 ZR 17 58W TL,160 60 ZR 18 70W TL,Wディスク,ディスク,ー,ー,ー,ー,,"SD-907, SD-934, SD-934, SD-907",,"VD-907JL, VD-907JL",,,,,,,,,02975,,,KN-163,,,,,,02975_1.jpg
BMW,980cc,1980,,R100,,,61211459650(53030),BP6ES,2,"2,210",746,"1,210",218,,2.3,,3.25 - 19 H WT,4.00 - 18 H WT,Wディスク,ドラム,ー,ー,ー,ー,,,,,,,,,,,,,02912,,,,,,,,KN-161,02912_1.jpg
BMW,980cc,1981,,R100,,,61211459650(53030),BP6ES,2,"2,210",746,"1,210",218,,2.3,,3.25 - 19 H WT,4.00 - 18 H WT,Wディスク,ドラム,ー,ー,ー,ー,,,,,,,,,,,,,02912,,,,,,,,KN-161,02912_1.jpg
BMW,980cc,1982,,R100,,,61211459650(53030),BP6ES,2,"2,210",746,"1,210",218,,2.3,,3.25 - 19 H WT,4.00 - 18 H WT,Wディスク,ドラム,ー,ー,ー,ー,,,,,,,,,,,,,02912,,,,,,,,KN-161,02912_1.jpg
BMW,980cc,1983,,R100,,,61211459650(53030),BP6ES,2,"2,210",746,"1,210",218,,2.3,,3.25 - 19 H WT,4.00 - 18 H WT,Wディスク,ドラム,ー,ー,ー,ー,,,,,,,,,,,,,02912,,,,,,,,KN-161,02912_1.jpg
BMW,980cc,1984,,R100,,,61211459650(53030),BP6ES,2,"2,210",746,"1,210",218,,2.3,,3.25 - 19 H WT,4.00 - 18 H WT,Wディスク,ドラム,ー,ー,ー,ー,,,,,,,,,,,,,02912,,,,,,,,KN-161,02912_1.jpg
BMW,980cc,1980,,R100CS,,,61211459650(53030),BP7ES,2,"2,110",746,"1,210",220,,2.3,,3.25 - 19 H WT,4.00 - 18 H WT,Wディスク,ドラム,ー,ー,ー,ー,,"SD-907, SD-907",,"VD-907JL, VD-907JL",,,,,,,,,02913,,,,,,,,KN-161,02913_1.jpg
BMW,980cc,1981,,R100CS,,,61211459650(53030),BP7ES,2,"2,110",746,"1,210",220,,2.3,,3.25 - 19 H WT,4.00 - 18 H WT,Wディスク,ドラム,ー,ー,ー,ー,,"SD-907, SD-907",,"VD-907JL, VD-907JL",,,,,,,,,02913,,,,,,,,KN-161,02913_1.jpg
BMW,980cc,1982,,R100CS,,,61211459650(53030),BP7ES,2,"2,110",746,"1,210",220,,2.3,,3.25 - 19 H WT,4.00 - 18 H WT,Wディスク,ドラム,ー,ー,ー,ー,,"SD-907, SD-907",,"VD-907JL, VD-907JL",,,,,,,,,02913,,,,,,,,KN-161,02913_1.jpg
BMW,980cc,1983,,R100CS,,,61211459650(53030),BP7ES,2,"2,110",746,"1,210",220,,2.3,,3.25 - 19 H WT,4.00 - 18 H WT,Wディスク,ドラム,ー,ー,ー,ー,,"SD-907, SD-907",,"VD-907JL, VD-907JL",,,,,,,,,02913,,,,,,,,KN-161,02913_1.jpg
BMW,980cc,1984,,R100CS,,,61211459650(53030),BP7ES,2,"2,110",746,"1,210",220,,2.3,,3.25 - 19 H WT,4.00 - 18 H WT,Wディスク,ドラム,ー,ー,ー,ー,,"SD-907, SD-907",,"VD-907JL, VD-907JL",,,,,,,,,02913,,,,,,,,KN-161,02913_1.jpg
BMW,980cc,1987,,R100GS,,,61211459650(53030),BP6ES,2,"2,290","1,000","1,165",210,前期型,2.3,,90 90 - 21 T WT,130 80 - 17 T WT,シングルディスク,ドラム,ー,ー,ー,ー,,"SD-933, SD-933","SD-907, SD-907",,"VD-907JL, VD-907JL",,,,,,,,02914,,,,,,,,KN-161,02914_1.jpg
BMW,980cc,1988,,R100GS,,,61211459650(53030),BP6ES,2,"2,290","1,000","1,165",210,前期型,2.3,,90 90 - 21 T WT,130 80 - 17 T WT,シングルディスク,ドラム,ー,ー,ー,ー,,"SD-933, SD-933","SD-907, SD-907",,"VD-907JL, VD-907JL",,,,,,,,02914,,,,,,,,KN-161,02914_1.jpg
BMW,980cc,1989,,R100GS,,,61211459650(53030),BP6ES,2,"2,290","1,000","1,165",210,前期型,2.3,,90 90 - 21 T WT,130 80 - 17 T WT,シングルディスク,ドラム,ー,ー,ー,ー,,"SD-933, SD-933","SD-907, SD-907",,"VD-907JL, VD-907JL",,,,,,,,02914,,,,,,,,KN-161,02914_1.jpg
BMW,980cc,1990,,R100GS,,,61211459650(53030),BP6ES,2,"2,290","1,000","1,165",210,前期型,2.3,,90 90 - 21 T WT,130 80 - 17 T WT,シングルディスク,ドラム,ー,ー,ー,ー,,"SD-933, SD-933","SD-907, SD-907",,"VD-907JL, VD-907JL",,,,,,,,02914,,,,,,,,KN-161,02914_1.jpg
BMW,980cc,1991,,R100GS,,,61211459650(53030),BP6ES,2,"2,290","1,000","1,165",210,前期型,2.3,,90 90 - 21 T WT,130 80 - 17 T WT,シングルディスク,ドラム,ー,ー,ー,ー,,"SD-933, SD-933","SD-907, SD-907",,"VD-907JL, VD-907JL",,,,,,,,02914,,,,,,,,KN-161,02914_1.jpg
BMW,980cc,1992,,R100GS,,,61211459650(53030),BP6ES,2,"2,290","1,000","1,165",210,前期型,2.3,,90 90 - 21 T WT,130 80 - 17 T WT,シングルディスク,ドラム,ー,ー,ー,ー,,"SD-933, SD-933","SD-907, SD-907",,"VD-907JL, VD-907JL",,,,,,,,02914,,,,,,,,KN-161,02914_1.jpg
BMW,980cc,1993,,R100GS,,,61211459650(53030),BP6ES,2,"2,290","1,000","1,165",210,後期型,2.3,,90 90 - 21 T WT,130 80 - 17 T WT,シングルディスク,ドラム,ー,ー,ー,ー,,"SD-933, SD-933","SD-907, SD-907",,"VD-907JL, VD-907JL",,,,,,,,03959,,,,,,,,KN-161,
BMW,980cc,1994,,R100GS,,,61211459650(53030),BP6ES,2,"2,290","1,000","1,165",210,後期型,2.3,,90 90 - 21 T WT,130 80 - 17 T WT,シングルディスク,ドラム,ー,ー,ー,ー,,"SD-933, SD-933","SD-907, SD-907",,"VD-907JL, VD-907JL",,,,,,,,03959,,,,,,,,KN-161,
BMW,980cc,1995,,R100GS,,,61211459650(53030),BP6ES,2,"2,290","1,000","1,165",210,後期型,2.3,,90 90 - 21 T WT,130 80 - 17 T WT,シングルディスク,ドラム,ー,ー,ー,ー,,"SD-933, SD-933","SD-907, SD-907",,"VD-907JL, VD-907JL",,,,,,,,03959,,,,,,,,KN-161,
BMW,980cc,1990,,R100GS Paris-Dakar,,,61211459650(53030),BP6ES,2,"2,290","1,000","1,165",236,,2.3,,90 90 - 21 T WT,130 80 - 17 T WT,シングルディスク,ドラム,ー,ー,ー,ー,,"SD-933, SD-933","SD-907, SD-907",,"VD-907JL, VD-907JL",,,,,,,,02983,,,,,,,,KN-161,02983_1.jpg
BMW,980cc,1991,,R100GS Paris-Dakar,,,61211459650(53030),BP6ES,2,"2,290","1,000","1,165",236,,2.3,,90 90 - 21 T WT,130 80 - 17 T WT,シングルディスク,ドラム,ー,ー,ー,ー,,"SD-933, SD-933","SD-907, SD-907",,"VD-907JL, VD-907JL",,,,,,,,02983,,,,,,,,KN-161,02983_1.jpg
BMW,980cc,1992,,R100GS Paris-Dakar,,,61211459650(53030),BP6ES,2,"2,290","1,000","1,165",236,,2.3,,90 90 - 21 T WT,130 80 - 17 T WT,シングルディスク,ドラム,ー,ー,ー,ー,,"SD-933, SD-933","SD-907, SD-907",,"VD-907JL, VD-907JL",,,,,,,,02983,,,,,,,,KN-161,02983_1.jpg
BMW,980cc,1993,,R100GS Paris-Dakar,,,61211459650(53030),BP6ES,2,"2,290","1,000","1,165",236,,2.3,,90 90 - 21 T WT,130 80 - 17 T WT,シングルディスク,ドラム,ー,ー,ー,ー,,"SD-933, SD-933","SD-907, SD-907",,"VD-907JL, VD-907JL",,,,,,,,02983,,,,,,,,KN-161,02983_1.jpg
BMW,980cc,1994,,R100GS Paris-Dakar,,,61211459650(53030),BP6ES,2,"2,290","1,000","1,165",236,,2.3,,90 90 - 21 T WT,130 80 - 17 T WT,シングルディスク,ドラム,ー,ー,ー,ー,,"SD-933, SD-933","SD-907, SD-907",,"VD-907JL, VD-907JL",,,,,,,,02983,,,,,,,,KN-161,02983_1.jpg
BMW,980cc,1995,,R100GS Paris-Dakar,,,61211459650(53030),BP6ES,2,"2,290","1,000","1,165",236,,2.3,,90 90 - 21 T WT,130 80 - 17 T WT,シングルディスク,ドラム,ー,ー,ー,ー,,"SD-933, SD-933","SD-907, SD-907",,"VD-907JL, VD-907JL",,,,,,,,02983,,,,,,,,KN-161,02983_1.jpg
BMW,980cc,1993,,R100R MYSTIC,,,61211459650(53030),BP6ES,,"2,210","1,000","1,190",215,,2.3,,110 80 - 18 V TL,140 80 - 17 V TL,Wディスク,ドラム,ー,ー,ー,ー,,"SD-941, SD-941","SD-907, SD-907",,"VD-907JL, VD-907JL",,,,,,,,02915,,,,,,,,KN-161,02915_1.jpg
BMW,980cc,1994,,R100R MYSTIC,,,61211459650(53030),BP6ES,,"2,210","1,000","1,190",215,,2.3,,110 80 - 18 V TL,140 80 - 17 V TL,Wディスク,ドラム,ー,ー,ー,ー,,"SD-941, SD-941","SD-907, SD-907",,"VD-907JL, VD-907JL",,,,,,,,02915,,,,,,,,KN-161,02915_1.jpg
BMW,980cc,1995,,R100R MYSTIC,,,61211459650(53030),BP6ES,,"2,210","1,000","1,190",215,,2.3,,110 80 - 18 V TL,140 80 - 17 V TL,Wディスク,ドラム,ー,ー,ー,ー,,"SD-941, SD-941","SD-907, SD-907",,"VD-907JL, VD-907JL",,,,,,,,02915,,,,,,,,KN-161,02915_1.jpg
BMW,980cc,1996,,R100R MYSTIC,,,61211459650(53030),BP6ES,,"2,210","1,000","1,190",215,,2.3,,110 80 - 18 V TL,140 80 - 17 V TL,Wディスク,ドラム,ー,ー,ー,ー,,"SD-941, SD-941","SD-907, SD-907",,"VD-907JL, VD-907JL",,,,,,,,02915,,,,,,,,KN-161,02915_1.jpg
BMW,980cc,1991,,R100R ROADSTER,,,61211459650(53030),BP6ES,2,"2,210","1,000","1,190",218,,2.3,,110 80 - 18 58V TL,140 80 - 17 69V TL,シングルディスク,ドラム,ー,ー,ー,ー,,"SD-941, SD-941","SD-907, SD-907",,"VD-907JL, VD-907JL",,,,,,,,02917,,,,,,,,KN-161,02917_1.jpg
BMW,980cc,1992,,R100R ROADSTER,,,61211459650(53030),BP6ES,2,"2,210","1,000","1,190",218,,2.3,,110 80 - 18 58V TL,140 80 - 17 69V TL,シングルディスク,ドラム,ー,ー,ー,ー,,"SD-941, SD-941","SD-907, SD-907",,"VD-907JL, VD-907JL",,,,,,,,02917,,,,,,,,KN-161,02917_1.jpg
BMW,980cc,1993,,R100R ROADSTER,,,61211459650(53030),BP6ES,2,"2,210","1,000","1,190",218,,2.3,,110 80 - 18 58V TL,140 80 - 17 69V TL,シングルディスク,ドラム,ー,ー,ー,ー,,"SD-941, SD-941","SD-907, SD-907",,"VD-907JL, VD-907JL",,,,,,,,02917,,,,,,,,KN-161,02917_1.jpg
BMW,980cc,1994,,R100R ROADSTER,,,61211459650(53030),BP6ES,2,"2,210","1,000","1,190",218,,2.3,,110 80 - 18 58V TL,140 80 - 17 69V TL,シングルディスク,ドラム,ー,ー,ー,ー,,"SD-941, SD-941","SD-907, SD-907",,"VD-907JL, VD-907JL",,,,,,,,02917,,,,,,,,KN-161,02917_1.jpg
BMW,980cc,1995,,R100R ROADSTER,,,61211459650(53030),BP6ES,2,"2,210","1,000","1,190",218,,2.3,,110 80 - 18 58V TL,140 80 - 17 69V TL,シングルディスク,ドラム,ー,ー,ー,ー,,"SD-941, SD-941","SD-907, SD-907",,"VD-907JL, VD-907JL",,,,,,,,02917,,,,,,,,KN-161,02917_1.jpg
BMW,980cc,1996,,R100R ROADSTER,,,61211459650(53030),BP6ES,2,"2,210","1,000","1,190",218,,2.3,,110 80 - 18 58V TL,140 80 - 17 69V TL,シングルディスク,ドラム,ー,ー,ー,ー,,"SD-941, SD-941","SD-907, SD-907",,"VD-907JL, VD-907JL",,,,,,,,02917,,,,,,,,KN-161,02917_1.jpg
BMW,980cc,1976,,R100RS,,,61211459650(53030),BP7ES,2,"2,130",746,810,210,ツインサス　Rドラム,2.3,,3.25 - 19 H WT,4.00 - 18 H WT,Wディスク,ドラム,ー,ー,ー,ー,,"SD-907, SD-907",,"VD-907JL, VD-907JL",,,,,,,,,02918,,,KN-161,,,,,,02918_1.jpg
BMW,980cc,1977,,R100RS,,,61211459650(53030),BP7ES,2,"2,130",746,810,210,ツインサス　Rドラム,2.3,,3.25 - 19 H WT,4.00 - 18 H WT,Wディスク,ドラム,ー,ー,ー,ー,,"SD-907, SD-907",,"VD-907JL, VD-907JL",,,,,,,,,02918,,,KN-161,,,,,,02918_1.jpg
BMW,980cc,1978,,R100RS,,,61211459650(53030),BP7ES,2,"2,130",746,810,210,ツインサス　Rディスク,2.3,,3.25 - 19 H WT,4.00 - 18 H WT,Wディスク,ディスク,ー,ー,ー,ー,,"SD-907, SD-907",,"VD-907JL, VD-907JL",,,,,,,,,03951,,,KN-161,,,,,,
BMW,980cc,1979,,R100RS,,,61211459650(53030),BP7ES,2,"2,130",746,810,210,ツインサス　Rディスク,2.3,,3.25 - 19 H WT,4.00 - 18 H WT,Wディスク,ディスク,ー,ー,ー,ー,,"SD-907, SD-907",,"VD-907JL, VD-907JL",,,,,,,,,03951,,,KN-161,,,,,,
BMW,980cc,1980,,R100RS,,,61211459650(53030),BP7ES,2,"2,130",746,810,210,ツインサス　Rディスク,2.3,,3.25 - 19 H WT,4.00 - 18 H WT,Wディスク,ディスク,ー,ー,ー,ー,,"SD-907, SD-907",,"VD-907JL, VD-907JL",,,,,,,,,03951,,,KN-161,,,,,,
BMW,980cc,1981,,R100RS,,,61211459650(53030),BP7ES,2,"2,130",746,810,210,ツインサス　Rディスク,2.3,,3.25 - 19 H WT,4.00 - 18 H WT,Wディスク,ディスク,ー,ー,ー,ー,,"SD-907, SD-907",,"VD-907JL, VD-907JL",,,,,,,,,03951,,,KN-161,,,,,,
BMW,980cc,1982,,R100RS,,,61211459650(53030),BP7ES,2,"2,130",746,810,210,ツインサス　Rディスク,2.3,,3.25 - 19 H WT,4.00 - 18 H WT,Wディスク,ディスク,ー,ー,ー,ー,,"SD-907, SD-907",,"VD-907JL, VD-907JL",,,,,,,,,03951,,,KN-161,,,,,,
BMW,980cc,1983,,R100RS,,,61211459650(53030),BP7ES,2,"2,130",746,810,210,ツインサス　Rディスク,2.3,,3.25 - 19 H WT,4.00 - 18 H WT,Wディスク,ディスク,ー,ー,ー,ー,,"SD-907, SD-907",,"VD-907JL, VD-907JL",,,,,,,,,03951,,,KN-161,,,,,,
BMW,980cc,1984,,R100RS,,,61211459650(53030),BP7ES,2,"2,130",746,810,210,ツインサス　Rディスク,2.3,,3.25 - 19 H WT,4.00 - 18 H WT,Wディスク,ディスク,ー,ー,ー,ー,,"SD-907, SD-907",,"VD-907JL, VD-907JL",,,,,,,,,03951,,,KN-161,,,,,,
BMW,980cc,1986,,R100RS,,,61211459650(53030),BP6ES,2,"2,175",800,"1,380",229,モノサス,2.3,,90 90 - 18 51H TL,120 90 - 18 65H TL,Wディスク,ドラム,ー,ー,ー,ー,,"SD-907, SD-941, SD-941, SD-907",,"VD-907JL, VD-907JL",,,,,,,,,02974,,,,,,,,KN-161,02974_1.jpg
BMW,980cc,1987,,R100RS,,,61211459650(53030),BP6ES,2,"2,175",800,"1,380",229,モノサス,2.3,,90 90 - 18 51H TL,120 90 - 18 65H TL,Wディスク,ドラム,ー,ー,ー,ー,,"SD-907, SD-941, SD-941, SD-907",,"VD-907JL, VD-907JL",,,,,,,,,02974,,,,,,,,KN-161,02974_1.jpg
BMW,980cc,1988,,R100RS,,,61211459650(53030),BP6ES,2,"2,175",800,"1,380",229,モノサス,2.3,,90 90 - 18 51H TL,120 90 - 18 65H TL,Wディスク,ドラム,ー,ー,ー,ー,,"SD-907, SD-941, SD-941, SD-907",,"VD-907JL, VD-907JL",,,,,,,,,02974,,,,,,,,KN-161,02974_1.jpg
BMW,980cc,1989,,R100RS,,,61211459650(53030),BP6ES,2,"2,175",800,"1,380",229,モノサス,2.3,,90 90 - 18 51H TL,120 90 - 18 65H TL,Wディスク,ドラム,ー,ー,ー,ー,,"SD-907, SD-941, SD-941, SD-907",,"VD-907JL, VD-907JL",,,,,,,,,02974,,,,,,,,KN-161,02974_1.jpg
BMW,980cc,1990,,R100RS,,,61211459650(53030),BP6ES,2,"2,175",800,"1,380",229,モノサス,2.3,,90 90 - 18 51H TL,120 90 - 18 65H TL,Wディスク,ドラム,ー,ー,ー,ー,,"SD-907, SD-941, SD-941, SD-907",,"VD-907JL, VD-907JL",,,,,,,,,02974,,,,,,,,KN-161,02974_1.jpg
BMW,980cc,1991,,R100RS,,,61211459650(53030),BP6ES,2,"2,175",800,"1,380",229,モノサス,2.3,,90 90 - 18 51H TL,120 90 - 18 65H TL,Wディスク,ドラム,ー,ー,ー,ー,,"SD-907, SD-941, SD-941, SD-907",,"VD-907JL, VD-907JL",,,,,,,,,02974,,,,,,,,KN-161,02974_1.jpg
BMW,980cc,1992,,R100RS,,,61211459650(53030),BP6ES,2,"2,175",800,"1,380",229,モノサス,2.3,,90 90 - 18 51H TL,120 90 - 18 65H TL,Wディスク,ドラム,ー,ー,ー,ー,,"SD-907, SD-941, SD-941, SD-907",,"VD-907JL, VD-907JL",,,,,,,,,02974,,,,,,,,KN-161,02974_1.jpg
BMW,980cc,1993,,R100RS,,,61211459650(53030),BP6ES,2,"2,175",800,"1,380",229,モノサス,2.3,,90 90 - 18 51H TL,120 90 - 18 65H TL,Wディスク,ドラム,ー,ー,ー,ー,,"SD-907, SD-941, SD-941, SD-907",,"VD-907JL, VD-907JL",,,,,,,,,02974,,,,,,,,KN-161,02974_1.jpg
BMW,980cc,1994,,R100RS,,,61211459650(53030),BP6ES,2,"2,175",800,"1,380",229,モノサス,2.3,,90 90 - 18 51H TL,120 90 - 18 65H TL,Wディスク,ドラム,ー,ー,ー,ー,,"SD-907, SD-941, SD-941, SD-907",,"VD-907JL, VD-907JL",,,,,,,,,02974,,,,,,,,KN-161,02974_1.jpg
BMW,980cc,1978,,R100RT,,,61211459650(53030),BP7ES,2,"2,210",746,"1,465",234,ツインサス,2.3,,3.25 - 19 H WT,4.00 - 18 H WT,Wディスク,ディスク,ー,ー,ー,ー,,"SD-907, SD-907",,"VD-907JL, VD-907JL",,,,,,,,,02922,,,,,,,,KN-161,02922_1.jpg
BMW,980cc,1979,,R100RT,,,61211459650(53030),BP7ES,2,"2,210",746,"1,465",234,ツインサス,2.3,,3.25 - 19 H WT,4.00 - 18 H WT,Wディスク,ディスク,ー,ー,ー,ー,,"SD-907, SD-907",,"VD-907JL, VD-907JL",,,,,,,,,02922,,,,,,,,KN-161,02922_1.jpg
BMW,980cc,1980,,R100RT,,,61211459650(53030),BP7ES,2,"2,210",746,"1,465",234,ツインサス,2.3,,3.25 - 19 H WT,4.00 - 18 H WT,Wディスク,ディスク,ー,ー,ー,ー,,"SD-907, SD-907",,"VD-907JL, VD-907JL",,,,,,,,,02922,,,,,,,,KN-161,02922_1.jpg
BMW,980cc,1981,,R100RT,,,61211459650(53030),BP7ES,2,"2,210",746,"1,465",234,ツインサス,2.3,,3.25 - 19 H WT,4.00 - 18 H WT,Wディスク,ディスク,ー,ー,ー,ー,,"SD-907, SD-907",,"VD-907JL, VD-907JL",,,,,,,,,02922,,,,,,,,KN-161,02922_1.jpg
BMW,980cc,1982,,R100RT,,,61211459650(53030),BP7ES,2,"2,210",746,"1,465",234,ツインサス,2.3,,3.25 - 19 H WT,4.00 - 18 H WT,Wディスク,ディスク,ー,ー,ー,ー,,"SD-907, SD-907",,"VD-907JL, VD-907JL",,,,,,,,,02922,,,,,,,,KN-161,02922_1.jpg
BMW,980cc,1983,,R100RT,,,61211459650(53030),BP7ES,2,"2,210",746,"1,465",234,ツインサス,2.3,,3.25 - 19 H WT,4.00 - 18 H WT,Wディスク,ディスク,ー,ー,ー,ー,,"SD-907, SD-907",,"VD-907JL, VD-907JL",,,,,,,,,02922,,,,,,,,KN-161,02922_1.jpg
BMW,980cc,1984,,R100RT,,,61211459650(53030),BP7ES,2,"2,210",746,"1,465",234,ツインサス,2.3,,3.25 - 19 H WT,4.00 - 18 H WT,Wディスク,ディスク,ー,ー,ー,ー,,"SD-907, SD-907",,"VD-907JL, VD-907JL",,,,,,,,,02922,,,,,,,,KN-161,02922_1.jpg
BMW,980cc,1987,,R100RT,,,61211459650(53030),BP6ES,2,"2,175",960,"1,478",229,モノサス,2.3,,90 90 - 18 51H TL,120 90 - 18 65H TL,シングルディスク,ドラム,ー,ー,ー,ー,,"SD-907, SD-933, SD-933, SD-907",,"VD-907JL, VD-907JL",,,,,,,,,02920,,,,,,,,KN-161,02920_1.jpg
BMW,980cc,1988,,R100RT,,,61211459650(53030),BP6ES,2,"2,175",960,"1,478",229,モノサス,2.3,,90 90 - 18 51H TL,120 90 - 18 65H TL,シングルディスク,ドラム,ー,ー,ー,ー,,"SD-907, SD-933, SD-933, SD-907",,"VD-907JL, VD-907JL",,,,,,,,,02920,,,,,,,,KN-161,02920_1.jpg
BMW,980cc,1989,,R100RT,,,61211459650(53030),BP6ES,2,"2,175",960,"1,478",229,モノサス,2.3,,90 90 - 18 51H TL,120 90 - 18 65H TL,シングルディスク,ドラム,ー,ー,ー,ー,,"SD-907, SD-933, SD-933, SD-907",,"VD-907JL, VD-907JL",,,,,,,,,02920,,,,,,,,KN-161,02920_1.jpg
BMW,980cc,1990,,R100RT,,,61211459650(53030),BP6ES,2,"2,175",960,"1,478",229,モノサス,2.3,,90 90 - 18 51H TL,120 90 - 18 65H TL,シングルディスク,ドラム,ー,ー,ー,ー,,"SD-907, SD-933, SD-933, SD-907",,"VD-907JL, VD-907JL",,,,,,,,,02920,,,,,,,,KN-161,02920_1.jpg
BMW,980cc,1991,,R100RT,,,61211459650(53030),BP6ES,2,"2,175",960,"1,478",229,モノサス,2.3,,90 90 - 18 51H TL,120 90 - 18 65H TL,シングルディスク,ドラム,ー,ー,ー,ー,,"SD-907, SD-933, SD-933, SD-907",,"VD-907JL, VD-907JL",,,,,,,,,02920,,,,,,,,KN-161,02920_1.jpg
BMW,980cc,1992,,R100RT,,,61211459650(53030),BP6ES,2,"2,175",960,"1,478",229,モノサス,2.3,,90 90 - 18 51H TL,120 90 - 18 65H TL,シングルディスク,ドラム,ー,ー,ー,ー,,"SD-907, SD-933, SD-933, SD-907",,"VD-907JL, VD-907JL",,,,,,,,,02920,,,,,,,,KN-161,02920_1.jpg
BMW,980cc,1993,,R100RT,,,61211459650(53030),BP6ES,2,"2,175",960,"1,478",229,モノサス,2.3,,90 90 - 18 51H TL,120 90 - 18 65H TL,シングルディスク,ドラム,ー,ー,ー,ー,,"SD-907, SD-933, SD-933, SD-907",,"VD-907JL, VD-907JL",,,,,,,,,02920,,,,,,,,KN-161,02920_1.jpg
BMW,980cc,1994,,R100RT,,,61211459650(53030),BP6ES,2,"2,175",960,"1,478",229,モノサス,2.3,,90 90 - 18 51H TL,120 90 - 18 65H TL,シングルディスク,ドラム,ー,ー,ー,ー,,"SD-907, SD-933, SD-933, SD-907",,"VD-907JL, VD-907JL",,,,,,,,,02920,,,,,,,,KN-161,02920_1.jpg
BMW,980cc,1995,,R100RT,,,61211459650(53030),BP6ES,2,"2,175",960,"1,478",229,モノサス,2.3,,90 90 - 18 51H TL,120 90 - 18 65H TL,シングルディスク,ドラム,ー,ー,ー,ー,,"SD-907, SD-933, SD-933, SD-907",,"VD-907JL, VD-907JL",,,,,,,,,02920,,,,,,,,KN-161,02920_1.jpg
BMW,980cc,1996,,R100RT,,,61211459650(53030),BP6ES,2,"2,175",960,"1,478",229,モノサス,2.3,,90 90 - 18 51H TL,120 90 - 18 65H TL,シングルディスク,ドラム,ー,ー,ー,ー,,"SD-907, SD-933, SD-933, SD-907",,"VD-907JL, VD-907JL",,,,,,,,,02920,,,,,,,,KN-161,02920_1.jpg
BMW,980cc,1978,,R100T,,,61211459650(53030),BP7ES,,"2,210",746,"1,080",215,,2.3,,3.25 - 19 H WT,4.00 - 18 H WT,Wディスク,ドラム,ー,ー,ー,ー,,,,,,,,,,,,,03957,,,,,,,,KN-161,03957_1.jpg
BMW,980cc,1979,,R100T,,,61211459650(53030),BP7ES,,"2,210",746,"1,080",215,,2.3,,3.25 - 19 H WT,4.00 - 18 H WT,Wディスク,ドラム,ー,ー,ー,ー,,,,,,,,,,,,,03957,,,,,,,,KN-161,03957_1.jpg
BMW,980cc,1980,,R100T,,,61211459650(53030),BP7ES,,"2,210",746,"1,080",215,,2.3,,3.25 - 19 H WT,4.00 - 18 H WT,Wディスク,ドラム,ー,ー,ー,ー,,,,,,,,,,,,,03957,,,,,,,,KN-161,03957_1.jpg
BMW,980cc,1976,,R100S,,,61211459650(53030),BP7ES,2,"2,130",746,"1,210",220,,2.3,,3.25 - 19 H WT,4.00 - 18 H WT,シングルディスク,ディスク,/,/,/,/,,"SD-910, SD-910","SD-907, SD-907","VD-910JL, VD-910JL","VD-907JL, VD-907JL",,,,,,,,02921,,,,,,,,KN-161,02921_1.jpg
BMW,980cc,1977,,R100S,,,61211459650(53030),BP7ES,2,"2,130",746,"1,210",220,,2.3,,3.25 - 19 H WT,4.00 - 18 H WT,シングルディスク,ディスク,/,/,/,/,,"SD-910, SD-910","SD-907, SD-907","VD-910JL, VD-910JL","VD-907JL, VD-907JL",,,,,,,,02921,,,,,,,,KN-161,02921_1.jpg
BMW,980cc,1978,,R100S,,,61211459650(53030),BP7ES,2,"2,130",746,"1,210",220,,2.3,,3.25 - 19 H WT,4.00 - 18 H WT,シングルディスク,ディスク,/,/,/,/,,"SD-910, SD-910","SD-907, SD-907","VD-910JL, VD-910JL","VD-907JL, VD-907JL",,,,,,,,02921,,,,,,,,KN-161,02921_1.jpg
BMW,980cc,1979,,R100S,,,61211459650(53030),BP7ES,2,"2,130",746,"1,210",220,,2.3,,3.25 - 19 H WT,4.00 - 18 H WT,シングルディスク,ディスク,/,/,/,/,,"SD-910, SD-910","SD-907, SD-907","VD-910JL, VD-910JL","VD-907JL, VD-907JL",,,,,,,,02921,,,,,,,,KN-161,02921_1.jpg
BMW,980cc,1980,,R100S,,,61211459650(53030),BP7ES,2,"2,130",746,"1,210",220,,2.3,,3.25 - 19 H WT,4.00 - 18 H WT,シングルディスク,ディスク,/,/,/,/,,"SD-910, SD-910","SD-907, SD-907","VD-910JL, VD-910JL","VD-907JL, VD-907JL",,,,,,,,02921,,,,,,,,KN-161,02921_1.jpg
BMW,797.5cc,1981,,R80,,,61211459650(53030),BP6ES,2,"2,175",800,"1,106",210,Twin Shock,鉱物オイル推奨,,90 90 - 18 51H TL,120 90 - 18 65H TL,シングルディスク,ディスク,ー,ー,ー,ー,,,,,,,,,,,,,02957,,,,,,,,KN-161,02957_1.jpg
BMW,797.5cc,1982,,R80,,,61211459650(53030),BP6ES,2,"2,175",800,"1,106",210,Twin Shock,鉱物オイル推奨,,90 90 - 18 51H TL,120 90 - 18 65H TL,シングルディスク,ディスク,ー,ー,ー,ー,,,,,,,,,,,,,02957,,,,,,,,KN-161,02957_1.jpg
BMW,797.5cc,1983,,R80,,,61211459650(53030),BP6ES,2,"2,175",800,"1,106",210,Twin Shock,鉱物オイル推奨,,90 90 - 18 51H TL,120 90 - 18 65H TL,シングルディスク,ディスク,ー,ー,ー,ー,,,,,,,,,,,,,02957,,,,,,,,KN-161,02957_1.jpg
BMW,797.5cc,1984,,R80,,,61211459650(53030),BP6ES,2,"2,175",800,"1,106",210,Monolever,鉱物オイル推奨,,90 90 - 18 51H TL,120 90 - 18 65H TL,Wディスク,ドラム,/,/,/,/,,,,,,,,,,,,,02979,,,,,,,,KN-161,
BMW,797.5cc,1985,,R80,,,61211459650(53030),BP6ES,2,"2,175",800,"1,106",210,Monolever,鉱物オイル推奨,,90 90 - 18 51H TL,120 90 - 18 65H TL,Wディスク,ドラム,/,/,/,/,,,,,,,,,,,,,02979,,,,,,,,KN-161,
BMW,797.5cc,1986,,R80,,,61211459650(53030),BP6ES,2,"2,175",800,"1,106",210,Monolever,鉱物オイル推奨,,90 90 - 18 51H TL,120 90 - 18 65H TL,Wディスク,ドラム,/,/,/,/,,,,,,,,,,,,,02979,,,,,,,,KN-161,
BMW,797.5cc,1987,,R80,,,61211459650(53030),BP6ES,2,"2,175",800,"1,106",210,Monolever,鉱物オイル推奨,,90 90 - 18 51H TL,120 90 - 18 65H TL,Wディスク,ドラム,/,/,/,/,,,,,,,,,,,,,02979,,,,,,,,KN-161,
BMW,797.5cc,1988,,R80,,,61211459650(53030),BP6ES,2,"2,175",800,"1,106",210,Monolever,鉱物オイル推奨,,90 90 - 18 51H TL,120 90 - 18 65H TL,Wディスク,ドラム,/,/,/,/,,,,,,,,,,,,,02979,,,,,,,,KN-161,
BMW,797.5cc,1989,,R80,,,61211459650(53030),BP6ES,2,"2,175",800,"1,106",210,Monolever,鉱物オイル推奨,,90 90 - 18 51H TL,120 90 - 18 65H TL,Wディスク,ドラム,/,/,/,/,,,,,,,,,,,,,02979,,,,,,,,KN-161,
BMW,797.5cc,1990,,R80,,,61211459650(53030),BP6ES,2,"2,175",800,"1,106",210,Monolever,鉱物オイル推奨,,90 90 - 18 51H TL,120 90 - 18 65H TL,Wディスク,ドラム,/,/,/,/,,,,,,,,,,,,,02979,,,,,,,,KN-161,
BMW,797.5cc,1980,,R80G/S,,,61212346800(YT19BL-BS),BP6ES,2,"2,230",820,"1,150",186,,鉱物オイル推奨,,3.00 - 21 WT,4.00 - 18 WT,シングルディスク,ドラム,ー,ー,ー,ー,,,,,,,,,,,,,02959,,,,,,,,KN-161,02959_1.jpg
BMW,797.5cc,1981,,R80G/S,,,61212346800(YT19BL-BS),BP6ES,2,"2,230",820,"1,150",186,,鉱物オイル推奨,,3.00 - 21 WT,4.00 - 18 WT,シングルディスク,ドラム,ー,ー,ー,ー,,,,,,,,,,,,,02959,,,,,,,,KN-161,02959_1.jpg
BMW,797.5cc,1982,,R80G/S,,,61212346800(YT19BL-BS),BP6ES,2,"2,230",820,"1,150",186,,鉱物オイル推奨,,3.00 - 21 WT,4.00 - 18 WT,シングルディスク,ドラム,ー,ー,ー,ー,,,,,,,,,,,,,02959,,,,,,,,KN-161,02959_1.jpg
BMW,797.5cc,1983,,R80G/S,,,61212346800(YT19BL-BS),BP6ES,2,"2,230",820,"1,150",186,,鉱物オイル推奨,,3.00 - 21 WT,4.00 - 18 WT,シングルディスク,ドラム,ー,ー,ー,ー,,,,,,,,,,,,,02959,,,,,,,,KN-161,02959_1.jpg
BMW,797.5cc,1984,,R80G/S,,,61212346800(YT19BL-BS),BP6ES,2,"2,230",820,"1,150",186,,鉱物オイル推奨,,3.00 - 21 WT,4.00 - 18 WT,シングルディスク,ドラム,ー,ー,ー,ー,,,,,,,,,,,,,02959,,,,,,,,KN-161,02959_1.jpg
BMW,797.5cc,1985,,R80G/S,,,61212346800(YT19BL-BS),BP6ES,2,"2,230",820,"1,150",186,,鉱物オイル推奨,,3.00 - 21 WT,4.00 - 18 WT,シングルディスク,ドラム,ー,ー,ー,ー,,,,,,,,,,,,,02959,,,,,,,,KN-161,02959_1.jpg
BMW,797.5cc,1986,,R80G/S,,,61212346800(YT19BL-BS),BP6ES,2,"2,230",820,"1,150",186,,鉱物オイル推奨,,3.00 - 21 WT,4.00 - 18 WT,シングルディスク,ドラム,ー,ー,ー,ー,,,,,,,,,,,,,02959,,,,,,,,KN-161,02959_1.jpg
BMW,797.5cc,1987,,R80G/S,,,61212346800(YT19BL-BS),BP6ES,2,"2,230",820,"1,150",186,,鉱物オイル推奨,,3.00 - 21 WT,4.00 - 18 WT,シングルディスク,ドラム,ー,ー,ー,ー,,,,,,,,,,,,,02959,,,,,,,,KN-161,02959_1.jpg
BMW,797.5cc,1991,,R80,,,61211459650(53030),BP6ES,2,"2,175",800,"1,106",210,Monolever,鉱物オイル推奨,,90 90 - 18 51H TL,120 90 - 18 65H TL,シングルディスク,ドラム,/,/,/,/,,,,,,,,,,,,,03952,,,,,,,,KN-161,03952_1.jpg
BMW,797.5cc,1992,,R80,,,61211459650(53030),BP6ES,2,"2,175",800,"1,106",210,Monolever,鉱物オイル推奨,,90 90 - 18 51H TL,120 90 - 18 65H TL,シングルディスク,ドラム,/,/,/,/,,,,,,,,,,,,,03952,,,,,,,,KN-161,03952_1.jpg
BMW,797.5cc,1993,,R80,,,61211459650(53030),BP6ES,2,"2,175",800,"1,106",210,Monolever,鉱物オイル推奨,,90 90 - 18 51H TL,120 90 - 18 65H TL,シングルディスク,ドラム,/,/,/,/,,,,,,,,,,,,,03952,,,,,,,,KN-161,03952_1.jpg
BMW,797.5cc,1994,,R80,,,61211459650(53030),BP6ES,2,"2,175",800,"1,106",210,Monolever,鉱物オイル推奨,,90 90 - 18 51H TL,120 90 - 18 65H TL,シングルディスク,ドラム,/,/,/,/,,,,,,,,,,,,,03952,,,,,,,,KN-161,03952_1.jpg
BMW,797.5cc,1988,,R80GS Paris Dakar,,,61211459650(53030),BP6ES,2,0,0,0,0,,鉱物オイル推奨,,,,シングルディスク,ディスク,/,/,/,/,,,,,,,,,,,,,02962,,,,,,,,KN-161,
BMW,797.5cc,1989,,R80GS Paris Dakar,,,61211459650(53030),BP6ES,2,0,0,0,0,,鉱物オイル推奨,,,,シングルディスク,ディスク,/,/,/,/,,,,,,,,,,,,,02962,,,,,,,,KN-161,
BMW,797.5cc,1990,,R80GS Paris Dakar,,,61211459650(53030),BP6ES,2,0,0,0,0,,鉱物オイル推奨,,,,シングルディスク,ディスク,/,/,/,/,,,,,,,,,,,,,02962,,,,,,,,KN-161,
BMW,797.5cc,1991,,R80GS Paris Dakar,,,61211459650(53030),BP6ES,2,0,0,0,0,,鉱物オイル推奨,,,,シングルディスク,ディスク,/,/,/,/,,,,,,,,,,,,,02962,,,,,,,,KN-161,
BMW,797.5cc,1992,,R80GS Paris Dakar,,,61211459650(53030),BP6ES,2,0,0,0,0,,鉱物オイル推奨,,,,シングルディスク,ディスク,/,/,/,/,,,,,,,,,,,,,02962,,,,,,,,KN-161,
BMW,797.5cc,1993,,R80GS Paris Dakar,,,61211459650(53030),BP6ES,2,0,0,0,0,,鉱物オイル推奨,,,,シングルディスク,ディスク,/,/,/,/,,,,,,,,,,,,,02962,,,,,,,,KN-161,
BMW,797.5cc,1994,,R80GS Paris Dakar,,,61211459650(53030),BP6ES,2,0,0,0,0,,鉱物オイル推奨,,,,シングルディスク,ディスク,/,/,/,/,,,,,,,,,,,,,02962,,,,,,,,KN-161,
BMW,797.5cc,1987,,R80GS,,,61211459650(53030),BP6ES,2,"2,290","1,000","1,165",210,,鉱物オイル推奨,,90 90 - 21 S WT,130 80 - 17 S WT,シングルディスク,ドラム,/,/,/,/,,,,,,,,,,,,,02958,,,,,,,,KN-161,02958_1.jpg
BMW,797.5cc,1988,,R80GS,,,61211459650(53030),BP6ES,2,"2,290","1,000","1,165",210,,鉱物オイル推奨,,90 90 - 21 S WT,130 80 - 17 S WT,シングルディスク,ドラム,/,/,/,/,,,,,,,,,,,,,02958,,,,,,,,KN-161,02958_1.jpg
BMW,797.5cc,1989,,R80GS,,,61211459650(53030),BP6ES,2,"2,290","1,000","1,165",210,,鉱物オイル推奨,,90 90 - 21 S WT,130 80 - 17 S WT,シングルディスク,ドラム,/,/,/,/,,,,,,,,,,,,,02958,,,,,,,,KN-161,02958_1.jpg
BMW,797.5cc,1990,,R80GS,,,61211459650(53030),BP6ES,2,"2,290","1,000","1,165",210,,鉱物オイル推奨,,90 90 - 21 S WT,130 80 - 17 S WT,シングルディスク,ドラム,/,/,/,/,,,,,,,,,,,,,02958,,,,,,,,KN-161,02958_1.jpg
BMW,797.5cc,1991,,R80GS,,,61211459650(53030),BP6ES,2,"2,290","1,000","1,165",210,,鉱物オイル推奨,,90 90 - 21 S WT,130 80 - 17 S WT,シングルディスク,ドラム,/,/,/,/,,,,,,,,,,,,,02958,,,,,,,,KN-161,02958_1.jpg
BMW,797.5cc,1992,,R80GS,,,61211459650(53030),BP6ES,2,"2,290","1,000","1,165",210,,鉱物オイル推奨,,90 90 - 21 S WT,130 80 - 17 S WT,シングルディスク,ドラム,/,/,/,/,,,,,,,,,,,,,02958,,,,,,,,KN-161,02958_1.jpg
BMW,797.5cc,1993,,R80GS,,,61211459650(53030),BP6ES,2,"2,290","1,000","1,165",210,,鉱物オイル推奨,,90 90 - 21 S WT,130 80 - 17 S WT,シングルディスク,ドラム,/,/,/,/,,,,,,,,,,,,,02958,,,,,,,,KN-161,02958_1.jpg
BMW,797.5cc,1994,,R80GS,,,61211459650(53030),BP6ES,2,"2,290","1,000","1,165",210,,鉱物オイル推奨,,90 90 - 21 S WT,130 80 - 17 S WT,シングルディスク,ドラム,/,/,/,/,,,,,,,,,,,,,02958,,,,,,,,KN-161,02958_1.jpg
BMW,797.5cc,1995,,R80GS,,,61211459650(53030),BP6ES,2,"2,290","1,000","1,165",210,,鉱物オイル推奨,,90 90 - 21 S WT,130 80 - 17 S WT,シングルディスク,ドラム,/,/,/,/,,,,,,,,,,,,,02958,,,,,,,,KN-161,02958_1.jpg
BMW,797.5cc,1996,,R80GS,,,61211459650(53030),BP6ES,2,"2,290","1,000","1,165",210,,鉱物オイル推奨,,90 90 - 21 S WT,130 80 - 17 S WT,シングルディスク,ドラム,/,/,/,/,,,,,,,,,,,,,02958,,,,,,,,KN-161,02958_1.jpg
BMW,798cc,1982,,R80ST,,,61212346800(YT19BL-BS),BP6ES,2,"2,180",790,"1,150",198,,鉱物オイル推奨,,100 90 - 19 H WT,120 90 - 18 H WT,シングルディスク,ドラム,ー,ー,ー,ー,,,,,,,,,,,,,03956,,,,,,,,KN-161,03956_1.jpg
BMW,798cc,1983,,R80ST,,,61212346800(YT19BL-BS),BP6ES,2,"2,180",790,"1,150",198,,鉱物オイル推奨,,100 90 - 19 H WT,120 90 - 18 H WT,シングルディスク,ドラム,ー,ー,ー,ー,,,,,,,,,,,,,03956,,,,,,,,KN-161,03956_1.jpg
BMW,798cc,1984,,R80ST,,,61212346800(YT19BL-BS),BP6ES,2,"2,180",790,"1,150",198,,鉱物オイル推奨,,100 90 - 19 H WT,120 90 - 18 H WT,シングルディスク,ドラム,ー,ー,ー,ー,,,,,,,,,,,,,03956,,,,,,,,KN-161,03956_1.jpg
BMW,797.5cc,1984,,R80RT,,,61211459650(53030),BP6ES,2,"2,175",960,"1,478",227,,鉱物オイル推奨,,90 90 - 18 51H TL,120 90 - 18 65H TL,シングルディスク,ドラム,ー,ー,ー,ー,,"SD-933, SD-933",,,,,,,,,,,02963,,,,,,,,KN-161,02963_1.jpg
BMW,797.5cc,1985,,R80RT,,,61211459650(53030),BP6ES,2,"2,175",960,"1,478",227,,鉱物オイル推奨,,90 90 - 18 51H TL,120 90 - 18 65H TL,シングルディスク,ドラム,ー,ー,ー,ー,,"SD-933, SD-933",,,,,,,,,,,02963,,,,,,,,KN-161,02963_1.jpg
BMW,797.5cc,1986,,R80RT,,,61211459650(53030),BP6ES,2,"2,175",960,"1,478",227,,鉱物オイル推奨,,90 90 - 18 51H TL,120 90 - 18 65H TL,シングルディスク,ドラム,ー,ー,ー,ー,,"SD-933, SD-933",,,,,,,,,,,02963,,,,,,,,KN-161,02963_1.jpg
BMW,797.5cc,1987,,R80RT,,,61211459650(53030),BP6ES,2,"2,175",960,"1,478",227,,鉱物オイル推奨,,90 90 - 18 51H TL,120 90 - 18 65H TL,シングルディスク,ドラム,ー,ー,ー,ー,,"SD-933, SD-933",,,,,,,,,,,02963,,,,,,,,KN-161,02963_1.jpg
BMW,797.5cc,1988,,R80RT,,,61211459650(53030),BP6ES,2,"2,175",960,"1,478",227,,鉱物オイル推奨,,90 90 - 18 51H TL,120 90 - 18 65H TL,シングルディスク,ドラム,ー,ー,ー,ー,,"SD-933, SD-933",,,,,,,,,,,02963,,,,,,,,KN-161,02963_1.jpg
BMW,797.5cc,1989,,R80RT,,,61211459650(53030),BP6ES,2,"2,175",960,"1,478",227,,鉱物オイル推奨,,90 90 - 18 51H TL,120 90 - 18 65H TL,シングルディスク,ドラム,ー,ー,ー,ー,,"SD-933, SD-933",,,,,,,,,,,02963,,,,,,,,KN-161,02963_1.jpg
BMW,797.5cc,1990,,R80RT,,,61211459650(53030),BP6ES,2,"2,175",960,"1,478",227,,鉱物オイル推奨,,90 90 - 18 51H TL,120 90 - 18 65H TL,シングルディスク,ドラム,ー,ー,ー,ー,,"SD-933, SD-933",,,,,,,,,,,02963,,,,,,,,KN-161,02963_1.jpg
BMW,797.5cc,1991,,R80RT,,,61211459650(53030),BP6ES,2,"2,175",960,"1,478",227,,鉱物オイル推奨,,90 90 - 18 51H TL,120 90 - 18 65H TL,シングルディスク,ドラム,ー,ー,ー,ー,,"SD-933, SD-933",,,,,,,,,,,02963,,,,,,,,KN-161,02963_1.jpg
BMW,797.5cc,1992,,R80RT,,,61211459650(53030),BP6ES,2,"2,175",960,"1,478",227,,鉱物オイル推奨,,90 90 - 18 51H TL,120 90 - 18 65H TL,シングルディスク,ドラム,ー,ー,ー,ー,,"SD-933, SD-933",,,,,,,,,,,02963,,,,,,,,KN-161,02963_1.jpg
BMW,797.5cc,1993,,R80RT,,,61211459650(53030),BP6ES,2,"2,175",960,"1,478",227,,鉱物オイル推奨,,90 90 - 18 51H TL,120 90 - 18 65H TL,シングルディスク,ドラム,ー,ー,ー,ー,,"SD-933, SD-933",,,,,,,,,,,02963,,,,,,,,KN-161,02963_1.jpg
BMW,797.5cc,1994,,R80RT,,,61211459650(53030),BP6ES,2,"2,175",960,"1,478",227,,鉱物オイル推奨,,90 90 - 18 51H TL,120 90 - 18 65H TL,シングルディスク,ドラム,ー,ー,ー,ー,,"SD-933, SD-933",,,,,,,,,,,02963,,,,,,,,KN-161,02963_1.jpg
BMW,797.5cc,1995,,R80RT,,,61211459650(53030),BP6ES,2,"2,175",960,"1,478",227,,鉱物オイル推奨,,90 90 - 18 51H TL,120 90 - 18 65H TL,シングルディスク,ドラム,ー,ー,ー,ー,,"SD-933, SD-933",,,,,,,,,,,02963,,,,,,,,KN-161,02963_1.jpg
BMW,898cc,1981,,R90TT,,,/,/,,0,0,0,0,,/,,,,/,/,/,/,/,/,,,,,,,,,,,,,02972,,,,,,,,,
BMW,898cc,1982,,R90TT,,,/,/,,0,0,0,0,,/,,,,/,/,/,/,/,/,,,,,,,,,,,,,02972,,,,,,,,,
BMW,898cc,1983,,R90TT,,,/,/,,0,0,0,0,,/,,,,/,/,/,/,/,/,,,,,,,,,,,,,02972,,,,,,,,,
BMW,898cc,1984,,R90TT,,,/,/,,0,0,0,0,,/,,,,/,/,/,/,/,/,,,,,,,,,,,,,02972,,,,,,,,,
BMW,898cc,1985,,R90TT,,,/,/,,0,0,0,0,,/,,,,/,/,/,/,/,/,,,,,,,,,,,,,02972,,,,,,,,,
BMW,1169cc,2007,,HP2 Megamoto,122EF,,61217708614(YTZ14S),DCPR8EKC,4,"2,350",850,"1,220",203,K25,/,,120 70 ZR 17 58W TL,180 55 ZR 17 73W TL,Wディスク,ディスク,ー,ー,ー,ー,,"SD-9000, SD-9000","SD-947, SD-947","VD-9000JL, VD-9000JL","VD-947JL, VD-947JL",,,,,,,,02882,BM-08704,,KN-164,,,,,,02882_1.jpg
BMW,1169cc,2008,,HP2 Megamoto,122EF,,61217708614(YTZ14S),DCPR8EKC,4,"2,350",850,"1,220",203,K25,/,,120 70 ZR 17 58W TL,180 55 ZR 17 73W TL,Wディスク,ディスク,ー,ー,ー,ー,,"SD-9000, SD-9000","SD-947, SD-947","VD-9000JL, VD-9000JL","VD-947JL, VD-947JL",,,,,,,,02882,BM-08704,,KN-164,,,,,,02882_1.jpg
BMW,1169cc,2009,,HP2 Megamoto,122EF,,61217708614(YTZ14S),DCPR8EKC,4,"2,350",850,"1,220",203,K25,/,,120 70 ZR 17 58W TL,180 55 ZR 17 73W TL,Wディスク,ディスク,ー,ー,ー,ー,,"SD-9000, SD-9000","SD-947, SD-947","VD-9000JL, VD-9000JL","VD-947JL, VD-947JL",,,,,,,,02882,BM-08704,,KN-164,,,,,,02882_1.jpg
BMW,1169cc,2010,,HP2 Megamoto,122EF,,61217708614(YTZ14S),DCPR8EKC,4,"2,350",850,"1,220",203,K25,/,,120 70 ZR 17 58W TL,180 55 ZR 17 73W TL,Wディスク,ディスク,ー,ー,ー,ー,,"SD-9000, SD-9000","SD-947, SD-947","VD-9000JL, VD-9000JL","VD-947JL, VD-947JL",,,,,,,,02882,BM-08704,,KN-164,,,,,,02882_1.jpg
BMW,1169cc,2011,,HP2 Megamoto,122EF,,61217708614(YTZ14S),DCPR8EKC,4,"2,350",850,"1,220",203,K25,/,,120 70 ZR 17 58W TL,180 55 ZR 17 73W TL,Wディスク,ディスク,ー,ー,ー,ー,,"SD-9000, SD-9000","SD-947, SD-947","VD-9000JL, VD-9000JL","VD-947JL, VD-947JL",,,,,,,,02882,BM-08704,,KN-164,,,,,,02882_1.jpg
BMW,1169cc,2012,,HP2 Megamoto,122EF,,61217708614(YTZ14S),DCPR8EKC,4,"2,350",850,"1,220",203,K25,/,,120 70 ZR 17 58W TL,180 55 ZR 17 73W TL,Wディスク,ディスク,ー,ー,ー,ー,,"SD-9000, SD-9000","SD-947, SD-947","VD-9000JL, VD-9000JL","VD-947JL, VD-947JL",,,,,,,,02882,BM-08704,,KN-164,,,,,,02882_1.jpg
BMW,1169cc,2008,,HP2 Megamoto,122EF,,61217708614(YTZ14S),DCPR8EKC,4,"2,350",850,"1,220",203,K25　ABS,/,,120 70 ZR 17 58W TL,180 55 ZR 17 73W TL,Wディスク,ディスク,ー,ー,ー,ー,,"SD-9000, SD-9000","SD-947, SD-947","VD-9000JL, VD-9000JL","VD-947JL, VD-947JL",,,,,,,,03939,BM-08704,,KN-164,,,,,,03939_1.jpg
BMW,1169cc,2009,,HP2 Megamoto,122EF,,61217708614(YTZ14S),DCPR8EKC,4,"2,350",850,"1,220",203,K25　ABS,/,,120 70 ZR 17 58W TL,180 55 ZR 17 73W TL,Wディスク,ディスク,ー,ー,ー,ー,,"SD-9000, SD-9000","SD-947, SD-947","VD-9000JL, VD-9000JL","VD-947JL, VD-947JL",,,,,,,,03939,BM-08704,,KN-164,,,,,,03939_1.jpg
BMW,1169cc,2010,,HP2 Megamoto,122EF,,61217708614(YTZ14S),DCPR8EKC,4,"2,350",850,"1,220",203,K25　ABS,/,,120 70 ZR 17 58W TL,180 55 ZR 17 73W TL,Wディスク,ディスク,ー,ー,ー,ー,,"SD-9000, SD-9000","SD-947, SD-947","VD-9000JL, VD-9000JL","VD-947JL, VD-947JL",,,,,,,,03939,BM-08704,,KN-164,,,,,,03939_1.jpg
BMW,1169cc,2011,,HP2 Megamoto,122EF,,61217708614(YTZ14S),DCPR8EKC,4,"2,350",850,"1,220",203,K25　ABS,/,,120 70 ZR 17 58W TL,180 55 ZR 17 73W TL,Wディスク,ディスク,ー,ー,ー,ー,,"SD-9000, SD-9000","SD-947, SD-947","VD-9000JL, VD-9000JL","VD-947JL, VD-947JL",,,,,,,,03939,BM-08704,,KN-164,,,,,,03939_1.jpg
BMW,1169cc,2012,,HP2 Megamoto,122EF,,61217708614(YTZ14S),DCPR8EKC,4,"2,350",850,"1,220",203,K25　ABS,/,,120 70 ZR 17 58W TL,180 55 ZR 17 73W TL,Wディスク,ディスク,ー,ー,ー,ー,,"SD-9000, SD-9000","SD-947, SD-947","VD-9000JL, VD-9000JL","VD-947JL, VD-947JL",,,,,,,,03939,BM-08704,,KN-164,,,,,,03939_1.jpg
BMW,1169cc,2008,,HP2 SPORT,,,61217708614(YTZ14S),MAR9A-J,2,"2,135",750,"1,163",199,K29,/,,120 70 ZR 17 58W TL,190 55 ZR 17 75W TL,Wディスク,ディスク,ー,ー,ー,ー,,"SD-9031, SD-9031","SD-947/2, SD-947/2","VD-9031JL, VD-9031JL","VD-947/2JL, VD-947/2JL","ZD-9031CT, ZD-9031CT",,,,,,,02883,BM-08704,,KN-164,,,,,,02883_1.jpg
BMW,1169cc,2009,,HP2 SPORT,,,61217708614(YTZ14S),MAR9A-J,2,"2,135",750,"1,163",199,K29,/,,120 70 ZR 17 58W TL,190 55 ZR 17 75W TL,Wディスク,ディスク,ー,ー,ー,ー,,"SD-9031, SD-9031","SD-947/2, SD-947/2","VD-9031JL, VD-9031JL","VD-947/2JL, VD-947/2JL","ZD-9031CT, ZD-9031CT",,,,,,,02883,BM-08704,,KN-164,,,,,,02883_1.jpg
BMW,1169cc,2010,,HP2 SPORT,,,61217708614(YTZ14S),MAR9A-J,2,"2,135",750,"1,163",199,K29,/,,120 70 ZR 17 58W TL,190 55 ZR 17 75W TL,Wディスク,ディスク,ー,ー,ー,ー,,"SD-9031, SD-9031","SD-947/2, SD-947/2","VD-9031JL, VD-9031JL","VD-947/2JL, VD-947/2JL","ZD-9031CT, ZD-9031CT",,,,,,,02883,BM-08704,,KN-164,,,,,,02883_1.jpg
BMW,1169cc,2011,,HP2 SPORT,,,61217708614(YTZ14S),MAR9A-J,2,"2,135",750,"1,163",199,K29,/,,120 70 ZR 17 58W TL,190 55 ZR 17 75W TL,Wディスク,ディスク,ー,ー,ー,ー,,"SD-9031, SD-9031","SD-947/2, SD-947/2","VD-9031JL, VD-9031JL","VD-947/2JL, VD-947/2JL","ZD-9031CT, ZD-9031CT",,,,,,,02883,BM-08704,,KN-164,,,,,,02883_1.jpg
BMW,1171cc,2002,,K1200GT,,,61212346800(YT19BL-BS),DPR7EA-9,4,"2,215",755,"1,390",300,K41,3.5,,120 70 ZR 17 58W TL,180 55 ZR 17 73W TL,Wディスク,ディスク,ー,ー,ー,ー,,"SD-9000, SD-9000","SD-907, SD-907","VD-9000JL, VD-9000JL","VD-907JL, VD-907JL",,,,,,,,02897,,,KN-163,,,,,,02897_1.jpg
BMW,1171cc,2003,,K1200GT,,,61212346800(YT19BL-BS),DPR7EA-9,4,"2,215",755,"1,390",300,K41,3.5,,120 70 ZR 17 58W TL,180 55 ZR 17 73W TL,Wディスク,ディスク,ー,ー,ー,ー,,"SD-9000, SD-9000","SD-907, SD-907","VD-9000JL, VD-9000JL","VD-907JL, VD-907JL",,,,,,,,02897,,,KN-163,,,,,,02897_1.jpg
BMW,1171cc,2004,,K1200GT,,,61212346800(YT19BL-BS),DPR7EA-9,4,"2,215",755,"1,390",300,K41,3.5,,120 70 ZR 17 58W TL,180 55 ZR 17 73W TL,Wディスク,ディスク,ー,ー,ー,ー,,"SD-9000, SD-9000","SD-907, SD-907","VD-9000JL, VD-9000JL","VD-907JL, VD-907JL",,,,,,,,02897,,,KN-163,,,,,,02897_1.jpg
BMW,1171cc,2005,,K1200GT,,,61212346800(YT19BL-BS),DPR7EA-9,4,"2,215",755,"1,390",300,K41,3.5,,120 70 ZR 17 58W TL,180 55 ZR 17 73W TL,Wディスク,ディスク,ー,ー,ー,ー,,"SD-9000, SD-9000","SD-907, SD-907","VD-9000JL, VD-9000JL","VD-907JL, VD-907JL",,,,,,,,02897,,,KN-163,,,,,,02897_1.jpg
BMW,1156cc,2006,,K1200GT,,,61212346800(YT19BL-BS),KR9CI,4,"2,355",990,"1,690",300,K44,3.5,,120 70 ZR 17 58W TL,180 55 ZR 17 73W TL,Wディスク,ディスク,ー,ー,ー,ー,,"SD-9000, SD-9000","SD-947, SD-947","VD-9000JL, VD-9000JL","VD-947JL, VD-947JL",,,,,,,,02895,BM-08703,,KN-160,,,,,,02895_1.jpg
BMW,1156cc,2007,,K1200GT,,,61212346800(YT19BL-BS),KR9CI,4,"2,355",990,"1,690",300,K44,3.5,,120 70 ZR 17 58W TL,180 55 ZR 17 73W TL,Wディスク,ディスク,ー,ー,ー,ー,,"SD-9000, SD-9000","SD-947, SD-947","VD-9000JL, VD-9000JL","VD-947JL, VD-947JL",,,,,,,,02895,BM-08703,,KN-160,,,,,,02895_1.jpg
BMW,1156cc,2008,,K1200GT,,,61212346800(YT19BL-BS),KR9CI,4,"2,355",990,"1,690",300,K44,3.5,,120 70 ZR 17 58W TL,180 55 ZR 17 73W TL,Wディスク,ディスク,ー,ー,ー,ー,,"SD-9000, SD-9000","SD-947, SD-947","VD-9000JL, VD-9000JL","VD-947JL, VD-947JL",,,,,,,,02895,BM-08703,,KN-160,,,,,,02895_1.jpg
BMW,1156cc,1999,,K1200LT,,,61212346800(YT19BL-BS),DPR7EA-9,4,"2,465","1,100",0,378,K589,3.5,,120 70 ZR 17 58V TL,160 70 ZR 17 79V TL,Wディスク,ディスク,ー,ー,ー,ー,,,,,,,,,,,,,02896,,,KN-163,,,,,,02896_1.jpg
BMW,1156cc,2000,,K1200LT,,,61212346800(YT19BL-BS),DPR7EA-9,4,"2,465","1,100",0,378,K589,3.5,,120 70 ZR 17 58V TL,160 70 ZR 17 79V TL,Wディスク,ディスク,ー,ー,ー,ー,,,,,,,,,,,,,02896,,,KN-163,,,,,,02896_1.jpg
BMW,1171cc,2001,,K1200LT ABS,,,61212346800(YT19BL-BS),DPR7EA-9,4,"2,465","1,100",0,378,K589　ABS,3.5,,120 70 ZR 17 58V TL,160 70 ZR 17 79V TL,Wディスク,ディスク,ー,ー,ー,ー,,"SD-439, SD-439","SD-972, SD-972","VD-439JL, VD-439JL","VD-972JL, VD-972JL",,,,,,,,02898,,,KN-163,,,,,,02898_1.jpg
BMW,1171cc,2002,,K1200LT ABS,,,61212346800(YT19BL-BS),DPR7EA-9,4,"2,465","1,100",0,378,K589　ABS,3.5,,120 70 ZR 17 58V TL,160 70 ZR 17 79V TL,Wディスク,ディスク,ー,ー,ー,ー,,"SD-439, SD-439","SD-972, SD-972","VD-439JL, VD-439JL","VD-972JL, VD-972JL",,,,,,,,02898,,,KN-163,,,,,,02898_1.jpg
BMW,1171cc,2003,,K1200LT ABS,,,61212346800(YT19BL-BS),DPR7EA-9,4,"2,465","1,100",0,378,K589　ABS,3.5,,120 70 ZR 17 58V TL,160 70 ZR 17 79V TL,Wディスク,ディスク,ー,ー,ー,ー,,"SD-439, SD-439","SD-972, SD-972","VD-439JL, VD-439JL","VD-972JL, VD-972JL",,,,,,,,02898,,,KN-163,,,,,,02898_1.jpg
BMW,1171cc,2004,,K1200LT ABS,,,61212346800(YT19BL-BS),DPR7EA-9,4,"2,465","1,100",0,378,K589　ABS,3.5,,120 70 ZR 17 58V TL,160 70 ZR 17 79V TL,Wディスク,ディスク,ー,ー,ー,ー,,"SD-439, SD-439","SD-972, SD-972","VD-439JL, VD-439JL","VD-972JL, VD-972JL",,,,,,,,02898,,,KN-163,,,,,,02898_1.jpg
BMW,1171cc,2005,,K1200LT ABS,,,61212346800(YT19BL-BS),DPR7EA-9,4,"2,465","1,100",0,378,K589　ABS,3.5,,120 70 ZR 17 58V TL,160 70 ZR 17 79V TL,Wディスク,ディスク,ー,ー,ー,ー,,"SD-439, SD-439","SD-972, SD-972","VD-439JL, VD-439JL","VD-972JL, VD-972JL",,,,,,,,02898,,,KN-163,,,,,,02898_1.jpg
BMW,1171cc,2006,,K1200LT ABS,,,61212346800(YT19BL-BS),DPR7EA-9,4,"2,465","1,100",0,378,K589　ABS,3.5,,120 70 ZR 17 58V TL,160 70 ZR 17 79V TL,Wディスク,ディスク,ー,ー,ー,ー,,"SD-439, SD-439","SD-972, SD-972","VD-439JL, VD-439JL","VD-972JL, VD-972JL",,,,,,,,02898,,,KN-163,,,,,,02898_1.jpg
BMW,1171cc,2007,,K1200LT ABS,,,61212346800(YT19BL-BS),DPR7EA-9,4,"2,465","1,100",0,378,K589　ABS,3.5,,120 70 ZR 17 58V TL,160 70 ZR 17 79V TL,Wディスク,ディスク,ー,ー,ー,ー,,"SD-439, SD-439","SD-972, SD-972","VD-439JL, VD-439JL","VD-972JL, VD-972JL",,,,,,,,02898,,,KN-163,,,,,,02898_1.jpg
BMW,1156cc,2004,,K1200R,,,61218394179(YTX14-BS),KR9CI,4,"2,230",785,"1,095",250,K43,3.5,,120 70 ZR 17 58W TL,180 55 ZR 17 73W TL,Wディスク,ディスク,ー,ー,ー,ー,,"SD-439, SD-439","SD-947/2, SD-947/2","VD-439JL, VD-439JL","VD-947/2JL, VD-947/2JL",,,,"67464, 67464",,,,02899,BM-08703,,KN-160,,,,,,02899_1.jpg
BMW,1156cc,2005,,K1200R,,,61218394179(YTX14-BS),KR9CI,4,"2,230",785,"1,095",250,K43,3.5,,120 70 ZR 17 58W TL,180 55 ZR 17 73W TL,Wディスク,ディスク,ー,ー,ー,ー,,"SD-439, SD-439","SD-947/2, SD-947/2","VD-439JL, VD-439JL","VD-947/2JL, VD-947/2JL",,,,"67464, 67464",,,,02899,BM-08703,,KN-160,,,,,,02899_1.jpg
BMW,1156cc,2006,,K1200R,,,61218394179(YTX14-BS),KR9CI,4,"2,230",785,"1,095",250,K43,3.5,,120 70 ZR 17 58W TL,180 55 ZR 17 73W TL,Wディスク,ディスク,ー,ー,ー,ー,,"SD-439, SD-439","SD-947/2, SD-947/2","VD-439JL, VD-439JL","VD-947/2JL, VD-947/2JL",,,,"67464, 67464",,,,02899,BM-08703,,KN-160,,,,,,02899_1.jpg
BMW,1156cc,2007,,K1200R,,,61218394179(YTX14-BS),DCPR8EKC,4,"2,230",785,"1,095",250,K43　ABS,3.5,,120 70 ZR 17 58W TL,180 55 ZR 17 73W TL,Wディスク,ディスク,ー,ー,ー,ー,,"SD-439, SD-439","SD-947, SD-947","VD-439JL, VD-439JL","VD-947JL, VD-947JL",,,,"67464, 67464",,,,02900,BM-08703,,KN-160,,,,,,
BMW,1156cc,2008,,K1200R,,,61218394179(YTX14-BS),DCPR8EKC,4,"2,230",785,"1,095",250,K43　ABS,3.5,,120 70 ZR 17 58W TL,180 55 ZR 17 73W TL,Wディスク,ディスク,ー,ー,ー,ー,,"SD-439, SD-439","SD-947, SD-947","VD-439JL, VD-439JL","VD-947JL, VD-947JL",,,,"67464, 67464",,,,02900,BM-08703,,KN-160,,,,,,
BMW,1156cc,2009,,K1200R,,,61218394179(YTX14-BS),DCPR8EKC,4,"2,230",785,"1,095",250,K43　ABS,3.5,,120 70 ZR 17 58W TL,180 55 ZR 17 73W TL,Wディスク,ディスク,ー,ー,ー,ー,,"SD-439, SD-439","SD-947, SD-947","VD-439JL, VD-439JL","VD-947JL, VD-947JL",,,,"67464, 67464",,,,02900,BM-08703,,KN-160,,,,,,
BMW,1156cc,2006,,K1200R Sport,,,61218394179(YTX14-BS),DCPR8EKC,4,"2,230",790,"1,180",250,K43　ABS,3.5,,120 70 ZR 17 58W TL,180 55 ZR 17 73W TL,Wディスク,ディスク,/,/,/,/,,"SD-439, SD-439","SD-947/2, SD-947/2","VD-439JL, VD-439JL","VD-947/2JL, VD-947/2JL",,,,"67464, 67464",,,,02976,BM-08703,,KN-160,,,,,,02976_1.jpg
BMW,1156cc,2007,,K1200R Sport,,,61218394179(YTX14-BS),DCPR8EKC,4,"2,230",790,"1,180",250,K43　ABS,3.5,,120 70 ZR 17 58W TL,180 55 ZR 17 73W TL,Wディスク,ディスク,/,/,/,/,,"SD-439, SD-439","SD-947/2, SD-947/2","VD-439JL, VD-439JL","VD-947/2JL, VD-947/2JL",,,,"67464, 67464",,,,02976,BM-08703,,KN-160,,,,,,02976_1.jpg
BMW,1156cc,2008,,K1200R Sport,,,61218394179(YTX14-BS),DCPR8EKC,4,"2,230",790,"1,180",250,K43　ABS,3.5,,120 70 ZR 17 58W TL,180 55 ZR 17 73W TL,Wディスク,ディスク,/,/,/,/,,"SD-439, SD-439","SD-947/2, SD-947/2","VD-439JL, VD-439JL","VD-947/2JL, VD-947/2JL",,,,"67464, 67464",,,,02976,BM-08703,,KN-160,,,,,,02976_1.jpg
BMW,1156cc,1997,,K1200RS,,,61212346800(YT19BL-BS),DPR7EA-9,4,"2,215",850,"1,200",290,K589,3.5,,120 70 ZR 17 58W TL,170 60 ZR 17 72W TL,Wディスク,ディスク,ー,ー,ー,ー,,"SD-959, SD-959","SD-907, SD-907","VD-959JL, VD-959JL","VD-907JL, VD-907JL",,,,,,,,02901,,,KN-163,,,,,,
BMW,1156cc,1998,,K1200RS,,,61212346800(YT19BL-BS),DPR7EA-9,4,"2,215",850,"1,200",290,K589,3.5,,120 70 ZR 17 58W TL,170 60 ZR 17 72W TL,Wディスク,ディスク,ー,ー,ー,ー,,"SD-959, SD-959","SD-907, SD-907","VD-959JL, VD-959JL","VD-907JL, VD-907JL",,,,,,,,02901,,,KN-163,,,,,,
BMW,1156cc,1999,,K1200RS,,,61212346800(YT19BL-BS),DPR7EA-9,4,"2,215",850,"1,200",290,K589,3.5,,120 70 ZR 17 58W TL,170 60 ZR 17 72W TL,Wディスク,ディスク,ー,ー,ー,ー,,"SD-959, SD-959","SD-907, SD-907","VD-959JL, VD-959JL","VD-907JL, VD-907JL",,,,,,,,02901,,,KN-163,,,,,,
BMW,1156cc,2000,,K1200RS,,,61212346800(YT19BL-BS),DPR7EA-9,4,"2,215",850,"1,200",290,K589,3.5,,120 70 ZR 17 58W TL,170 60 ZR 17 72W TL,Wディスク,ディスク,ー,ー,ー,ー,,"SD-959, SD-959","SD-907, SD-907","VD-959JL, VD-959JL","VD-907JL, VD-907JL",,,,,,,,02901,,,KN-163,,,,,,
BMW,1171cc,2001,,K1200RS,,,61212346800(YT19BL-BS),DPR7EA-9,4,"2,215",850,"1,200",290,K41,3.5,,120 70 ZR 17 58W TL,170 60 ZR 17 72W TL,Wディスク,ディスク,ー,ー,ー,ー,,"SD-9000, SD-9000","SD-907, SD-907","VD-9000JL, VD-9000JL","VD-907JL, VD-907JL",,,,,,,,02902,,,KN-163,,,,,,02902_1.jpg
BMW,1171cc,2002,,K1200RS,,,61212346800(YT19BL-BS),DPR7EA-9,4,"2,215",850,"1,200",290,K41,3.5,,120 70 ZR 17 58W TL,170 60 ZR 17 72W TL,Wディスク,ディスク,ー,ー,ー,ー,,"SD-9000, SD-9000","SD-907, SD-907","VD-9000JL, VD-9000JL","VD-907JL, VD-907JL",,,,,,,,02902,,,KN-163,,,,,,02902_1.jpg
BMW,1171cc,2003,,K1200RS,,,61212346800(YT19BL-BS),DPR7EA-9,4,"2,215",850,"1,200",290,K41,3.5,,120 70 ZR 17 58W TL,170 60 ZR 17 72W TL,Wディスク,ディスク,ー,ー,ー,ー,,"SD-9000, SD-9000","SD-907, SD-907","VD-9000JL, VD-9000JL","VD-907JL, VD-907JL",,,,,,,,02902,,,KN-163,,,,,,02902_1.jpg
BMW,1171cc,2004,,K1200RS,,,61212346800(YT19BL-BS),DPR7EA-9,4,"2,215",850,"1,200",290,K41,3.5,,120 70 ZR 17 58W TL,170 60 ZR 17 72W TL,Wディスク,ディスク,ー,ー,ー,ー,,"SD-9000, SD-9000","SD-907, SD-907","VD-9000JL, VD-9000JL","VD-907JL, VD-907JL",,,,,,,,02902,,,KN-163,,,,,,02902_1.jpg
BMW,1171cc,2005,,K1200RS,,,61212346800(YT19BL-BS),DPR7EA-9,4,"2,215",850,"1,200",290,K41,3.5,,120 70 ZR 17 58W TL,170 60 ZR 17 72W TL,Wディスク,ディスク,ー,ー,ー,ー,,"SD-9000, SD-9000","SD-907, SD-907","VD-9000JL, VD-9000JL","VD-907JL, VD-907JL",,,,,,,,02902,,,KN-163,,,,,,02902_1.jpg
BMW,1171cc,2006,,K1200RS,,,61212346800(YT19BL-BS),DPR7EA-9,4,"2,215",850,"1,200",290,K41,3.5,,120 70 ZR 17 58W TL,170 60 ZR 17 72W TL,Wディスク,ディスク,ー,ー,ー,ー,,"SD-9000, SD-9000","SD-907, SD-907","VD-9000JL, VD-9000JL","VD-907JL, VD-907JL",,,,,,,,02902,,,KN-163,,,,,,02902_1.jpg
BMW,1172cc,2011,,K1200RT,,,/,/,,"2,502","1,080","1,395",345,,3.5,,120 70 ZR 17 W TL,160 70 ZR 17 W TL,Wディスク,ディスク,ー,ー,ー,ー,,,,,,,,,,,,,03972,BM-08703,,KN-160,,,,,,03972_1.jpg
BMW,1156cc,2005,,K1200S,,,61218394179(YTX14-BS),KR9CI,4,"2,220",905,"1,220",254,K40,3.5,,120 70 ZR 17 58W TL,190 50 ZR 17 73W TL,Wディスク,ディスク,ー,ー,ー,ー,,"SD-9000, SD-9000",,"VD-9000JL, VD-9000JL",,,,,,,,,02903,BM-08703,,KN-160,,,,,,02903_1.jpg
BMW,1156cc,2006,,K1200S,,,61218394179(YTX14-BS),KR9CI,4,"2,220",905,"1,220",254,K40,3.5,,120 70 ZR 17 58W TL,190 50 ZR 17 73W TL,Wディスク,ディスク,ー,ー,ー,ー,,"SD-9000, SD-9000",,"VD-9000JL, VD-9000JL",,,,,,,,,02903,BM-08703,,KN-160,,,,,,02903_1.jpg
BMW,1156cc,2007,,K1200S,,,61218394179(YTX14-BS),KR9CI,4,"2,220",905,"1,220",254,K40,3.5,,120 70 ZR 17 58W TL,190 50 ZR 17 73W TL,Wディスク,ディスク,ー,ー,ー,ー,,"SD-9000, SD-9000",,"VD-9000JL, VD-9000JL",,,,,,,,,02903,BM-08703,,KN-160,,,,,,02903_1.jpg
BMW,1156cc,2008,,K1200S,,,61218394179(YTX14-BS),KR9CI,4,"2,220",905,"1,220",254,K40,3.5,,120 70 ZR 17 58W TL,190 50 ZR 17 73W TL,Wディスク,ディスク,ー,ー,ー,ー,,"SD-9000, SD-9000",,"VD-9000JL, VD-9000JL",,,,,,,,,02903,BM-08703,,KN-160,,,,,,02903_1.jpg
BMW,1293cc,2009,,K1300GT,,,61212346800(YT19BL-BS),KR9CI,4,"2,318",982,"1,438",288,K44　ハイライン(ABS),3.5,,120 70 ZR 17 58W TL,180 55 ZR 17 73W TL,Wディスク,ディスク,ー,ー,ー,ー,,"SD-9000, SD-9000","SD-947, SD-947","VD-9000JL, VD-9000JL","VD-947JL, VD-947JL",,,,,,,,02904,BM-08703,,KN-160,,,,,,02904_1.jpg
BMW,1293cc,2010,,K1300GT,,,61212346800(YT19BL-BS),KR9CI,4,"2,318",982,"1,438",288,K44　ハイライン(ABS),3.5,,120 70 ZR 17 58W TL,180 55 ZR 17 73W TL,Wディスク,ディスク,ー,ー,ー,ー,,"SD-9000, SD-9000","SD-947, SD-947","VD-9000JL, VD-9000JL","VD-947JL, VD-947JL",,,,,,,,02904,BM-08703,,KN-160,,,,,,02904_1.jpg
BMW,1293cc,2011,,K1300GT,,,61212346800(YT19BL-BS),KR9CI,4,"2,318",982,"1,438",288,K44　ハイライン(ABS),3.5,,120 70 ZR 17 58W TL,180 55 ZR 17 73W TL,Wディスク,ディスク,ー,ー,ー,ー,,"SD-9000, SD-9000","SD-947, SD-947","VD-9000JL, VD-9000JL","VD-947JL, VD-947JL",,,,,,,,02904,BM-08703,,KN-160,,,,,,02904_1.jpg
BMW,1293cc,2009,,K1300GT,,,61212346800(YT19BL-BS),KR9CI,4,"2,318",982,"1,438",288,K44　プレミアムライン(ABS+ESA2),3.5,,120 70 ZR 17 58W TL,180 55 ZR 17 73W TL,Wディスク,ディスク,ー,ー,ー,ー,,"SD-9000, SD-9000","SD-947, SD-947","VD-9000JL, VD-9000JL","VD-947JL, VD-947JL",,,,,,,,03908,BM-08703,,KN-160,,,,,,03908_1.jpg
BMW,1293cc,2010,,K1300GT,,,61212346800(YT19BL-BS),KR9CI,4,"2,318",982,"1,438",288,K44　プレミアムライン(ABS+ESA2),3.5,,120 70 ZR 17 58W TL,180 55 ZR 17 73W TL,Wディスク,ディスク,ー,ー,ー,ー,,"SD-9000, SD-9000","SD-947, SD-947","VD-9000JL, VD-9000JL","VD-947JL, VD-947JL",,,,,,,,03908,BM-08703,,KN-160,,,,,,03908_1.jpg
BMW,1293cc,2011,,K1300GT,,,61212346800(YT19BL-BS),KR9CI,4,"2,318",982,"1,438",288,K44　プレミアムライン(ABS+ESA2),3.5,,120 70 ZR 17 58W TL,180 55 ZR 17 73W TL,Wディスク,ディスク,ー,ー,ー,ー,,"SD-9000, SD-9000","SD-947, SD-947","VD-9000JL, VD-9000JL","VD-947JL, VD-947JL",,,,,,,,03908,BM-08703,,KN-160,,,,,,03908_1.jpg
BMW,1293cc,2009,EBL-K13AA,K1300R,,K13AA -,61218394179(YTX14-BS),KR9CI,4,"2,223",856,"1,230",243,K43　アクティブライン(ベースモデル),3.5,,120 70 ZR 17 58W TL,190 55 ZR 17 75W TL,Wディスク,ディスク,ー,ー,ー,ー,,"SD-439, SD-439","SD-947/2, SD-947/2","VD-439JL, VD-439JL","VD-947/2JL, VD-947/2JL",,,,"67464, 67464",,,,02905,BM-08703,,KN-160,,,,,,02905_1.jpg
BMW,1293cc,2010,EBL-K13AA,K1300R,,K13AA -,61218394179(YTX14-BS),KR9CI,4,"2,223",856,"1,230",243,K43　アクティブライン(ベースモデル),3.5,,120 70 ZR 17 58W TL,190 55 ZR 17 75W TL,Wディスク,ディスク,ー,ー,ー,ー,,"SD-439, SD-439","SD-947/2, SD-947/2","VD-439JL, VD-439JL","VD-947/2JL, VD-947/2JL",,,,"67464, 67464",,,,02905,BM-08703,,KN-160,,,,,,02905_1.jpg
BMW,1293cc,2011,EBL-K13AA,K1300R,,K13AA -,61218394179(YTX14-BS),KR9CI,4,"2,223",856,"1,230",243,K43　アクティブライン(ベースモデル),3.5,,120 70 ZR 17 58W TL,190 55 ZR 17 75W TL,Wディスク,ディスク,ー,ー,ー,ー,,"SD-439, SD-439","SD-947/2, SD-947/2","VD-439JL, VD-439JL","VD-947/2JL, VD-947/2JL",,,,"67464, 67464",,,,02905,BM-08703,,KN-160,,,,,,02905_1.jpg
BMW,1293cc,2009,EBL-K13AA,K1300R,,K13AA -,61218394179(YTX14-BS),KR9CI,4,"2,223",856,"1,230",243,K43　ハイライン(ABS),3.5,,120 70 ZR 17 58W TL,190 55 ZR 17 75W TL,Wディスク,ディスク,ー,ー,ー,ー,,"SD-439, SD-439","SD-947/2, SD-947/2","VD-439JL, VD-439JL","VD-947/2JL, VD-947/2JL",,,,"67464, 67464",,,,03906,BM-08703,,KN-160,,,,,,03906_1.jpg
BMW,1293cc,2010,EBL-K13AA,K1300R,,K13AA -,61218394179(YTX14-BS),KR9CI,4,"2,223",856,"1,230",243,K43　ハイライン(ABS),3.5,,120 70 ZR 17 58W TL,190 55 ZR 17 75W TL,Wディスク,ディスク,ー,ー,ー,ー,,"SD-439, SD-439","SD-947/2, SD-947/2","VD-439JL, VD-439JL","VD-947/2JL, VD-947/2JL",,,,"67464, 67464",,,,03906,BM-08703,,KN-160,,,,,,03906_1.jpg
BMW,1293cc,2011,EBL-K13AA,K1300R,,K13AA -,61218394179(YTX14-BS),KR9CI,4,"2,223",856,"1,230",243,K43　ハイライン(ABS),3.5,,120 70 ZR 17 58W TL,190 55 ZR 17 75W TL,Wディスク,ディスク,ー,ー,ー,ー,,"SD-439, SD-439","SD-947/2, SD-947/2","VD-439JL, VD-439JL","VD-947/2JL, VD-947/2JL",,,,"67464, 67464",,,,03906,BM-08703,,KN-160,,,,,,03906_1.jpg
BMW,1293cc,2009,EBL-K13AA,K1300R,,K13AA -,61218394179(YTX14-BS),KR9CI,4,"2,223",856,"1,230",243,K43　プレミアムライン(ABS+ESA2),3.5,,120 70 ZR 17 58W TL,190 55 ZR 17 75W TL,Wディスク,ディスク,ー,ー,ー,ー,,"SD-439, SD-439","SD-947/2, SD-947/2","VD-439JL, VD-439JL","VD-947/2JL, VD-947/2JL",,,,"67464, 67464",,,,03907,BM-08703,,KN-160,,,,,,03907_1.jpg
BMW,1293cc,2010,EBL-K13AA,K1300R,,K13AA -,61218394179(YTX14-BS),KR9CI,4,"2,223",856,"1,230",243,K43　プレミアムライン(ABS+ESA2),3.5,,120 70 ZR 17 58W TL,190 55 ZR 17 75W TL,Wディスク,ディスク,ー,ー,ー,ー,,"SD-439, SD-439","SD-947/2, SD-947/2","VD-439JL, VD-439JL","VD-947/2JL, VD-947/2JL",,,,"67464, 67464",,,,03907,BM-08703,,KN-160,,,,,,03907_1.jpg
BMW,1293cc,2011,EBL-K13AA,K1300R,,K13AA -,61218394179(YTX14-BS),KR9CI,4,"2,223",856,"1,230",243,K43　プレミアムライン(ABS+ESA2),3.5,,120 70 ZR 17 58W TL,190 55 ZR 17 75W TL,Wディスク,ディスク,ー,ー,ー,ー,,"SD-439, SD-439","SD-947/2, SD-947/2","VD-439JL, VD-439JL","VD-947/2JL, VD-947/2JL",,,,"67464, 67464",,,,03907,BM-08703,,KN-160,,,,,,03907_1.jpg
BMW,1293cc,2012,EBL-K13AA,K1300R,,K13AA -,61218394179(YTX14-BS),KR9CI,4,"2,223",856,"1,230",243,K43　プレミアムライン(ABS+ESA2),3.5,,120 70 ZR 17 58W TL,190 55 ZR 17 75W TL,Wディスク,ディスク,ー,ー,ー,ー,,"SD-439, SD-439","SD-947/2, SD-947/2","VD-439JL, VD-439JL","VD-947/2JL, VD-947/2JL",,,,"67464, 67464",,,,03907,BM-08703,,KN-160,,,,,,03907_1.jpg
BMW,1293cc,2013,EBL-K13AA,K1300R,,K13AA -,61218394179(YTX14-BS),KR9CI,4,"2,223",856,"1,230",243,K43　プレミアムライン(ABS+ESA2),3.5,,120 70 ZR 17 58W TL,190 55 ZR 17 75W TL,Wディスク,ディスク,ー,ー,ー,ー,,"SD-439, SD-439","SD-947/2, SD-947/2","VD-439JL, VD-439JL","VD-947/2JL, VD-947/2JL",,,,"67464, 67464",,,,03907,BM-08703,,KN-160,,,,,,03907_1.jpg
BMW,1293cc,2014,EBL-K13AA,K1300R,,K13AA -,61218394179(YTX14-BS),KR9CI,4,"2,223",856,"1,230",243,K43　プレミアムライン(ABS+ESA2),3.5,,120 70 ZR 17 58W TL,190 55 ZR 17 75W TL,Wディスク,ディスク,ー,ー,ー,ー,,"SD-439, SD-439","SD-947/2, SD-947/2","VD-439JL, VD-439JL","VD-947/2JL, VD-947/2JL",,,,"67464, 67464",,,,03907,BM-08703,,KN-160,,,,,,03907_1.jpg
BMW,1293cc,2009,EBL-K13AA,K1300S,,K13AA -,61218394179(YTX14-BS),KR9CI,4,"2,196",905,"1,221",254,K40　アクティブライン(ベースモデル),3.5,,120 70 ZR 17 58W TL,190 55 ZR 17 75W TL,Wディスク,ディスク,ー,ー,ー,ー,,"SD-9000, SD-9000","SD-947, SD-947","VD-9000JL, VD-9000JL","VD-947JL, VD-947JL",,,,,,,,02906,BM-08703,,KN-160,,,,,,02906_1.jpg
BMW,1293cc,2010,EBL-K13AA,K1300S,,K13AA -,61218394179(YTX14-BS),KR9CI,4,"2,196",905,"1,221",254,K40　アクティブライン(ベースモデル),3.5,,120 70 ZR 17 58W TL,190 55 ZR 17 75W TL,Wディスク,ディスク,ー,ー,ー,ー,,"SD-9000, SD-9000","SD-947, SD-947","VD-9000JL, VD-9000JL","VD-947JL, VD-947JL",,,,,,,,02906,BM-08703,,KN-160,,,,,,02906_1.jpg
BMW,1293cc,2009,EBL-K13AA,K1300S,,K13AA -,61218394179(YTX14-BS),KR9CI,4,"2,196",905,"1,221",254,K40　プレミアムライン(ABS+ESA2),3.5,,120 70 ZR 17 58W TL,190 55 ZR 17 75W TL,Wディスク,ディスク,ー,ー,ー,ー,,"SD-9000, SD-9000","SD-947, SD-947","VD-9000JL, VD-9000JL","VD-947JL, VD-947JL",,,,,,,,03904,BM-08703,,KN-160,,,,,,03904_1.jpg
BMW,1293cc,2010,EBL-K13AA,K1300S,,K13AA -,61218394179(YTX14-BS),KR9CI,4,"2,196",905,"1,221",254,K40　プレミアムライン(ABS+ESA2),3.5,,120 70 ZR 17 58W TL,190 55 ZR 17 75W TL,Wディスク,ディスク,ー,ー,ー,ー,,"SD-9000, SD-9000","SD-947, SD-947","VD-9000JL, VD-9000JL","VD-947JL, VD-947JL",,,,,,,,03904,BM-08703,,KN-160,,,,,,03904_1.jpg
BMW,1293cc,2011,EBL-K13AA,K1300S,,K13AA -,61218394179(YTX14-BS),KR9CI,4,"2,196",905,"1,221",254,K40　プレミアムライン(ABS+ESA2),3.5,,120 70 ZR 17 58W TL,190 55 ZR 17 75W TL,Wディスク,ディスク,ー,ー,ー,ー,,"SD-9000, SD-9000","SD-947, SD-947","VD-9000JL, VD-9000JL","VD-947JL, VD-947JL",,,,,,,,03904,BM-08703,,KN-160,,,,,,03904_1.jpg
BMW,1293cc,2012,EBL-K13AA,K1300S,,K13AA -,61218394179(YTX14-BS),KR9CI,4,"2,196",905,"1,221",254,K40　プレミアムライン(ABS+ESA2),3.5,,120 70 ZR 17 58W TL,190 55 ZR 17 75W TL,Wディスク,ディスク,ー,ー,ー,ー,,"SD-9000, SD-9000","SD-947, SD-947","VD-9000JL, VD-9000JL","VD-947JL, VD-947JL",,,,,,,,03904,BM-08703,,KN-160,,,,,,03904_1.jpg
BMW,1293cc,2013,EBL-K13AA,K1300S,,K13AA -,61218394179(YTX14-BS),KR9CI,4,"2,196",905,"1,221",254,K40　プレミアムライン(ABS+ESA2),3.5,,120 70 ZR 17 58W TL,190 55 ZR 17 75W TL,Wディスク,ディスク,ー,ー,ー,ー,,"SD-9000, SD-9000","SD-947, SD-947","VD-9000JL, VD-9000JL","VD-947JL, VD-947JL",,,,,,,,03904,BM-08703,,KN-160,,,,,,03904_1.jpg
BMW,1293cc,2014,EBL-K13AA,K1300S,,K13AA -,61218394179(YTX14-BS),KR9CI,4,"2,196",905,"1,221",254,K40　プレミアムライン(ABS+ESA2),3.5,,120 70 ZR 17 58W TL,190 55 ZR 17 75W TL,Wディスク,ディスク,ー,ー,ー,ー,,"SD-9000, SD-9000","SD-947, SD-947","VD-9000JL, VD-9000JL","VD-947JL, VD-947JL",,,,,,,,03904,BM-08703,,KN-160,,,,,,03904_1.jpg
BMW,1293cc,2009,EBL-K13AA,K1300S,,K13AA -,61218394179(YTX14-BS),KR9CI,4,"2,196",905,"1,221",254,K40　ハイライン(ABS),3.5,,120 70 ZR 17 58W TL,190 55 ZR 17 75W TL,Wディスク,ディスク,ー,ー,ー,ー,,"SD-9000, SD-9000","SD-947, SD-947","VD-9000JL, VD-9000JL","VD-947JL, VD-947JL",,,,,,,,03903,BM-08703,,KN-160,,,,,,03903_1.jpg
BMW,1293cc,2010,EBL-K13AA,K1300S,,K13AA -,61218394179(YTX14-BS),KR9CI,4,"2,196",905,"1,221",254,K40　ハイライン(ABS),3.5,,120 70 ZR 17 58W TL,190 55 ZR 17 75W TL,Wディスク,ディスク,ー,ー,ー,ー,,"SD-9000, SD-9000","SD-947, SD-947","VD-9000JL, VD-9000JL","VD-947JL, VD-947JL",,,,,,,,03903,BM-08703,,KN-160,,,,,,03903_1.jpg
BMW,1293cc,2011,EBL-K13AA,K1300S,,K13AA -,61218394179(YTX14-BS),KR9CI,4,"2,196",905,"1,221",254,K40　ハイライン(ABS),3.5,,120 70 ZR 17 58W TL,190 55 ZR 17 75W TL,Wディスク,ディスク,ー,ー,ー,ー,,"SD-9000, SD-9000","SD-947, SD-947","VD-9000JL, VD-9000JL","VD-947JL, VD-947JL",,,,,,,,03903,BM-08703,,KN-160,,,,,,03903_1.jpg
BMW,1648cc,2022,,K1600 GRAND AMERICA,,,61218531121(YTX16-BS),LMAR8AI-10,6,"2,565","1,000","1,580",364,ユーロ5,4.5,,120 70 ZR 17 TL,190 55 ZR 17 TL,Wディスク,ディスク,ー,ー,ー,ー,,,,,,,,,,,,,04908,BM-08704,,,,,,,,04908_1.jpg
BMW,1648cc,2023,,K1600 GRAND AMERICA,,,61218531121(YTX16-BS),LMAR8AI-10,6,"2,565","1,000","1,580",364,ユーロ5,4.5,,120 70 ZR 17 TL,190 55 ZR 17 TL,Wディスク,ディスク,ー,ー,ー,ー,,,,,,,,,,,,,04908,BM-08704,,,,,,,,04908_1.jpg
BMW,1648cc,2018,2BL-K16AA,K1600 GRAND AMERICA,,,61218531121(YTX16-BS),LMAR8AI-8,6,"2,565","1,000","1,560",338,,4.5,,120 70 ZR 17 TL,190 55 ZR 17 TL,Wディスク,ディスク,ー,ー,ー,ー,,"SD-439/2, SD-439/2","SD-958, SD-958","VD-439/2JL, VD-439/2JL","VD-958JL, VD-958JL",,,,,,,,04521,BM-08704,,,,,,,,04521_1.jpg
BMW,1648cc,2019,2BL-K16AA,K1600 GRAND AMERICA,,,61218531121(YTX16-BS),LMAR8AI-8,6,"2,565","1,000","1,560",338,,4.5,,120 70 ZR 17 TL,190 55 ZR 17 TL,Wディスク,ディスク,ー,ー,ー,ー,,"SD-439/2, SD-439/2","SD-958, SD-958","VD-439/2JL, VD-439/2JL","VD-958JL, VD-958JL",,,,,,,,04521,BM-08704,,,,,,,,04521_1.jpg
BMW,1648cc,2020,2BL-K16AA,K1600 GRAND AMERICA,,,61218531121(YTX16-BS),LMAR8AI-8,6,"2,565","1,000","1,560",338,,4.5,,120 70 ZR 17 TL,190 55 ZR 17 TL,Wディスク,ディスク,ー,ー,ー,ー,,"SD-439/2, SD-439/2","SD-958, SD-958","VD-439/2JL, VD-439/2JL","VD-958JL, VD-958JL",,,,,,,,04521,BM-08704,,,,,,,,04521_1.jpg
BMW,1648cc,2021,2BL-K16AA,K1600 GRAND AMERICA,,,61218531121(YTX16-BS),LMAR8AI-8,6,"2,565","1,000","1,560",338,,4.5,,120 70 ZR 17 TL,190 55 ZR 17 TL,Wディスク,ディスク,ー,ー,ー,ー,,"SD-439/2, SD-439/2","SD-958, SD-958","VD-439/2JL, VD-439/2JL","VD-958JL, VD-958JL",,,,,,,,04521,BM-08704,,,,,,,,04521_1.jpg
BMW,1649cc,2018,2BL-K16AA,K1600B（Bagger）,,,61218531121(YTX16-BS),LMAR8AI-8,6,"2,450","1,000","1,300",350,K61,4.5,,120 70 ZR 17 58W TL,190 55 ZR 17 75W TL,Wディスク,ディスク,ー,ー,ー,ー,2.750,"SD-439/2, SD-439/2","SD-958, SD-958","VD-439/2JL, VD-439/2JL","VD-958JL, VD-958JL",,,,,,,,04520,BM-08704,,,,,,,,04520_1.jpg
BMW,1649cc,2019,2BL-K16AA,K1600B（Bagger）,,,61218531121(YTX16-BS),LMAR8AI-8,6,"2,450","1,000","1,300",350,K61,4.5,,120 70 ZR 17 58W TL,190 55 ZR 17 75W TL,Wディスク,ディスク,ー,ー,ー,ー,2.750,"SD-439/2, SD-439/2","SD-958, SD-958","VD-439/2JL, VD-439/2JL","VD-958JL, VD-958JL",,,,,,,,04520,BM-08704,,,,,,,,04520_1.jpg
BMW,1649cc,2020,2BL-K16AA,K1600B（Bagger）,,,61218531121(YTX16-BS),LMAR8AI-8,6,"2,450","1,000","1,300",350,K61,4.5,,120 70 ZR 17 58W TL,190 55 ZR 17 75W TL,Wディスク,ディスク,ー,ー,ー,ー,2.750,"SD-439/2, SD-439/2","SD-958, SD-958","VD-439/2JL, VD-439/2JL","VD-958JL, VD-958JL",,,,,,,,04520,BM-08704,,,,,,,,04520_1.jpg
BMW,1649cc,2021,2BL-K16AA,K1600B（Bagger）,,,61218531121(YTX16-BS),LMAR8AI-8,6,"2,450","1,000","1,300",350,K61,4.5,,120 70 ZR 17 58W TL,190 55 ZR 17 75W TL,Wディスク,ディスク,ー,ー,ー,ー,2.750,"SD-439/2, SD-439/2","SD-958, SD-958","VD-439/2JL, VD-439/2JL","VD-958JL, VD-958JL",,,,,,,,04520,BM-08704,,,,,,,,04520_1.jpg
BMW,1649cc,2022,2BL-K16AA,K1600B（Bagger）,,,61218531121(YTX16-BS),LMAR8AI-10,6,"2,450","1,000","1,340",354,K61　ユーロ5　LEDヘッドライト,/,,120 70 ZR 17 TL,190 55 ZR 17 TL,Wディスク,ディスク,ー,ー,ー,ー,,"SD-439/2, SD-439/2","SD-958, SD-958","VD-439/2JL, VD-439/2JL","VD-958JL, VD-958JL",,,,,,,,04907,BM-08704,,,,,,,,04907_1.jpg
BMW,1649cc,2023,2BL-K16AA,K1600B（Bagger）,,,61218531121(YTX16-BS),LMAR8AI-10,6,"2,450","1,000","1,340",354,K61　ユーロ5　LEDヘッドライト,/,,120 70 ZR 17 TL,190 55 ZR 17 TL,Wディスク,ディスク,ー,ー,ー,ー,,"SD-439/2, SD-439/2","SD-958, SD-958","VD-439/2JL, VD-439/2JL","VD-958JL, VD-958JL",,,,,,,,04907,BM-08704,,,,,,,,04907_1.jpg
BMW,1649cc,2017,2BL-K16AA,K1600GT,,K16AA -,61218531121(YTX16-BS),LMAR8AI-8,6,"2,324","1,000","1,440",332,K48　ユーロ4,4.5,,120 70 ZR 17 58W TL,190 55 ZR 17 75W TL,Wディスク,ディスク,ー,ー,ー,ー,,"SD-439/2, SD-439/2","SD-958, SD-958","VD-439/2JL, VD-439/2JL","VD-958JL, VD-958JL",,,,,,,,04394,BM-08704,,,,,,,,04394_1.jpg
BMW,1649cc,2018,2BL-K16AA,K1600GT,,K16AA -,61218531121(YTX16-BS),LMAR8AI-8,6,"2,324","1,000","1,440",332,K48　ユーロ4,4.5,,120 70 ZR 17 58W TL,190 55 ZR 17 75W TL,Wディスク,ディスク,ー,ー,ー,ー,,"SD-439/2, SD-439/2","SD-958, SD-958","VD-439/2JL, VD-439/2JL","VD-958JL, VD-958JL",,,,,,,,04394,BM-08704,,,,,,,,04394_1.jpg
BMW,1649cc,2019,2BL-K16AA,K1600GT,,K16AA -,61218531121(YTX16-BS),LMAR8AI-8,6,"2,324","1,000","1,440",332,K48　ユーロ4,4.5,,120 70 ZR 17 58W TL,190 55 ZR 17 75W TL,Wディスク,ディスク,ー,ー,ー,ー,,"SD-439/2, SD-439/2","SD-958, SD-958","VD-439/2JL, VD-439/2JL","VD-958JL, VD-958JL",,,,,,,,04394,BM-08704,,,,,,,,04394_1.jpg
BMW,1649cc,2020,2BL-K16AA,K1600GT,,K16AA -,61218531121(YTX16-BS),LMAR8AI-8,6,"2,324","1,000","1,440",332,K48　ユーロ4,4.5,,120 70 ZR 17 58W TL,190 55 ZR 17 75W TL,Wディスク,ディスク,ー,ー,ー,ー,,"SD-439/2, SD-439/2","SD-958, SD-958","VD-439/2JL, VD-439/2JL","VD-958JL, VD-958JL",,,,,,,,04394,BM-08704,,,,,,,,04394_1.jpg
BMW,1649cc,2021,2BL-K16AA,K1600GT,,K16AA -,61218531121(YTX16-BS),LMAR8AI-8,6,"2,324","1,000","1,440",332,K48　ユーロ4,4.5,,120 70 ZR 17 58W TL,190 55 ZR 17 75W TL,Wディスク,ディスク,ー,ー,ー,ー,,"SD-439/2, SD-439/2","SD-958, SD-958","VD-439/2JL, VD-439/2JL","VD-958JL, VD-958JL",,,,,,,,04394,BM-08704,,,,,,,,04394_1.jpg
BMW,1649cc,2013,EBL-K16AA,K1600GT,,K16AA -,61212346800(YT19BL-BS),LMAR8AI-8,6,"2,324","1,000","1,440",332,K48　ユーロ3,4.5,,120 70 ZR 17 58W TL,190 55 ZR 17 75W TL,Wディスク,ディスク,ー,ー,ー,ー,,"SD-439/2, SD-439/2","SD-958, SD-958","VD-439/2JL, VD-439/2JL","VD-958JL, VD-958JL",,,,,,,,03573,BM-08704,,,,,,,,03573_1.jpg
BMW,1649cc,2014,EBL-K16AA,K1600GT,,K16AA -,61212346800(YT19BL-BS),LMAR8AI-8,6,"2,324","1,000","1,440",332,K48　ユーロ3,4.5,,120 70 ZR 17 58W TL,190 55 ZR 17 75W TL,Wディスク,ディスク,ー,ー,ー,ー,,"SD-439/2, SD-439/2","SD-958, SD-958","VD-439/2JL, VD-439/2JL","VD-958JL, VD-958JL",,,,,,,,03573,BM-08704,,,,,,,,03573_1.jpg
BMW,1649cc,2015,EBL-K16AA,K1600GT,,K16AA -,61212346800(YT19BL-BS),LMAR8AI-8,6,"2,324","1,000","1,440",332,K48　ユーロ3,4.5,,120 70 ZR 17 58W TL,190 55 ZR 17 75W TL,Wディスク,ディスク,ー,ー,ー,ー,,"SD-439/2, SD-439/2","SD-958, SD-958","VD-439/2JL, VD-439/2JL","VD-958JL, VD-958JL",,,,,,,,03573,BM-08704,,,,,,,,03573_1.jpg
BMW,1649cc,2016,EBL-K16AA,K1600GT,,K16AA -,61212346800(YT19BL-BS),LMAR8AI-8,6,"2,324","1,000","1,440",332,K48　ユーロ3,4.5,,120 70 ZR 17 58W TL,190 55 ZR 17 75W TL,Wディスク,ディスク,ー,ー,ー,ー,,"SD-439/2, SD-439/2","SD-958, SD-958","VD-439/2JL, VD-439/2JL","VD-958JL, VD-958JL",,,,,,,,03573,BM-08704,,,,,,,,03573_1.jpg
BMW,1649cc,2022,,K1600GT,A40A16A,,61218531121(YTX16-BS),LMAR8AI-10,6,"2,310","1,000","1,440",350,K48　ユーロ5　LEDヘッドライト,/,,120 70 ZR 17 TL,190 55 ZR 17 TL,Wディスク,ディスク,ー,ー,ー,ー,,"SD-439/2, SD-439/2","SD-958, SD-958","VD-439/2JL, VD-439/2JL","VD-958JL, VD-958JL",,,,,,,,04905,BM-08704,,,,,,,,04905_1.jpg
BMW,1649cc,2023,,K1600GT,A40A16A,,61218531121(YTX16-BS),LMAR8AI-10,6,"2,310","1,000","1,440",350,K48　ユーロ5　LEDヘッドライト,/,,120 70 ZR 17 TL,190 55 ZR 17 TL,Wディスク,ディスク,ー,ー,ー,ー,,"SD-439/2, SD-439/2","SD-958, SD-958","VD-439/2JL, VD-439/2JL","VD-958JL, VD-958JL",,,,,,,,04905,BM-08704,,,,,,,,04905_1.jpg
BMW,1649cc,2024,,K1600GT,A40A16A,,61218531121(YTX16-BS),LMAR8AI-10,6,"2,310","1,000","1,440",350,K48　ユーロ5　LEDヘッドライト,/,,120 70 ZR 17 TL,190 55 ZR 17 TL,Wディスク,ディスク,ー,ー,ー,ー,,"SD-439/2, SD-439/2","SD-958, SD-958","VD-439/2JL, VD-439/2JL","VD-958JL, VD-958JL",,,,,,,,04905,BM-08704,,,,,,,,04905_1.jpg
BMW,1649cc,2025,,K1600GT,A40A16A,,61218531121(YTX16-BS),LMAR8AI-10,6,"2,310","1,000","1,440",350,K48　ユーロ5　LEDヘッドライト,/,,120 70 ZR 17 TL,190 55 ZR 17 TL,Wディスク,ディスク,ー,ー,ー,ー,,"SD-439/2, SD-439/2","SD-958, SD-958","VD-439/2JL, VD-439/2JL","VD-958JL, VD-958JL",,,,,,,,04905,BM-08704,,,,,,,,04905_1.jpg
BMW,1649cc,2026,,K1600GT,A40A16A,,61218531121(YTX16-BS),LMAR8AI-10,6,"2,310","1,000","1,440",350,K48　ユーロ5　LEDヘッドライト,/,,120 70 ZR 17 TL,190 55 ZR 17 TL,Wディスク,ディスク,ー,ー,ー,ー,,"SD-439/2, SD-439/2","SD-958, SD-958","VD-439/2JL, VD-439/2JL","VD-958JL, VD-958JL",,,,,,,,04905,BM-08704,,,,,,,,04905_1.jpg
BMW,1649cc,2011,EBL-K16AA,K1600GTL,,K16AA -,61212346800(YT19BL-BS),LMAR8AI-8,6,"2,489","1,000","1,465",348,K48,4.5,,120 70 ZR 17 58W TL,190 55 ZR 17 75W TL,Wディスク,ディスク,ー,ー,ー,ー,,"SD-439/2, SD-439/2","SD-958, SD-958","VD-439/2JL, VD-439/2JL","VD-958JL, VD-958JL",,,,,,,,03446,BM-08704,,,,,,,,03446_1.jpg
BMW,1649cc,2012,EBL-K16AA,K1600GTL,,K16AA -,61212346800(YT19BL-BS),LMAR8AI-8,6,"2,489","1,000","1,465",348,K48,4.5,,120 70 ZR 17 58W TL,190 55 ZR 17 75W TL,Wディスク,ディスク,ー,ー,ー,ー,,"SD-439/2, SD-439/2","SD-958, SD-958","VD-439/2JL, VD-439/2JL","VD-958JL, VD-958JL",,,,,,,,03446,BM-08704,,,,,,,,03446_1.jpg
BMW,1649cc,2013,EBL-K16AA,K1600GTL,,K16AA -,61212346800(YT19BL-BS),LMAR8AI-8,6,"2,489","1,000","1,465",348,K48,4.5,,120 70 ZR 17 58W TL,190 55 ZR 17 75W TL,Wディスク,ディスク,ー,ー,ー,ー,,"SD-439/2, SD-439/2","SD-958, SD-958","VD-439/2JL, VD-439/2JL","VD-958JL, VD-958JL",,,,,,,,03446,BM-08704,,,,,,,,03446_1.jpg
BMW,1649cc,2014,EBL-K16AA,K1600GTL,,K16AA -,61212346800(YT19BL-BS),LMAR8AI-8,6,"2,489","1,000","1,465",348,K48,4.5,,120 70 ZR 17 58W TL,190 55 ZR 17 75W TL,Wディスク,ディスク,ー,ー,ー,ー,,"SD-439/2, SD-439/2","SD-958, SD-958","VD-439/2JL, VD-439/2JL","VD-958JL, VD-958JL",,,,,,,,03446,BM-08704,,,,,,,,03446_1.jpg
BMW,1649cc,2015,EBL-K16AA,K1600GTL,,K16AA -,61212346800(YT19BL-BS),LMAR8AI-8,6,"2,489","1,000","1,465",348,K48,4.5,,120 70 ZR 17 58W TL,190 55 ZR 17 75W TL,Wディスク,ディスク,ー,ー,ー,ー,,"SD-439/2, SD-439/2","SD-958, SD-958","VD-439/2JL, VD-439/2JL","VD-958JL, VD-958JL",,,,,,,,03446,BM-08704,,,,,,,,03446_1.jpg
BMW,1649cc,2016,EBL-K16AA,K1600GTL,,K16AA -,61212346800(YT19BL-BS),LMAR8AI-8,6,"2,489","1,000","1,465",348,K48,4.5,,120 70 ZR 17 58W TL,190 55 ZR 17 75W TL,Wディスク,ディスク,ー,ー,ー,ー,,"SD-439/2, SD-439/2","SD-958, SD-958","VD-439/2JL, VD-439/2JL","VD-958JL, VD-958JL",,,,,,,,03446,BM-08704,,,,,,,,03446_1.jpg
BMW,1649cc,2017,2BL-K16AA,K1600GTL,,K16AA -,61218531121(YTX16-BS),LMAR8AI-8,6,"2,489","1,000","1,465",350,K48　ユーロ4,4.5,,120 70 ZR 17 58W TL,190 55 ZR 17 75W TL,Wディスク,ディスク,ー,ー,ー,ー,,"SD-439/2, SD-439/2","SD-958, SD-958","VD-439/2JL, VD-439/2JL","VD-958JL, VD-958JL",,,,,,,,04751,BM-08704,,,,,,,,04751_1.jpg
BMW,1649cc,2018,2BL-K16AA,K1600GTL,,K16AA -,61218531121(YTX16-BS),LMAR8AI-8,6,"2,489","1,000","1,465",350,K48　ユーロ4,4.5,,120 70 ZR 17 58W TL,190 55 ZR 17 75W TL,Wディスク,ディスク,ー,ー,ー,ー,,"SD-439/2, SD-439/2","SD-958, SD-958","VD-439/2JL, VD-439/2JL","VD-958JL, VD-958JL",,,,,,,,04751,BM-08704,,,,,,,,04751_1.jpg
BMW,1649cc,2019,2BL-K16AA,K1600GTL,,K16AA -,61218531121(YTX16-BS),LMAR8AI-8,6,"2,489","1,000","1,465",350,K48　ユーロ4,4.5,,120 70 ZR 17 58W TL,190 55 ZR 17 75W TL,Wディスク,ディスク,ー,ー,ー,ー,,"SD-439/2, SD-439/2","SD-958, SD-958","VD-439/2JL, VD-439/2JL","VD-958JL, VD-958JL",,,,,,,,04751,BM-08704,,,,,,,,04751_1.jpg
BMW,1649cc,2020,2BL-K16AA,K1600GTL,,K16AA -,61218531121(YTX16-BS),LMAR8AI-8,6,"2,489","1,000","1,465",350,K48　ユーロ4,4.5,,120 70 ZR 17 58W TL,190 55 ZR 17 75W TL,Wディスク,ディスク,ー,ー,ー,ー,,"SD-439/2, SD-439/2","SD-958, SD-958","VD-439/2JL, VD-439/2JL","VD-958JL, VD-958JL",,,,,,,,04751,BM-08704,,,,,,,,04751_1.jpg
BMW,1649cc,2021,2BL-K16AA,K1600GTL,,K16AA -,61218531121(YTX16-BS),LMAR8AI-8,6,"2,489","1,000","1,465",350,K48　ユーロ4,4.5,,120 70 ZR 17 58W TL,190 55 ZR 17 75W TL,Wディスク,ディスク,ー,ー,ー,ー,,"SD-439/2, SD-439/2","SD-958, SD-958","VD-439/2JL, VD-439/2JL","VD-958JL, VD-958JL",,,,,,,,04751,BM-08704,,,,,,,,04751_1.jpg
BMW,1649cc,2022,,K1600GTL,A40A16A,,61218531121(YTX16-BS),LMAR8AI-10,6,"2,489","1,000","1,490",358,K48　ユーロ5,/,,120 70 ZR 17 TL,190 55 ZR 17 TL,Wディスク,ディスク,ー,ー,ー,ー,,"SD-439/2, SD-439/2","SD-958, SD-958","VD-439/2JL, VD-439/2JL","VD-958JL, VD-958JL",,,,,,,,04906,BM-08704,,,,,,,,04906_1.jpg
BMW,1649cc,2023,,K1600GTL,A40A16A,,61218531121(YTX16-BS),LMAR8AI-10,6,"2,489","1,000","1,490",358,K48　ユーロ5,/,,120 70 ZR 17 TL,190 55 ZR 17 TL,Wディスク,ディスク,ー,ー,ー,ー,,"SD-439/2, SD-439/2","SD-958, SD-958","VD-439/2JL, VD-439/2JL","VD-958JL, VD-958JL",,,,,,,,04906,BM-08704,,,,,,,,04906_1.jpg
BMW,1649cc,2024,,K1600GTL,A40A16A,,61218531121(YTX16-BS),LMAR8AI-10,6,"2,489","1,000","1,490",358,K48　ユーロ5,/,,120 70 ZR 17 TL,190 55 ZR 17 TL,Wディスク,ディスク,ー,ー,ー,ー,,"SD-439/2, SD-439/2","SD-958, SD-958","VD-439/2JL, VD-439/2JL","VD-958JL, VD-958JL",,,,,,,,04906,BM-08704,,,,,,,,04906_1.jpg
BMW,1649cc,2025,,K1600GTL,A40A16A,,61218531121(YTX16-BS),LMAR8AI-10,6,"2,489","1,000","1,490",358,K48　ユーロ5,/,,120 70 ZR 17 TL,190 55 ZR 17 TL,Wディスク,ディスク,ー,ー,ー,ー,,"SD-439/2, SD-439/2","SD-958, SD-958","VD-439/2JL, VD-439/2JL","VD-958JL, VD-958JL",,,,,,,,04906,BM-08704,,,,,,,,04906_1.jpg
BMW,1649cc,2026,,K1600GTL,A40A16A,,61218531121(YTX16-BS),LMAR8AI-10,6,"2,489","1,000","1,490",358,K48　ユーロ5,/,,120 70 ZR 17 TL,190 55 ZR 17 TL,Wディスク,ディスク,ー,ー,ー,ー,,"SD-439/2, SD-439/2","SD-958, SD-958","VD-439/2JL, VD-439/2JL","VD-958JL, VD-958JL",,,,,,,,04906,BM-08704,,,,,,,,04906_1.jpg
BMW,1169cc,2025,,R  12 G/S,A72B12B,,/,MAR8AI-10DS,/,"2,250",860,"1,256",229,KR2,/,,90 90 - 21 V,150 70 R 17 V,Wディスク,ディスク,ー,ー,ー,ー,,,,,,,,,,,,,05298,,,,,,,,,05298_1.jpg
BMW,1169cc,2026,,R  12 G/S,A72B12B,,/,MAR8AI-10DS,/,"2,250",860,"1,256",229,KR2,/,,90 90 - 21 V,150 70 R 17 V,Wディスク,ディスク,ー,ー,ー,ー,,,,,,,,,,,,,05298,,,,,,,,,05298_1.jpg
BMW,1649cc,2014,EBL-K16AA,K1600GTL EXCLUSIVE,,K16AA -,61212346800(YT19BL-BS),LMAR8AI-8,6,"2,489","1,000","1,465",360,K48　上級グレード特別仕様モデル,4.5,,120 70 ZR 17 58W TL,190 55 ZR 17 75W TL,Wディスク,ディスク,/,/,/,/,,"SD-439/2, SD-439/2","SD-958, SD-958","VD-439/2JL, VD-439/2JL","VD-958JL, VD-958JL",,,,,,,,03909,BM-08704,,,,,,,,03909_1.jpg
BMW,1649cc,2015,EBL-K16AA,K1600GTL EXCLUSIVE,,K16AA -,61212346800(YT19BL-BS),LMAR8AI-8,6,"2,489","1,000","1,465",360,K48　上級グレード特別仕様モデル,4.5,,120 70 ZR 17 58W TL,190 55 ZR 17 75W TL,Wディスク,ディスク,/,/,/,/,,"SD-439/2, SD-439/2","SD-958, SD-958","VD-439/2JL, VD-439/2JL","VD-958JL, VD-958JL",,,,,,,,03909,BM-08704,,,,,,,,03909_1.jpg
BMW,1649cc,2016,EBL-K16AA,K1600GTL EXCLUSIVE,,K16AA -,61212346800(YT19BL-BS),LMAR8AI-8,6,"2,489","1,000","1,465",360,K48　上級グレード特別仕様モデル,4.5,,120 70 ZR 17 58W TL,190 55 ZR 17 75W TL,Wディスク,ディスク,/,/,/,/,,"SD-439/2, SD-439/2","SD-958, SD-958","VD-439/2JL, VD-439/2JL","VD-958JL, VD-958JL",,,,,,,,03909,BM-08704,,,,,,,,03909_1.jpg
BMW,1649cc,2017,EBL-K16AA,K1600GTL EXCLUSIVE,,K16AA -,61212346800(YT19BL-BS),LMAR8AI-8,6,"2,489","1,000","1,465",360,K48　上級グレード特別仕様モデル,4.5,,120 70 ZR 17 58W TL,190 55 ZR 17 75W TL,Wディスク,ディスク,/,/,/,/,,"SD-439/2, SD-439/2","SD-958, SD-958","VD-439/2JL, VD-439/2JL","VD-958JL, VD-958JL",,,,,,,,03909,BM-08704,,,,,,,,03909_1.jpg
BMW,1649cc,2018,EBL-K16AA,K1600GTL EXCLUSIVE,,K16AA -,61212346800(YT19BL-BS),LMAR8AI-8,6,"2,489","1,000","1,465",360,K48　上級グレード特別仕様モデル,4.5,,120 70 ZR 17 58W TL,190 55 ZR 17 75W TL,Wディスク,ディスク,/,/,/,/,,"SD-439/2, SD-439/2","SD-958, SD-958","VD-439/2JL, VD-439/2JL","VD-958JL, VD-958JL",,,,,,,,03909,BM-08704,,,,,,,,03909_1.jpg
BMW,1169cc,2025,,R  12 G/S GSスポーツ,A72B12B,,/,MAR8AI-10DS,/,"2,250",970,"1,256",229,ライディングモードプロ、エンデューロパッケージプロ、リアタイヤ18インチ、オフロードタイヤ,/,,90 90 - 21 R,150 70 R 18 R,Wディスク,ディスク,ー,ー,ー,ー,,,,,,,,,,,,,05299,,,,,,,,,05299_1.jpg
BMW,1169cc,2024,,R 12,A72B12B,,61218389125(LTX14),MAR8AI-10DS,2,"2,210",830,"1,110",230,KR3,/,,100 90 R 19 TL,150 80 R 16 TL,Wディスク,ディスク,ー,ー,ー,ー,,"SD-9070, SD-9070","SD-947, SD-947","VD-9070JL, VD-9070JL","VD-947JL, VD-947JL",,,,,,,,05201,,,,,,,,,05201_1.jpg
BMW,1169cc,2025,,R 12,A72B12B,,61218389125(LTX14),MAR8AI-10DS,2,"2,210",830,"1,110",230,KR3,/,,100 90 R 19 TL,150 80 R 16 TL,Wディスク,ディスク,ー,ー,ー,ー,,"SD-9070, SD-9070","SD-947, SD-947","VD-9070JL, VD-9070JL","VD-947JL, VD-947JL",,,,,,,,05201,,,,,,,,,05201_1.jpg
BMW,1169cc,2025,,R 12 S,,,,/,/,"2,130",870,"1,070",220,KR2,/,,120 70 ZR 17,180 55 ZR 17,Wディスク,ディスク,/,/,/,/,,,,,,,,,,,,,05290,,,,,,,,,05290_1.jpg
BMW,1169cc,2024,,R 12 nineT,A72B12B,,61218389125(LTX14),MAR8AI-10DS,2,"2,140",870,"1,070",222,KR1,/,,120 70 ZR 17 TL,180 55 ZR 17 TL,Wディスク,ディスク,ー,ー,ー,ー,,"SD-9070, SD-9070","SD-947, SD-947","VD-9070JL, VD-9070JL","VD-947JL, VD-947JL",,,,,,,,05200,,,,,,,,,05200_1.jpg
BMW,1169cc,2025,,R 12 nineT,A72B12B,,61218389125(LTX14),MAR8AI-10DS,2,"2,140",870,"1,070",222,KR1,/,,120 70 ZR 17 TL,180 55 ZR 17 TL,Wディスク,ディスク,ー,ー,ー,ー,,"SD-9070, SD-9070","SD-947, SD-947","VD-9070JL, VD-9070JL","VD-947JL, VD-947JL",,,,,,,,05200,,,,,,,,,05200_1.jpg
BMW,1169cc,2026,,R 12 nineT,A72B12B,,61218389125(LTX14),MAR8AI-10DS,2,"2,140",870,"1,070",222,KR1,/,,120 70 ZR 17 TL,180 55 ZR 17 TL,Wディスク,ディスク,ー,ー,ー,ー,,"SD-9070, SD-9070","SD-947, SD-947","VD-9070JL, VD-9070JL","VD-947JL, VD-947JL",,,,,,,,05200,,,,,,,,,05200_1.jpg
BMW,1170cc,2014,EBL-R12JB,R nineT,122EJ,R12JB -,61218394179(ETX14),MAR8B-JDS,4,"2,085",890,"1,265",222,K21　ABS　■STD（チューブレス）・Special Edition（チューブタイヤ）,3.8,,120 70 ZR 17 TL,180 55 ZR 17 TL,Wディスク,ディスク,ー,ー,ー,ー,2.909,"SD-9070, SD-9070","SD-947, SD-947","VD-9070JL, VD-9070JL","VD-947JL, VD-947JL","ZD-9070CT, ZD-9070CT",,,,,,,03766,BM-08704,,KN-164,,,,,,03766_1.jpg
BMW,1170cc,2015,EBL-R12JB,R nineT,122EJ,R12JB -,61218394179(ETX14),MAR8B-JDS,4,"2,085",890,"1,265",222,K21　ABS　■STD（チューブレス）・Special Edition（チューブタイヤ）,3.8,,120 70 ZR 17 TL,180 55 ZR 17 TL,Wディスク,ディスク,ー,ー,ー,ー,2.909,"SD-9070, SD-9070","SD-947, SD-947","VD-9070JL, VD-9070JL","VD-947JL, VD-947JL","ZD-9070CT, ZD-9070CT",,,,,,,03766,BM-08704,,KN-164,,,,,,03766_1.jpg
BMW,1170cc,2016,EBL-R12JB,R nineT,122EJ,R12JB -,61218394179(ETX14),MAR8B-JDS,4,"2,085",890,"1,265",222,K21　ABS　■STD（チューブレス）・Special Edition（チューブタイヤ）,3.8,,120 70 ZR 17 TL,180 55 ZR 17 TL,Wディスク,ディスク,ー,ー,ー,ー,2.909,"SD-9070, SD-9070","SD-947, SD-947","VD-9070JL, VD-9070JL","VD-947JL, VD-947JL","ZD-9070CT, ZD-9070CT",,,,,,,03766,BM-08704,,KN-164,,,,,,03766_1.jpg
BMW,1169cc,2017,EBL-R12JB,R nineT,122EJ,R12JB -,61218394179(ETX14),MAR8B-JDS,4,"2,105",870,"1,060",222,K21　ABS　ユーロ4　■STD,3.8,,120 70 ZR 17 TL,180 55 ZR 17 TL,Wディスク,ディスク,ー,ー,ー,ー,2.909,"SD-9070, SD-9070","SD-947, SD-947","VD-9070JL, VD-9070JL","VD-947JL, VD-947JL","ZD-9070CT, ZD-9070CT",,,,,,,04381,BM-08704,,KN-164,,,,,,04381_1.jpg
BMW,1169cc,2018,EBL-R12JB,R nineT,122EJ,R12JB -,61218394179(ETX14),MAR8B-JDS,4,"2,105",870,"1,060",222,K21　ABS　ユーロ4　■STD,3.8,,120 70 ZR 17 TL,180 55 ZR 17 TL,Wディスク,ディスク,ー,ー,ー,ー,2.909,"SD-9070, SD-9070","SD-947, SD-947","VD-9070JL, VD-9070JL","VD-947JL, VD-947JL","ZD-9070CT, ZD-9070CT",,,,,,,04381,BM-08704,,KN-164,,,,,,04381_1.jpg
BMW,1169cc,2019,EBL-R12JB,R nineT,122EJ,R12JB -,61218394179(ETX14),MAR8B-JDS,4,"2,105",870,"1,060",222,K21　ABS　ユーロ4　■STD,3.8,,120 70 ZR 17 TL,180 55 ZR 17 TL,Wディスク,ディスク,ー,ー,ー,ー,2.909,"SD-9070, SD-9070","SD-947, SD-947","VD-9070JL, VD-9070JL","VD-947JL, VD-947JL","ZD-9070CT, ZD-9070CT",,,,,,,04381,BM-08704,,KN-164,,,,,,04381_1.jpg
BMW,1169cc,2020,EBL-R12JB,R nineT,122EJ,R12JB -,61218394179(ETX14),MAR8B-JDS,4,"2,105",870,"1,060",222,K21　ABS　ユーロ4　■STD,3.8,,120 70 ZR 17 TL,180 55 ZR 17 TL,Wディスク,ディスク,ー,ー,ー,ー,2.909,"SD-9070, SD-9070","SD-947, SD-947","VD-9070JL, VD-9070JL","VD-947JL, VD-947JL","ZD-9070CT, ZD-9070CT",,,,,,,04381,BM-08704,,KN-164,,,,,,04381_1.jpg
BMW,1169cc,2021,,R nineT,A72B12A,,61218394179(ETX14),MAR8AI-10DS,4,"2,105",870,"1,100",224,K21　ABS Pro　ユーロ5　■STD(プレミアムライン)・100Years,/,,120 70 ZR 17,180 55 ZR 17,Wディスク,ディスク,ー,ー,ー,ー,/,"SD-9070, SD-9070","SD-947, SD-947","VD-9070JL, VD-9070JL","VD-947JL, VD-947JL","ZD-9070CT, ZD-9070CT",,,,,,,04695,BM-08704,,KN-164,,,,,,04695_1.jpg
BMW,1169cc,2022,,R nineT,A72B12A,,61218394179(ETX14),MAR8AI-10DS,4,"2,105",870,"1,100",224,K21　ABS Pro　ユーロ5　■STD(プレミアムライン)・100Years,/,,120 70 ZR 17,180 55 ZR 17,Wディスク,ディスク,ー,ー,ー,ー,/,"SD-9070, SD-9070","SD-947, SD-947","VD-9070JL, VD-9070JL","VD-947JL, VD-947JL","ZD-9070CT, ZD-9070CT",,,,,,,04695,BM-08704,,KN-164,,,,,,04695_1.jpg
BMW,1169cc,2023,,R nineT,A72B12A,,61218394179(ETX14),MAR8AI-10DS,4,"2,105",870,"1,100",224,K21　ABS Pro　ユーロ5　■STD(プレミアムライン)・100Years,/,,120 70 ZR 17,180 55 ZR 17,Wディスク,ディスク,ー,ー,ー,ー,/,"SD-9070, SD-9070","SD-947, SD-947","VD-9070JL, VD-9070JL","VD-947JL, VD-947JL","ZD-9070CT, ZD-9070CT",,,,,,,04695,BM-08704,,KN-164,,,,,,04695_1.jpg
BMW,1169cc,2017,EBL-R12JB,R nineT Pure,122EJ,R12JB -,61218394179(ETX14),MAR8B-JDS,4,"2,105",870,"1,040",216,K22  Low仕様  ユーロ4,3.8,,120 70 ZR 17 TL,180 55 ZR 17 TL,Wディスク,ディスク,ー,ー,ー,ー,2.909,"SD-262, SD-262","SD-947, SD-947","VD-262JL, VD-262JL","VD-947JL, VD-947JL","ZD-262CT, ZD-262CT",,,"67359, 67359",,"72429, 72429",,04382,BM-08704,,KN-164,,,,,,04382_1.jpg
BMW,1169cc,2018,EBL-R12JB,R nineT Pure,122EJ,R12JB -,61218394179(ETX14),MAR8B-JDS,4,"2,105",870,"1,040",216,K22  Low仕様  ユーロ4,3.8,,120 70 ZR 17 TL,180 55 ZR 17 TL,Wディスク,ディスク,ー,ー,ー,ー,2.909,"SD-262, SD-262","SD-947, SD-947","VD-262JL, VD-262JL","VD-947JL, VD-947JL","ZD-262CT, ZD-262CT",,,"67359, 67359",,"72429, 72429",,04382,BM-08704,,KN-164,,,,,,04382_1.jpg
BMW,1169cc,2019,EBL-R12JB,R nineT Pure,122EJ,R12JB -,61218394179(ETX14),MAR8B-JDS,4,"2,105",870,"1,040",216,K22  Low仕様  ユーロ4,3.8,,120 70 ZR 17 TL,180 55 ZR 17 TL,Wディスク,ディスク,ー,ー,ー,ー,2.909,"SD-262, SD-262","SD-947, SD-947","VD-262JL, VD-262JL","VD-947JL, VD-947JL","ZD-262CT, ZD-262CT",,,"67359, 67359",,"72429, 72429",,04382,BM-08704,,KN-164,,,,,,04382_1.jpg
BMW,1169cc,2020,EBL-R12JB,R nineT Pure,122EJ,R12JB -,61218394179(ETX14),MAR8B-JDS,4,"2,105",870,"1,040",216,K22  Low仕様  ユーロ4,3.8,,120 70 ZR 17 TL,180 55 ZR 17 TL,Wディスク,ディスク,ー,ー,ー,ー,2.909,"SD-262, SD-262","SD-947, SD-947","VD-262JL, VD-262JL","VD-947JL, VD-947JL","ZD-262CT, ZD-262CT",,,"67359, 67359",,"72429, 72429",,04382,BM-08704,,KN-164,,,,,,04382_1.jpg
BMW,1169cc,2021,,R nineT Pure,A72B12A,,61218394179(ETX14),MAR8AI-10DS,4,"2,110",870,"1,100",222,K22　ユーロ5　■プレミアムライン・プレミアムスタンダード(ロ－ダウンサス)　・Final Edition,/,,120 70 ZR 17,180 55 ZR 17,Wディスク,ディスク,ー,ー,ー,ー,/,"SD-262, SD-262","SD-947, SD-947","VD-262JL, VD-262JL","VD-947JL, VD-947JL","ZD-262CT, ZD-262CT",,,"67359, 67359",,"72429, 72429",,04697,BM-08704,,KN-164,,,,,,04697_1.jpg
BMW,1169cc,2022,,R nineT Pure,A72B12A,,61218394179(ETX14),MAR8AI-10DS,4,"2,110",870,"1,100",222,K22　ユーロ5　■プレミアムライン・プレミアムスタンダード(ロ－ダウンサス)　・Final Edition,/,,120 70 ZR 17,180 55 ZR 17,Wディスク,ディスク,ー,ー,ー,ー,/,"SD-262, SD-262","SD-947, SD-947","VD-262JL, VD-262JL","VD-947JL, VD-947JL","ZD-262CT, ZD-262CT",,,"67359, 67359",,"72429, 72429",,04697,BM-08704,,KN-164,,,,,,04697_1.jpg
BMW,1169cc,2023,,R nineT Pure,A72B12A,,61218394179(ETX14),MAR8AI-10DS,4,"2,110",870,"1,100",222,K22　ユーロ5　■プレミアムライン・プレミアムスタンダード(ロ－ダウンサス)　・Final Edition,/,,120 70 ZR 17,180 55 ZR 17,Wディスク,ディスク,ー,ー,ー,ー,/,"SD-262, SD-262","SD-947, SD-947","VD-262JL, VD-262JL","VD-947JL, VD-947JL","ZD-262CT, ZD-262CT",,,"67359, 67359",,"72429, 72429",,04697,BM-08704,,KN-164,,,,,,04697_1.jpg
BMW,1169cc,2017,EBL-R12JB,R nineT Racer,,R12JB -,61218394179(ETX14),MAR8B-JDS,4,"2,105",920,"1,125",218,K32  FI　ABS　ユーロ4,3.8,,120 70 ZR 17 TL,180 55 ZR 17 TL,Wディスク,ディスク,ー,ー,ー,ー,2.909,"SD-262, SD-262","SD-947, SD-947","VD-262JL, VD-262JL","VD-947JL, VD-947JL","ZD-262CT, ZD-262CT",,,"67359, 67359",,"72429, 72429",,04383,BM-08704,,KN-164,,,,,,04383_1.jpg
BMW,1169cc,2018,EBL-R12JB,R nineT Racer,,R12JB -,61218394179(ETX14),MAR8B-JDS,4,"2,105",920,"1,125",218,K32  FI　ABS　ユーロ4,3.8,,120 70 ZR 17 TL,180 55 ZR 17 TL,Wディスク,ディスク,ー,ー,ー,ー,2.909,"SD-262, SD-262","SD-947, SD-947","VD-262JL, VD-262JL","VD-947JL, VD-947JL","ZD-262CT, ZD-262CT",,,"67359, 67359",,"72429, 72429",,04383,BM-08704,,KN-164,,,,,,04383_1.jpg
BMW,1169cc,2019,EBL-R12JB,R nineT Racer,,R12JB -,61218394179(ETX14),MAR8B-JDS,4,"2,105",920,"1,125",218,K32  FI　ABS　ユーロ4,3.8,,120 70 ZR 17 TL,180 55 ZR 17 TL,Wディスク,ディスク,ー,ー,ー,ー,2.909,"SD-262, SD-262","SD-947, SD-947","VD-262JL, VD-262JL","VD-947JL, VD-947JL","ZD-262CT, ZD-262CT",,,"67359, 67359",,"72429, 72429",,04383,BM-08704,,KN-164,,,,,,04383_1.jpg
BMW,1169cc,2020,EBL-R12JB,R nineT Racer,,R12JB -,61218394179(ETX14),MAR8B-JDS,4,"2,105",920,"1,125",218,K32  FI　ABS　ユーロ4,3.8,,120 70 ZR 17 TL,180 55 ZR 17 TL,Wディスク,ディスク,ー,ー,ー,ー,2.909,"SD-262, SD-262","SD-947, SD-947","VD-262JL, VD-262JL","VD-947JL, VD-947JL","ZD-262CT, ZD-262CT",,,"67359, 67359",,"72429, 72429",,04383,BM-08704,,KN-164,,,,,,04383_1.jpg
BMW,1169cc,2016,EBL-R12JB,R nineT Scrambler,122EJ,R12JB -,61218394179(ETX14),MAR8B-JDS,4,"2,175",880,"1,120",222,K23,3.8,,120 70 R 19 TL,170 60 R 17 TL,Wディスク,ディスク,ー,ー,ー,ー,2.909,"SD-262, SD-262","SD-947, SD-947","VD-262JL, VD-262JL","VD-947JL, VD-947JL","ZD-262CT, ZD-262CT",,,"67359, 67359",,"72429, 72429",,04224,BM-08704,,KN-164,,,,,,04224_1.jpg
BMW,1169cc,2017,EBL-R12JB,R nineT Scrambler,122EJ,R12JB -,61218394179(ETX14),MAR8B-JDS,4,"2,175",880,"1,120",222,K23,3.8,,120 70 R 19 TL,170 60 R 17 TL,Wディスク,ディスク,ー,ー,ー,ー,2.909,"SD-262, SD-262","SD-947, SD-947","VD-262JL, VD-262JL","VD-947JL, VD-947JL","ZD-262CT, ZD-262CT",,,"67359, 67359",,"72429, 72429",,04224,BM-08704,,KN-164,,,,,,04224_1.jpg
BMW,1169cc,2018,EBL-R12JB,R nineT Scrambler,122EJ,R12JB -,61218394179(ETX14),MAR8B-JDS,4,"2,175",880,"1,120",222,K23,3.8,,120 70 R 19 TL,170 60 R 17 TL,Wディスク,ディスク,ー,ー,ー,ー,2.909,"SD-262, SD-262","SD-947, SD-947","VD-262JL, VD-262JL","VD-947JL, VD-947JL","ZD-262CT, ZD-262CT",,,"67359, 67359",,"72429, 72429",,04224,BM-08704,,KN-164,,,,,,04224_1.jpg
BMW,1169cc,2019,EBL-R12JB,R nineT Scrambler,122EJ,R12JB -,61218394179(ETX14),MAR8B-JDS,4,"2,175",880,"1,120",222,K23,3.8,,120 70 R 19 TL,170 60 R 17 TL,Wディスク,ディスク,ー,ー,ー,ー,2.909,"SD-262, SD-262","SD-947, SD-947","VD-262JL, VD-262JL","VD-947JL, VD-947JL","ZD-262CT, ZD-262CT",,,"67359, 67359",,"72429, 72429",,04224,BM-08704,,KN-164,,,,,,04224_1.jpg
BMW,1169cc,2020,EBL-R12JB,R nineT Scrambler,122EJ,R12JB -,61218394179(ETX14),MAR8B-JDS,4,"2,175",880,"1,120",222,K23,3.8,,120 70 R 19 TL,170 60 R 17 TL,Wディスク,ディスク,ー,ー,ー,ー,2.909,"SD-262, SD-262","SD-947, SD-947","VD-262JL, VD-262JL","VD-947JL, VD-947JL","ZD-262CT, ZD-262CT",,,"67359, 67359",,"72429, 72429",,04224,BM-08704,,KN-164,,,,,,04224_1.jpg
BMW,1169cc,2021,,R nineT Scrambler,A72B12A,,61218394179(ETX14),MAR8AI-10DS,4,"2,175",870,"1,175",224,K23　ユーロ5　■プレミアムライン・プレミアムスタンダード(ロ－ダウンサス)　・Final Edition,/,,120 70 R 19,170 60 R 17,Wディスク,ディスク,ー,ー,ー,ー,/,"SD-262, SD-262","SD-947, SD-947","VD-262JL, VD-262JL","VD-947JL, VD-947JL","ZD-262CT, ZD-262CT",,,"67359, 67359",,"72429, 72429",,04696,,,,,,,,,04696_1.jpg
BMW,1169cc,2022,,R nineT Scrambler,A72B12A,,61218394179(ETX14),MAR8AI-10DS,4,"2,175",870,"1,175",224,K23　ユーロ5　■プレミアムライン・プレミアムスタンダード(ロ－ダウンサス)　・Final Edition,/,,120 70 R 19,170 60 R 17,Wディスク,ディスク,ー,ー,ー,ー,/,"SD-262, SD-262","SD-947, SD-947","VD-262JL, VD-262JL","VD-947JL, VD-947JL","ZD-262CT, ZD-262CT",,,"67359, 67359",,"72429, 72429",,04696,,,,,,,,,04696_1.jpg
BMW,1169cc,2023,,R nineT Scrambler,A72B12A,,61218394179(ETX14),MAR8AI-10DS,4,"2,175",870,"1,175",224,K23　ユーロ5　■プレミアムライン・プレミアムスタンダード(ロ－ダウンサス)　・Final Edition,/,,120 70 R 19,170 60 R 17,Wディスク,ディスク,ー,ー,ー,ー,/,"SD-262, SD-262","SD-947, SD-947","VD-262JL, VD-262JL","VD-947JL, VD-947JL","ZD-262CT, ZD-262CT",,,"67359, 67359",,"72429, 72429",,04696,,,,,,,,,04696_1.jpg
BMW,1169cc,2017,EBL-R12JB,R nineT Urban G/S,122EJ,R12JB -,61218394179(ETX14),MAR8B-JDS,4,"2,175",880,"1,170",221,K33　ユーロ4,3.8,,120 70 R 19 TL,170 60 R 17 TL,Wディスク,ディスク,ー,ー,ー,ー,2.909,"SD-262, SD-262","SD-947, SD-947","VD-262JL, VD-262JL","VD-947JL, VD-947JL","ZD-262CT, ZD-262CT",,,"67359, 67359",,"72429, 72429",,04384,BM-08704,,KN-164,,,,,,04384_1.jpg
BMW,1169cc,2018,EBL-R12JB,R nineT Urban G/S,122EJ,R12JB -,61218394179(ETX14),MAR8B-JDS,4,"2,175",880,"1,170",221,K33　ユーロ4,3.8,,120 70 R 19 TL,170 60 R 17 TL,Wディスク,ディスク,ー,ー,ー,ー,2.909,"SD-262, SD-262","SD-947, SD-947","VD-262JL, VD-262JL","VD-947JL, VD-947JL","ZD-262CT, ZD-262CT",,,"67359, 67359",,"72429, 72429",,04384,BM-08704,,KN-164,,,,,,04384_1.jpg
BMW,1169cc,2019,EBL-R12JB,R nineT Urban G/S,122EJ,R12JB -,61218394179(ETX14),MAR8B-JDS,4,"2,175",880,"1,170",221,K33　ユーロ4,3.8,,120 70 R 19 TL,170 60 R 17 TL,Wディスク,ディスク,ー,ー,ー,ー,2.909,"SD-262, SD-262","SD-947, SD-947","VD-262JL, VD-262JL","VD-947JL, VD-947JL","ZD-262CT, ZD-262CT",,,"67359, 67359",,"72429, 72429",,04384,BM-08704,,KN-164,,,,,,04384_1.jpg
BMW,1169cc,2020,EBL-R12JB,R nineT Urban G/S,122EJ,R12JB -,61218394179(ETX14),MAR8B-JDS,4,"2,175",880,"1,170",221,K33　ユーロ4,3.8,,120 70 R 19 TL,170 60 R 17 TL,Wディスク,ディスク,ー,ー,ー,ー,2.909,"SD-262, SD-262","SD-947, SD-947","VD-262JL, VD-262JL","VD-947JL, VD-947JL","ZD-262CT, ZD-262CT",,,"67359, 67359",,"72429, 72429",,04384,BM-08704,,KN-164,,,,,,04384_1.jpg
BMW,1169cc,2021,,R nineT Urban G/S,A72B12A,,61218394179(ETX14),MAR8AI-10DS,4,"2,175",870,"1,175",230,K33　ユーロ5　■プレミアムライン　・40YearsGS Edition,/,,120 70 R 19,170 60 R 17,Wディスク,ディスク,ー,ー,ー,ー,/,"SD-262, SD-262","SD-947, SD-947","VD-262JL, VD-262JL","VD-947JL, VD-947JL","ZD-262CT, ZD-262CT",,,"67359, 67359",,"72429, 72429",,04698,BM-08704,,KN-164,,,,,,04698_1.jpg
BMW,1169cc,2022,,R nineT Urban G/S,A72B12A,,61218394179(ETX14),MAR8AI-10DS,4,"2,175",870,"1,175",230,K33　ユーロ5　■プレミアムライン　・40YearsGS Edition,/,,120 70 R 19,170 60 R 17,Wディスク,ディスク,ー,ー,ー,ー,/,"SD-262, SD-262","SD-947, SD-947","VD-262JL, VD-262JL","VD-947JL, VD-947JL","ZD-262CT, ZD-262CT",,,"67359, 67359",,"72429, 72429",,04698,BM-08704,,KN-164,,,,,,04698_1.jpg
BMW,1169cc,2023,,R nineT Urban G/S,A72B12A,,61218394179(ETX14),MAR8AI-10DS,4,"2,175",870,"1,175",230,K33　ユーロ5　■プレミアムライン　・40YearsGS Edition,/,,120 70 R 19,170 60 R 17,Wディスク,ディスク,ー,ー,ー,ー,/,"SD-262, SD-262","SD-947, SD-947","VD-262JL, VD-262JL","VD-947JL, VD-947JL","ZD-262CT, ZD-262CT",,,"67359, 67359",,"72429, 72429",,04698,BM-08704,,KN-164,,,,,,04698_1.jpg
BMW,1169cc,2019,EBL-R12JB,R nineT/5,122EJ,R12JB -,61218394179(ETX14),MAR8B-JDS,4,"2,105",870,"1,040",216,K21　FI　ABS　ユーロ4　■「/5」モデル生誕50周年モデル,3.8,,120 70 ZR 17 TL,180 55 ZR 17 TL,Wディスク,ディスク,ー,ー,ー,ー,2.909,"SD-9070, SD-9070","SD-947, SD-947","VD-9070JL, VD-9070JL","VD-947JL, VD-947JL","ZD-9070CT, ZD-9070CT",,,,,,,04524,BM-08704,,KN-164,,,,,,04524_1.jpg
BMW,1169cc,2020,EBL-R12JB,R nineT/5,122EJ,R12JB -,61218394179(ETX14),MAR8B-JDS,4,"2,105",870,"1,040",216,K21　FI　ABS　ユーロ4　■「/5」モデル生誕50周年モデル,3.8,,120 70 ZR 17 TL,180 55 ZR 17 TL,Wディスク,ディスク,ー,ー,ー,ー,2.909,"SD-9070, SD-9070","SD-947, SD-947","VD-9070JL, VD-9070JL","VD-947JL, VD-947JL","ZD-9070CT, ZD-9070CT",,,,,,,04524,BM-08704,,KN-164,,,,,,04524_1.jpg
BMW,1085cc,1994,,R1100R ROADSTER,,,61212346800(YT19BL-BS),12121342125（FR6DDC）,2,"2,160",898,"1,170",235,259R　クロススポークホイール仕様 ABS2,3.5,,110 80 ZR 18 58W TL,150 70 ZR 17 69W TL,Wディスク,ディスク,ー,ー,ー,ー,,"SD-959, SD-959","SD-947/2, SD-947/2","VD-959JL, VD-959JL","VD-947/2JL, VD-947/2JL",,,,,,,,02978,,,KN-163,,,,,,02978_1.jpg
BMW,1085cc,1995,,R1100R ROADSTER,,,61212346800(YT19BL-BS),12121342125（FR6DDC）,2,"2,160",898,"1,170",235,259R　クロススポークホイール仕様 ABS2,3.5,,110 80 ZR 18 58W TL,150 70 ZR 17 69W TL,Wディスク,ディスク,ー,ー,ー,ー,,"SD-959, SD-959","SD-947/2, SD-947/2","VD-959JL, VD-959JL","VD-947/2JL, VD-947/2JL",,,,,,,,02978,,,KN-163,,,,,,02978_1.jpg
BMW,1085cc,1996,,R1100R ROADSTER,,,61212346800(YT19BL-BS),12121342125（FR6DDC）,2,"2,160",898,"1,170",235,259R　クロススポークホイール仕様 ABS2,3.5,,110 80 ZR 18 58W TL,150 70 ZR 17 69W TL,Wディスク,ディスク,ー,ー,ー,ー,,"SD-959, SD-959","SD-947/2, SD-947/2","VD-959JL, VD-959JL","VD-947/2JL, VD-947/2JL",,,,,,,,02978,,,KN-163,,,,,,02978_1.jpg
BMW,1085cc,1997,,R1100R ROADSTER,,,61212346800(YT19BL-BS),12121342125（FR6DDC）,2,"2,160",898,"1,170",235,259R　クロススポークホイール仕様 ABS2,3.5,,110 80 ZR 18 58W TL,150 70 ZR 17 69W TL,Wディスク,ディスク,ー,ー,ー,ー,,"SD-959, SD-959","SD-947/2, SD-947/2","VD-959JL, VD-959JL","VD-947/2JL, VD-947/2JL",,,,,,,,02978,,,KN-163,,,,,,02978_1.jpg
BMW,1085cc,1998,,R1100R ROADSTER,,,61212346800(YT19BL-BS),12121342125（FR6DDC）,2,"2,160",898,"1,170",235,259R　クロススポークホイール仕様 ABS2,3.5,,110 80 ZR 18 58W TL,150 70 ZR 17 69W TL,Wディスク,ディスク,ー,ー,ー,ー,,"SD-959, SD-959","SD-947/2, SD-947/2","VD-959JL, VD-959JL","VD-947/2JL, VD-947/2JL",,,,,,,,02978,,,KN-163,,,,,,02978_1.jpg
BMW,1085cc,1999,,R1100R ROADSTER,,,61212346800(YT19BL-BS),12121342125（FR6DDC）,2,"2,160",898,"1,170",235,259R　クロススポークホイール仕様 ABS2,3.5,,110 80 ZR 18 58W TL,150 70 ZR 17 69W TL,Wディスク,ディスク,ー,ー,ー,ー,,"SD-959, SD-959","SD-947/2, SD-947/2","VD-959JL, VD-959JL","VD-947/2JL, VD-947/2JL",,,,,,,,02978,,,KN-163,,,,,,02978_1.jpg
BMW,1085cc,2000,,R1100R ROADSTER,,,61212346800(YT19BL-BS),12121342125（FR6DDC）,2,"2,160",898,"1,170",235,259R　クロススポークホイール仕様 ABS2,3.5,,110 80 ZR 18 58W TL,150 70 ZR 17 69W TL,Wディスク,ディスク,ー,ー,ー,ー,,"SD-959, SD-959","SD-947/2, SD-947/2","VD-959JL, VD-959JL","VD-947/2JL, VD-947/2JL",,,,,,,,02978,,,KN-163,,,,,,02978_1.jpg
BMW,1085cc,2001,,R1100R ROADSTER,,,61212346800(YT19BL-BS),12121342125（FR6DDC）,2,"2,160",898,"1,170",235,259R　クロススポークホイール仕様 ABS2,3.5,,110 80 ZR 18 58W TL,150 70 ZR 17 69W TL,Wディスク,ディスク,ー,ー,ー,ー,,"SD-959, SD-959","SD-947/2, SD-947/2","VD-959JL, VD-959JL","VD-947/2JL, VD-947/2JL",,,,,,,,02978,,,KN-163,,,,,,02978_1.jpg
BMW,1085cc,1994,,R1100R ROADSTER,,,61212346800(YT19BL-BS),12121342125（FR6DDC）,2,"2,160",898,"1,170",235,259R　スポークキャストホイール仕様(3本E型) ABS2,3.5,,120 70 ZR 17 TL,160 60 ZR 18 TL,Wディスク,ディスク,ー,ー,ー,ー,,"SD-959, SD-959","SD-947/2, SD-947/2","VD-959JL, VD-959JL","VD-947/2JL, VD-947/2JL",,,,,,,,02924,,,KN-163,,,,,,02924_1.jpg
BMW,1085cc,1995,,R1100R ROADSTER,,,61212346800(YT19BL-BS),12121342125（FR6DDC）,2,"2,160",898,"1,170",235,259R　スポークキャストホイール仕様(3本E型) ABS2,3.5,,120 70 ZR 17 TL,160 60 ZR 18 TL,Wディスク,ディスク,ー,ー,ー,ー,,"SD-959, SD-959","SD-947/2, SD-947/2","VD-959JL, VD-959JL","VD-947/2JL, VD-947/2JL",,,,,,,,02924,,,KN-163,,,,,,02924_1.jpg
BMW,1085cc,1996,,R1100R ROADSTER,,,61212346800(YT19BL-BS),12121342125（FR6DDC）,2,"2,160",898,"1,170",235,259R　スポークキャストホイール仕様(3本E型) ABS2,3.5,,120 70 ZR 17 TL,160 60 ZR 18 TL,Wディスク,ディスク,ー,ー,ー,ー,,"SD-959, SD-959","SD-947/2, SD-947/2","VD-959JL, VD-959JL","VD-947/2JL, VD-947/2JL",,,,,,,,02924,,,KN-163,,,,,,02924_1.jpg
BMW,1085cc,1997,,R1100R ROADSTER,,,61212346800(YT19BL-BS),12121342125（FR6DDC）,2,"2,160",898,"1,170",235,259R　スポークキャストホイール仕様(3本E型) ABS2,3.5,,120 70 ZR 17 TL,160 60 ZR 18 TL,Wディスク,ディスク,ー,ー,ー,ー,,"SD-959, SD-959","SD-947/2, SD-947/2","VD-959JL, VD-959JL","VD-947/2JL, VD-947/2JL",,,,,,,,02924,,,KN-163,,,,,,02924_1.jpg
BMW,1085cc,1998,,R1100R ROADSTER,,,61212346800(YT19BL-BS),12121342125（FR6DDC）,2,"2,160",898,"1,170",235,259R　スポークキャストホイール仕様(3本E型) ABS2,3.5,,120 70 ZR 17 TL,160 60 ZR 18 TL,Wディスク,ディスク,ー,ー,ー,ー,,"SD-959, SD-959","SD-947/2, SD-947/2","VD-959JL, VD-959JL","VD-947/2JL, VD-947/2JL",,,,,,,,02924,,,KN-163,,,,,,02924_1.jpg
BMW,1085cc,1999,,R1100R ROADSTER,,,61212346800(YT19BL-BS),12121342125（FR6DDC）,2,"2,160",898,"1,170",235,259R　スポークキャストホイール仕様(3本E型) ABS2,3.5,,120 70 ZR 17 TL,160 60 ZR 18 TL,Wディスク,ディスク,ー,ー,ー,ー,,"SD-959, SD-959","SD-947/2, SD-947/2","VD-959JL, VD-959JL","VD-947/2JL, VD-947/2JL",,,,,,,,02924,,,KN-163,,,,,,02924_1.jpg
BMW,1085cc,2000,,R1100R ROADSTER,,,61212346800(YT19BL-BS),12121342125（FR6DDC）,2,"2,160",898,"1,170",235,259R　スポークキャストホイール仕様(3本E型) ABS2,3.5,,120 70 ZR 17 TL,160 60 ZR 18 TL,Wディスク,ディスク,ー,ー,ー,ー,,"SD-959, SD-959","SD-947/2, SD-947/2","VD-959JL, VD-959JL","VD-947/2JL, VD-947/2JL",,,,,,,,02924,,,KN-163,,,,,,02924_1.jpg
BMW,1085cc,2001,,R1100R ROADSTER,,,61212346800(YT19BL-BS),12121342125（FR6DDC）,2,"2,160",898,"1,170",235,259R　スポークキャストホイール仕様(3本E型) ABS2,3.5,,120 70 ZR 17 TL,160 60 ZR 18 TL,Wディスク,ディスク,ー,ー,ー,ー,,"SD-959, SD-959","SD-947/2, SD-947/2","VD-959JL, VD-959JL","VD-947/2JL, VD-947/2JL",,,,,,,,02924,,,KN-163,,,,,,02924_1.jpg
BMW,1085cc,1993,,R1100RS,,,61212346800(YT19BL-BS),12121342125（FR6DDC）,,"2,175",735,"1,286",239,259　ハーフカウル　FI,3.5,,120 70 ZR 17 58W TL,160 60 ZR 18 70W TL,Wディスク,ディスク,ー,ー,ー,ー,,"SD-959, SD-959","SD-907, SD-907","VD-959JL, VD-959JL","VD-907JL, VD-907JL",,,,,,,,02925,,,KN-163,,,,,,02925_1.jpg
BMW,1085cc,1994,,R1100RS,,,61212346800(YT19BL-BS),12121342125（FR6DDC）,,"2,175",735,"1,286",239,259　ハーフカウル　FI,3.5,,120 70 ZR 17 58W TL,160 60 ZR 18 70W TL,Wディスク,ディスク,ー,ー,ー,ー,,"SD-959, SD-959","SD-907, SD-907","VD-959JL, VD-959JL","VD-907JL, VD-907JL",,,,,,,,02925,,,KN-163,,,,,,02925_1.jpg
BMW,1085cc,1995,,R1100RS,,,61212346800(YT19BL-BS),12121342125（FR6DDC）,,"2,175",735,"1,286",239,259　ハーフカウル　FI,3.5,,120 70 ZR 17 58W TL,160 60 ZR 18 70W TL,Wディスク,ディスク,ー,ー,ー,ー,,"SD-959, SD-959","SD-907, SD-907","VD-959JL, VD-959JL","VD-907JL, VD-907JL",,,,,,,,02925,,,KN-163,,,,,,02925_1.jpg
BMW,1085cc,1996,,R1100RS,,,61212346800(YT19BL-BS),12121342125（FR6DDC）,,"2,175",735,"1,286",239,259　ハーフカウル　FI,3.5,,120 70 ZR 17 58W TL,160 60 ZR 18 70W TL,Wディスク,ディスク,ー,ー,ー,ー,,"SD-959, SD-959","SD-907, SD-907","VD-959JL, VD-959JL","VD-907JL, VD-907JL",,,,,,,,02925,,,KN-163,,,,,,02925_1.jpg
BMW,1085cc,1993,,R1100RS,,,61212346800(YT19BL-BS),12121342125（FR6DDC）,,"2,175",735,"1,286",0,259　フルカウル　FI,3.5,,120 70 ZR 17 58W TL,160 60 ZR 18 70W TL,Wディスク,ディスク,ー,ー,ー,ー,,"SD-959, SD-959","SD-907, SD-907","VD-959JL, VD-959JL","VD-907JL, VD-907JL",,,,,,,,03950,,,KN-163,,,,,,03950_1.jpg
BMW,1085cc,1994,,R1100RS,,,61212346800(YT19BL-BS),12121342125（FR6DDC）,,"2,175",735,"1,286",0,259　フルカウル　FI,3.5,,120 70 ZR 17 58W TL,160 60 ZR 18 70W TL,Wディスク,ディスク,ー,ー,ー,ー,,"SD-959, SD-959","SD-907, SD-907","VD-959JL, VD-959JL","VD-907JL, VD-907JL",,,,,,,,03950,,,KN-163,,,,,,03950_1.jpg
BMW,1085cc,1995,,R1100RS,,,61212346800(YT19BL-BS),12121342125（FR6DDC）,,"2,175",735,"1,286",0,259　フルカウル　FI,3.5,,120 70 ZR 17 58W TL,160 60 ZR 18 70W TL,Wディスク,ディスク,ー,ー,ー,ー,,"SD-959, SD-959","SD-907, SD-907","VD-959JL, VD-959JL","VD-907JL, VD-907JL",,,,,,,,03950,,,KN-163,,,,,,03950_1.jpg
BMW,1085cc,1996,,R1100RS,,,61212346800(YT19BL-BS),12121342125（FR6DDC）,,"2,175",735,"1,286",0,259　フルカウル　FI,3.5,,120 70 ZR 17 58W TL,160 60 ZR 18 70W TL,Wディスク,ディスク,ー,ー,ー,ー,,"SD-959, SD-959","SD-907, SD-907","VD-959JL, VD-959JL","VD-907JL, VD-907JL",,,,,,,,03950,,,KN-163,,,,,,03950_1.jpg
BMW,1085cc,1997,,R1100RS,,,61212346800(YT19BL-BS),12121342125（FR6DDC）,,"2,175",735,"1,286",0,259　フルカウル　FI,3.5,,120 70 ZR 17 58W TL,160 60 ZR 18 70W TL,Wディスク,ディスク,ー,ー,ー,ー,,"SD-959, SD-959","SD-907, SD-907","VD-959JL, VD-959JL","VD-907JL, VD-907JL",,,,,,,,03950,,,KN-163,,,,,,03950_1.jpg
BMW,1085cc,1998,,R1100RS,,,61212346800(YT19BL-BS),12121342125（FR6DDC）,,"2,175",735,"1,286",0,259　フルカウル　FI,3.5,,120 70 ZR 17 58W TL,160 60 ZR 18 70W TL,Wディスク,ディスク,ー,ー,ー,ー,,"SD-959, SD-959","SD-907, SD-907","VD-959JL, VD-959JL","VD-907JL, VD-907JL",,,,,,,,03950,,,KN-163,,,,,,03950_1.jpg
BMW,1085cc,1999,,R1100RS,,,61212346800(YT19BL-BS),12121342125（FR6DDC）,,"2,175",735,"1,286",0,259　フルカウル　FI,3.5,,120 70 ZR 17 58W TL,160 60 ZR 18 70W TL,Wディスク,ディスク,ー,ー,ー,ー,,"SD-959, SD-959","SD-907, SD-907","VD-959JL, VD-959JL","VD-907JL, VD-907JL",,,,,,,,03950,,,KN-163,,,,,,03950_1.jpg
BMW,1085cc,2000,,R1100RS,,,61212346800(YT19BL-BS),12121342125（FR6DDC）,,"2,175",735,"1,286",0,259　フルカウル　FI,3.5,,120 70 ZR 17 58W TL,160 60 ZR 18 70W TL,Wディスク,ディスク,ー,ー,ー,ー,,"SD-959, SD-959","SD-907, SD-907","VD-959JL, VD-959JL","VD-907JL, VD-907JL",,,,,,,,03950,,,KN-163,,,,,,03950_1.jpg
BMW,1085cc,2001,,R1100RS,,,61212346800(YT19BL-BS),12121342125（FR6DDC）,,"2,175",735,"1,286",0,259　フルカウル　FI,3.5,,120 70 ZR 17 58W TL,160 60 ZR 18 70W TL,Wディスク,ディスク,ー,ー,ー,ー,,"SD-959, SD-959","SD-907, SD-907","VD-959JL, VD-959JL","VD-907JL, VD-907JL",,,,,,,,03950,,,KN-163,,,,,,03950_1.jpg
BMW,1085cc,1995,,R1100RT,,,61212346800(YT19BL-BS),12121342125（FR6DDC）,2,"2,230",905,"1,460",282,259　ABS2,3.5,,120 70 ZR 17 58W TL,160 60 ZR 18 70W TL,Wディスク,ディスク,ー,ー,ー,ー,,"SD-959, SD-959","SD-947/2, SD-947/2","VD-959JL, VD-959JL","VD-947/2JL, VD-947/2JL",,,,,,,,02927,,,KN-163,,,,,,02927_1.jpg
BMW,1085cc,1996,,R1100RT,,,61212346800(YT19BL-BS),12121342125（FR6DDC）,2,"2,230",905,"1,460",282,259　ABS2,3.5,,120 70 ZR 17 58W TL,160 60 ZR 18 70W TL,Wディスク,ディスク,ー,ー,ー,ー,,"SD-959, SD-959","SD-947/2, SD-947/2","VD-959JL, VD-959JL","VD-947/2JL, VD-947/2JL",,,,,,,,02927,,,KN-163,,,,,,02927_1.jpg
BMW,1085cc,1997,,R1100RT,,,61212346800(YT19BL-BS),12121342125（FR6DDC）,2,"2,230",905,"1,460",282,259　ABS2,3.5,,120 70 ZR 17 58W TL,160 60 ZR 18 70W TL,Wディスク,ディスク,ー,ー,ー,ー,,"SD-959, SD-959","SD-947/2, SD-947/2","VD-959JL, VD-959JL","VD-947/2JL, VD-947/2JL",,,,,,,,02927,,,KN-163,,,,,,02927_1.jpg
BMW,1085cc,1998,,R1100RT,,,61212346800(YT19BL-BS),12121342125（FR6DDC）,2,"2,230",905,"1,460",282,259　ABS2,3.5,,120 70 ZR 17 58W TL,160 60 ZR 18 70W TL,Wディスク,ディスク,ー,ー,ー,ー,,"SD-959, SD-959","SD-947/2, SD-947/2","VD-959JL, VD-959JL","VD-947/2JL, VD-947/2JL",,,,,,,,02927,,,KN-163,,,,,,02927_1.jpg
BMW,1085cc,1999,,R1100RT,,,61212346800(YT19BL-BS),12121342125（FR6DDC）,2,"2,230",905,"1,460",282,259　ABS2,3.5,,120 70 ZR 17 58W TL,160 60 ZR 18 70W TL,Wディスク,ディスク,ー,ー,ー,ー,,"SD-959, SD-959","SD-947/2, SD-947/2","VD-959JL, VD-959JL","VD-947/2JL, VD-947/2JL",,,,,,,,02927,,,KN-163,,,,,,02927_1.jpg
BMW,1085cc,2000,,R1100RT,,,61212346800(YT19BL-BS),12121342125（FR6DDC）,2,"2,230",905,"1,460",282,259　ABS2,3.5,,120 70 ZR 17 58W TL,160 60 ZR 18 70W TL,Wディスク,ディスク,ー,ー,ー,ー,,"SD-959, SD-959","SD-947/2, SD-947/2","VD-959JL, VD-959JL","VD-947/2JL, VD-947/2JL",,,,,,,,02927,,,KN-163,,,,,,02927_1.jpg
BMW,1085cc,2001,,R1100RT,,,61212346800(YT19BL-BS),12121342125（FR6DDC）,2,"2,230",905,"1,460",282,259　ABS2,3.5,,120 70 ZR 17 58W TL,160 60 ZR 18 70W TL,Wディスク,ディスク,ー,ー,ー,ー,,"SD-959, SD-959","SD-947/2, SD-947/2","VD-959JL, VD-959JL","VD-947/2JL, VD-947/2JL",,,,,,,,02927,,,KN-163,,,,,,02927_1.jpg
BMW,1085cc,1998,,R1100S,,,61212346800(YT19BL-BS),BKR7EKC,2,"2,210",770,"1,195",247,259,3.5,,120 70 ZR 17 58W TL,170 60 ZR 17 72W TL,Wディスク,ディスク,ー,ー,ー,ー,,,,,,,,,,,,,02929,,,KN-163,,,,,,02929_1.jpg
BMW,1085cc,1999,,R1100S,,,61212346800(YT19BL-BS),BKR7EKC,2,"2,210",770,"1,195",247,259,3.5,,120 70 ZR 17 58W TL,170 60 ZR 17 72W TL,Wディスク,ディスク,ー,ー,ー,ー,,,,,,,,,,,,,02929,,,KN-163,,,,,,02929_1.jpg
BMW,1085cc,2000,,R1100S,,,61212346800(YT19BL-BS),BKR7EKC,2,"2,210",770,"1,195",247,259,3.5,,120 70 ZR 17 58W TL,170 60 ZR 17 72W TL,Wディスク,ディスク,ー,ー,ー,ー,,,,,,,,,,,,,02929,,,KN-163,,,,,,02929_1.jpg
BMW,1085cc,2001,,R1100S,,,61212346800(YT19BL-BS),BKR7EKC,2,"2,210",770,"1,195",247,259,3.5,,120 70 ZR 17 58W TL,170 60 ZR 17 72W TL,Wディスク,ディスク,ー,ー,ー,ー,,,,,,,,,,,,,02929,,,KN-163,,,,,,02929_1.jpg
BMW,1085cc,2002,,R1100S,,,61212346800(YT19BL-BS),BKR7EKC,2,"2,210",770,"1,195",247,259,3.5,,120 70 ZR 17 58W TL,180 55 ZR 17 73W TL,Wディスク,ディスク,ー,ー,ー,ー,,,,,,,,,,,,,02928,,,KN-163,,,,,,
BMW,1085cc,2003,,R1100S,,,61212346800(YT19BL-BS),BKR7EKC,2,"2,210",770,"1,195",247,259,3.5,,120 70 ZR 17 58W TL,180 55 ZR 17 73W TL,Wディスク,ディスク,ー,ー,ー,ー,,,,,,,,,,,,,02928,,,KN-163,,,,,,
BMW,1085cc,2004,,R1100S,,,61212346800(YT19BL-BS),BKR7EKC,2,"2,210",770,"1,195",247,259,3.5,,120 70 ZR 17 58W TL,180 55 ZR 17 73W TL,Wディスク,ディスク,ー,ー,ー,ー,,,,,,,,,,,,,02928,,,KN-163,,,,,,
BMW,1085cc,2005,,R1100S,,,61212346800(YT19BL-BS),BKR7EKC,2,"2,210",770,"1,195",247,259,3.5,,120 70 ZR 17 58W TL,180 55 ZR 17 73W TL,Wディスク,ディスク,ー,ー,ー,ー,,,,,,,,,,,,,02928,,,KN-163,,,,,,
BMW,1085cc,2006,,R1100S,,,61212346800(YT19BL-BS),BKR7EKC,2,"2,210",770,"1,195",247,259,3.5,,120 70 ZR 17 58W TL,180 55 ZR 17 73W TL,Wディスク,ディスク,ー,ー,ー,ー,,,,,,,,,,,,,02928,,,KN-163,,,,,,
BMW,1129cc,1999,,R1150GS,,,61212346800(YT19BL-BS),BKR7EKC,2,"2,260",980,"1,430",262,R21　FI　ABS,3.5,,110 80 R 19 TL,150 70 R 17 TL,Wディスク,ディスク,ー,ー,ー,ー,,"SD-9000, SD-959, SD-959, SD-9000","SD-947/2, SD-947/2","VD-9000JL, VD-959JL, VD-959JL, VD-9000JL","VD-947/2JL, VD-947/2JL",,,,,,,,02931,,,KN-163,,,,,,02931_1.jpg
BMW,1129cc,2000,,R1150GS,,,61212346800(YT19BL-BS),BKR7EKC,2,"2,260",980,"1,430",262,R21　FI　ABS,3.5,,110 80 R 19 TL,150 70 R 17 TL,Wディスク,ディスク,ー,ー,ー,ー,,"SD-9000, SD-959, SD-959, SD-9000","SD-947/2, SD-947/2","VD-9000JL, VD-959JL, VD-959JL, VD-9000JL","VD-947/2JL, VD-947/2JL",,,,,,,,02931,,,KN-163,,,,,,02931_1.jpg
BMW,1129cc,2001,,R1150GS,,,61212346800(YT19BL-BS),BKR7EKC,2,"2,260",980,"1,430",262,R21　FI　ABS,3.5,,110 80 R 19 TL,150 70 R 17 TL,Wディスク,ディスク,ー,ー,ー,ー,,"SD-9000, SD-959, SD-959, SD-9000","SD-947/2, SD-947/2","VD-9000JL, VD-959JL, VD-959JL, VD-9000JL","VD-947/2JL, VD-947/2JL",,,,,,,,02931,,,KN-163,,,,,,02931_1.jpg
BMW,1129cc,2002,,R1150GS,,,61212346800(YT19BL-BS),BKR7EKC,2,"2,260",980,"1,430",262,R21　FI　ABS,3.5,,110 80 R 19 TL,150 70 R 17 TL,Wディスク,ディスク,ー,ー,ー,ー,,"SD-9000, SD-959, SD-959, SD-9000","SD-947/2, SD-947/2","VD-9000JL, VD-959JL, VD-959JL, VD-9000JL","VD-947/2JL, VD-947/2JL",,,,,,,,02931,,,KN-163,,,,,,02931_1.jpg
BMW,1129cc,2003,,R1150GS,,,61212346800(YT19BL-BS),BKR7EKC,2,"2,260",980,"1,430",262,R21　FI　ABS,3.5,,110 80 R 19 TL,150 70 R 17 TL,Wディスク,ディスク,ー,ー,ー,ー,,"SD-9000, SD-959, SD-959, SD-9000","SD-947/2, SD-947/2","VD-9000JL, VD-959JL, VD-959JL, VD-9000JL","VD-947/2JL, VD-947/2JL",,,,,,,,02931,,,KN-163,,,,,,02931_1.jpg
BMW,1129cc,2004,,R1150GS,,,61212346800(YT19BL-BS),BKR7EKC,2,"2,260",980,"1,430",262,R21　FI　ABS,3.5,,110 80 R 19 TL,150 70 R 17 TL,Wディスク,ディスク,ー,ー,ー,ー,,"SD-9000, SD-959, SD-959, SD-9000","SD-947/2, SD-947/2","VD-9000JL, VD-959JL, VD-959JL, VD-9000JL","VD-947/2JL, VD-947/2JL",,,,,,,,02931,,,KN-163,,,,,,02931_1.jpg
BMW,1129cc,2002,,R1150GS ADVENTURE,,,61212346800(YT19BL-BS),BKR7EKC,2,"2,260",940,"1,465",276,R21　ABS,3.5,,110 80 ZR 19 TL,150 70 ZR 17 TL,Wディスク,ディスク,ー,ー,ー,ー,,"SD-9000, SD-9000","SD-947/2, SD-947/2","VD-9000JL, VD-9000JL","VD-947/2JL, VD-947/2JL",,,,,,,,02932,,,KN-163,,,,,,02932_1.jpg
BMW,1129cc,2003,,R1150GS ADVENTURE,,,61212346800(YT19BL-BS),BKR7EKC,2,"2,260",940,"1,465",276,R21　ABS,3.5,,110 80 ZR 19 TL,150 70 ZR 17 TL,Wディスク,ディスク,ー,ー,ー,ー,,"SD-9000, SD-9000","SD-947/2, SD-947/2","VD-9000JL, VD-9000JL","VD-947/2JL, VD-947/2JL",,,,,,,,02932,,,KN-163,,,,,,02932_1.jpg
BMW,1129cc,2004,,R1150GS ADVENTURE,,,61212346800(YT19BL-BS),BKR7EKC,2,"2,260",940,"1,465",276,R21　ABS,3.5,,110 80 ZR 19 TL,150 70 ZR 17 TL,Wディスク,ディスク,ー,ー,ー,ー,,"SD-9000, SD-9000","SD-947/2, SD-947/2","VD-9000JL, VD-9000JL","VD-947/2JL, VD-947/2JL",,,,,,,,02932,,,KN-163,,,,,,02932_1.jpg
BMW,1129cc,2005,,R1150GS ADVENTURE,,,61212346800(YT19BL-BS),BKR7EKC,2,"2,260",940,"1,465",276,R21　ABS,3.5,,110 80 ZR 19 TL,150 70 ZR 17 TL,Wディスク,ディスク,ー,ー,ー,ー,,"SD-9000, SD-9000","SD-947/2, SD-947/2","VD-9000JL, VD-9000JL","VD-947/2JL, VD-947/2JL",,,,,,,,02932,,,KN-163,,,,,,02932_1.jpg
BMW,1129cc,2001,,R1150R ROADSTER,,,61212346800(YT19BL-BS),BKR7EKC,2,"2,170",820,0,238,R28,3.5,,120 70 ZR 17 58W TL,170 60 ZR 17 72W TL,Wディスク,ディスク,ー,ー,ー,ー,,"SD-439, SD-439","SD-947/2, SD-947/2","VD-439JL, VD-439JL","VD-947/2JL, VD-947/2JL",,,,"67464, 67464",,,,02933,,,KN-163,,,,,,02933_1.jpg
BMW,1129cc,2002,,R1150R ROADSTER,,,61212346800(YT19BL-BS),BKR7EKC,2,"2,170",820,0,238,R28,3.5,,120 70 ZR 17 58W TL,170 60 ZR 17 72W TL,Wディスク,ディスク,ー,ー,ー,ー,,"SD-439, SD-439","SD-947/2, SD-947/2","VD-439JL, VD-439JL","VD-947/2JL, VD-947/2JL",,,,"67464, 67464",,,,02933,,,KN-163,,,,,,02933_1.jpg
BMW,1129cc,2003,,R1150R ROADSTER,,,61212346800(YT19BL-BS),BKR7EKC,2,"2,170",820,0,238,R28,3.5,,120 70 ZR 17 58W TL,170 60 ZR 17 72W TL,Wディスク,ディスク,ー,ー,ー,ー,,"SD-439, SD-439","SD-947/2, SD-947/2","VD-439JL, VD-439JL","VD-947/2JL, VD-947/2JL",,,,"67464, 67464",,,,02933,,,KN-163,,,,,,02933_1.jpg
BMW,1129cc,2004,,R1150R ROADSTER,,,61212346800(YT19BL-BS),BKR7EKC,2,"2,170",820,0,238,R28,3.5,,120 70 ZR 17 58W TL,170 60 ZR 17 72W TL,Wディスク,ディスク,ー,ー,ー,ー,,"SD-439, SD-439","SD-947/2, SD-947/2","VD-439JL, VD-439JL","VD-947/2JL, VD-947/2JL",,,,"67464, 67464",,,,03947,,,KN-163,,,,,,03947_1.jpg
BMW,1129cc,2005,,R1150R ROADSTER,,,61212346800(YT19BL-BS),BKR7EKC,2,"2,170",820,0,238,R28,3.5,,120 70 ZR 17 58W TL,170 60 ZR 17 72W TL,Wディスク,ディスク,ー,ー,ー,ー,,"SD-439, SD-439","SD-947/2, SD-947/2","VD-439JL, VD-439JL","VD-947/2JL, VD-947/2JL",,,,"67464, 67464",,,,03947,,,KN-163,,,,,,03947_1.jpg
BMW,1129cc,2006,,R1150R ROADSTER,,,61212346800(YT19BL-BS),BKR7EKC,2,"2,170",820,0,238,R28,3.5,,120 70 ZR 17 58W TL,170 60 ZR 17 72W TL,Wディスク,ディスク,ー,ー,ー,ー,,"SD-439, SD-439","SD-947/2, SD-947/2","VD-439JL, VD-439JL","VD-947/2JL, VD-947/2JL",,,,"67464, 67464",,,,03947,,,KN-163,,,,,,03947_1.jpg
BMW,1129cc,2003,,R1150R ROCKSTER,,,61212346800(YT19BL-BS),BKR7EKC,2,"2,170",820,"1,097",239,R28,3.5,,120 70 ZR 17 58W TL,180 55 ZR 17 73W TL,Wディスク,ディスク,ー,ー,ー,ー,,"SD-439, SD-439","SD-947/2, SD-947/2","VD-439JL, VD-439JL","VD-947/2JL, VD-947/2JL",,,,"67464, 67464",,,,02934,,,KN-163,,,,,,02934_1.jpg
BMW,1129cc,2004,,R1150R ROCKSTER,,,61212346800(YT19BL-BS),BKR7EKC,2,"2,170",820,"1,097",239,R28,3.5,,120 70 ZR 17 58W TL,180 55 ZR 17 73W TL,Wディスク,ディスク,ー,ー,ー,ー,,"SD-439, SD-439","SD-947/2, SD-947/2","VD-439JL, VD-439JL","VD-947/2JL, VD-947/2JL",,,,"67464, 67464",,,,02934,,,KN-163,,,,,,02934_1.jpg
BMW,1129cc,2005,,R1150R ROCKSTER,,,61212346800(YT19BL-BS),BKR7EKC,2,"2,170",820,"1,097",239,R28,3.5,,120 70 ZR 17 58W TL,180 55 ZR 17 73W TL,Wディスク,ディスク,ー,ー,ー,ー,,"SD-439, SD-439","SD-947/2, SD-947/2","VD-439JL, VD-439JL","VD-947/2JL, VD-947/2JL",,,,"67464, 67464",,,,02934,,,KN-163,,,,,,02934_1.jpg
BMW,1129cc,2006,,R1150R ROCKSTER,,,61212346800(YT19BL-BS),BKR7EKC,2,"2,170",820,"1,097",239,R28,3.5,,120 70 ZR 17 58W TL,180 55 ZR 17 73W TL,Wディスク,ディスク,ー,ー,ー,ー,,"SD-439, SD-439","SD-947/2, SD-947/2","VD-439JL, VD-439JL","VD-947/2JL, VD-947/2JL",,,,"67464, 67464",,,,02934,,,KN-163,,,,,,02934_1.jpg
BMW,1129cc,2001,,R1150RS,,,61212346800(YT19BL-BS),BKR7EKC,2,"2,150",770,"1,370",253,R22,3.5,,120 70 ZR 17 58W TL,170 60 ZR 17 72W TL,Wディスク,ディスク,ー,ー,ー,ー,,"SD-439, SD-439","SD-947/2, SD-947/2","VD-439JL, VD-439JL","VD-947/2JL, VD-947/2JL",,,,"67464, 67464",,,,02935,,,KN-163,,,,,,02935_1.jpg
BMW,1129cc,2002,,R1150RS,,,61212346800(YT19BL-BS),BKR7EKC,2,"2,150",770,"1,370",253,R22,3.5,,120 70 ZR 17 58W TL,170 60 ZR 17 72W TL,Wディスク,ディスク,ー,ー,ー,ー,,"SD-439, SD-439","SD-947/2, SD-947/2","VD-439JL, VD-439JL","VD-947/2JL, VD-947/2JL",,,,"67464, 67464",,,,02935,,,KN-163,,,,,,02935_1.jpg
BMW,1129cc,2003,,R1150RS,,,61212346800(YT19BL-BS),BKR7EKC,2,"2,150",770,"1,370",253,R22,3.5,,120 70 ZR 17 58W TL,170 60 ZR 17 72W TL,Wディスク,ディスク,ー,ー,ー,ー,,"SD-439, SD-439","SD-947/2, SD-947/2","VD-439JL, VD-439JL","VD-947/2JL, VD-947/2JL",,,,"67464, 67464",,,,03949,,,KN-163,,,,,,03949_1.jpg
BMW,1129cc,2004,,R1150RS,,,61212346800(YT19BL-BS),BKR7EKC,2,"2,150",770,"1,370",253,R22,3.5,,120 70 ZR 17 58W TL,170 60 ZR 17 72W TL,Wディスク,ディスク,ー,ー,ー,ー,,"SD-439, SD-439","SD-947/2, SD-947/2","VD-439JL, VD-439JL","VD-947/2JL, VD-947/2JL",,,,"67464, 67464",,,,03949,,,KN-163,,,,,,03949_1.jpg
BMW,1129cc,2005,,R1150RS,,,61212346800(YT19BL-BS),BKR7EKC,2,"2,150",770,"1,370",253,R22,3.5,,120 70 ZR 17 58W TL,170 60 ZR 17 72W TL,Wディスク,ディスク,ー,ー,ー,ー,,"SD-439, SD-439","SD-947/2, SD-947/2","VD-439JL, VD-439JL","VD-947/2JL, VD-947/2JL",,,,"67464, 67464",,,,03949,,,KN-163,,,,,,03949_1.jpg
BMW,1129cc,2001,,R1150RT,,,61212346800(YT19BL-BS),BKR7EKC,2,"2,230",900,0,279,R22,3.5,,120 70 ZR 17 58W TL,170 60 ZR 17 72W TL,Wディスク,ディスク,ー,ー,ー,ー,,"SD-9000, SD-9000","SD-947/2, SD-947/2","VD-9000JL, VD-9000JL","VD-947/2JL, VD-947/2JL",,,,,,,,02936,,,KN-163,,,,,,02936_1.jpg
BMW,1129cc,2002,,R1150RT,,,61212346800(YT19BL-BS),BKR7EKC,2,"2,230",900,0,279,R22,3.5,,120 70 ZR 17 58W TL,170 60 ZR 17 72W TL,Wディスク,ディスク,ー,ー,ー,ー,,"SD-9000, SD-9000","SD-947/2, SD-947/2","VD-9000JL, VD-9000JL","VD-947/2JL, VD-947/2JL",,,,,,,,02936,,,KN-163,,,,,,02936_1.jpg
BMW,1129cc,2003,,R1150RT,,,61212346800(YT19BL-BS),BKR7EKC,2,"2,230",900,0,279,R22,3.5,,120 70 ZR 17 58W TL,170 60 ZR 17 72W TL,Wディスク,ディスク,ー,ー,ー,ー,,"SD-9000, SD-9000","SD-947/2, SD-947/2","VD-9000JL, VD-9000JL","VD-947/2JL, VD-947/2JL",,,,,,,,02936,,,KN-163,,,,,,02936_1.jpg
BMW,1129cc,2004,,R1150RT,,,61212346800(YT19BL-BS),BKR7EKC,2,"2,230",900,0,279,R22,3.5,,120 70 ZR 17 58W TL,170 60 ZR 17 72W TL,Wディスク,ディスク,ー,ー,ー,ー,,"SD-9000, SD-9000","SD-947/2, SD-947/2","VD-9000JL, VD-9000JL","VD-947/2JL, VD-947/2JL",,,,,,,,03948,,,KN-163,,,,,,03948_1.jpg
BMW,1129cc,2005,,R1150RT,,,61212346800(YT19BL-BS),BKR7EKC,2,"2,230",900,0,279,R22,3.5,,120 70 ZR 17 58W TL,170 60 ZR 17 72W TL,Wディスク,ディスク,ー,ー,ー,ー,,"SD-9000, SD-9000","SD-947/2, SD-947/2","VD-9000JL, VD-9000JL","VD-947/2JL, VD-947/2JL",,,,,,,,03948,,,KN-163,,,,,,03948_1.jpg
BMW,1169.6cc,1999,,R1200C Avantgarde,,,61212346800(YT19BL-BS),BKR7EKC,2,"2,340",960,"1,160",256,259C ABS+CAT　クロススポークホイール,3.8,,100 90 - 18 TL,170 80 - 15 TL,Wディスク,ディスク,/,/,/,/,,"SD-959, SD-959","SD-947/2, SD-947/2","VD-959JL, VD-959JL","VD-947/2JL, VD-947/2JL",,,,,,,,02980,,,KN-163,,,,,,02980_1.jpg
BMW,1169.6cc,2000,,R1200C Avantgarde,,,61212346800(YT19BL-BS),BKR7EKC,2,"2,340",960,"1,160",256,259C ABS+CAT　クロススポークホイール,3.8,,100 90 - 18 TL,170 80 - 15 TL,Wディスク,ディスク,/,/,/,/,,"SD-959, SD-959","SD-947/2, SD-947/2","VD-959JL, VD-959JL","VD-947/2JL, VD-947/2JL",,,,,,,,02980,,,KN-163,,,,,,02980_1.jpg
BMW,1169.6cc,2001,,R1200C Avantgarde,,,61212346800(YT19BL-BS),BKR7EKC,2,"2,340",960,"1,160",256,259C ABS+CAT　クロススポークホイール,3.8,,100 90 - 18 TL,170 80 - 15 TL,Wディスク,ディスク,/,/,/,/,,"SD-959, SD-959","SD-947/2, SD-947/2","VD-959JL, VD-959JL","VD-947/2JL, VD-947/2JL",,,,,,,,02980,,,KN-163,,,,,,02980_1.jpg
BMW,1169.6cc,2002,,R1200C Avantgarde,,,61212346800(YT19BL-BS),BKR7EKC,2,"2,340",960,"1,160",256,259C ABS+CAT　クロススポークホイール,3.8,,100 90 - 18 TL,170 80 - 15 TL,Wディスク,ディスク,/,/,/,/,,"SD-959, SD-959","SD-947/2, SD-947/2","VD-959JL, VD-959JL","VD-947/2JL, VD-947/2JL",,,,,,,,02980,,,KN-163,,,,,,02980_1.jpg
BMW,1169.6cc,2003,,R1200C Avantgarde,,,61212346800(YT19BL-BS),BKR7EKC,2,"2,340",960,"1,160",256,259C ABS+CAT　クロススポークホイール,3.8,,100 90 - 18 TL,170 80 - 15 TL,Wディスク,ディスク,/,/,/,/,,"SD-959, SD-959","SD-947/2, SD-947/2","VD-959JL, VD-959JL","VD-947/2JL, VD-947/2JL",,,,,,,,02980,,,KN-163,,,,,,02980_1.jpg
BMW,1169.6cc,1997,,R1200C Classic,,,61212346800(YT19BL-BS),BKR7EKC,2,"2,340",870,"1,230",256,259C  ABS+CAT　クロススポークホイール,3.8,,100 90 ZR 18 TL,170 80 ZR 15 TL,Wディスク,ディスク,ー,ー,ー,ー,,"SD-959, SD-959","SD-947/2, SD-947/2","VD-959JL, VD-959JL","VD-947/2JL, VD-947/2JL",,,,,,,,02938,,,KN-163,,,,,,02938_1.jpg
BMW,1169.6cc,1998,,R1200C Classic,,,61212346800(YT19BL-BS),BKR7EKC,2,"2,340",870,"1,230",256,259C  ABS+CAT　クロススポークホイール,3.8,,100 90 ZR 18 TL,170 80 ZR 15 TL,Wディスク,ディスク,ー,ー,ー,ー,,"SD-959, SD-959","SD-947/2, SD-947/2","VD-959JL, VD-959JL","VD-947/2JL, VD-947/2JL",,,,,,,,02938,,,KN-163,,,,,,02938_1.jpg
BMW,1169.6cc,1999,,R1200C Classic,,,61212346800(YT19BL-BS),BKR7EKC,2,"2,340",870,"1,230",256,259C  ABS+CAT　クロススポークホイール,3.8,,100 90 ZR 18 TL,170 80 ZR 15 TL,Wディスク,ディスク,ー,ー,ー,ー,,"SD-959, SD-959","SD-947/2, SD-947/2","VD-959JL, VD-959JL","VD-947/2JL, VD-947/2JL",,,,,,,,02938,,,KN-163,,,,,,02938_1.jpg
BMW,1169.6cc,2000,,R1200C Classic,,,61212346800(YT19BL-BS),BKR7EKC,2,"2,340",870,"1,230",256,259C  ABS+CAT　クロススポークホイール,3.8,,100 90 ZR 18 TL,170 80 ZR 15 TL,Wディスク,ディスク,ー,ー,ー,ー,,"SD-959, SD-959","SD-947/2, SD-947/2","VD-959JL, VD-959JL","VD-947/2JL, VD-947/2JL",,,,,,,,02938,,,KN-163,,,,,,02938_1.jpg
BMW,1169.6cc,2001,,R1200C Classic,,,61212346800(YT19BL-BS),BKR7EKC,2,"2,340",870,"1,230",256,259C  ABS+CAT　クロススポークホイール,3.8,,100 90 ZR 18 TL,170 80 ZR 15 TL,Wディスク,ディスク,ー,ー,ー,ー,,"SD-959, SD-959","SD-947/2, SD-947/2","VD-959JL, VD-959JL","VD-947/2JL, VD-947/2JL",,,,,,,,02938,,,KN-163,,,,,,02938_1.jpg
BMW,1169.6cc,2002,,R1200C Classic,,,61212346800(YT19BL-BS),BKR7EKC,2,"2,340",870,"1,230",256,259C  ABS+CAT　クロススポークホイール,3.8,,100 90 ZR 18 TL,170 80 ZR 15 TL,Wディスク,ディスク,ー,ー,ー,ー,,"SD-959, SD-959","SD-947/2, SD-947/2","VD-959JL, VD-959JL","VD-947/2JL, VD-947/2JL",,,,,,,,02938,,,KN-163,,,,,,02938_1.jpg
BMW,1169.6cc,2003,,R1200C Classic,,,61212346800(YT19BL-BS),BKR7EKC,2,"2,340",870,"1,230",256,259C  ABS+CAT　クロススポークホイール,3.8,,100 90 ZR 18 TL,170 80 ZR 15 TL,Wディスク,ディスク,ー,ー,ー,ー,,"SD-959, SD-959","SD-947/2, SD-947/2","VD-959JL, VD-959JL","VD-947/2JL, VD-947/2JL",,,,,,,,02938,,,KN-163,,,,,,02938_1.jpg
BMW,1169.6cc,2004,,R1200C Classic,,,61212346800(YT19BL-BS),BKR7EKC,2,"2,340",870,"1,230",256,259C  ABS+CAT　クロススポークホイール,3.8,,100 90 ZR 18 TL,170 80 ZR 15 TL,Wディスク,ディスク,ー,ー,ー,ー,,"SD-959, SD-959","SD-947/2, SD-947/2","VD-959JL, VD-959JL","VD-947/2JL, VD-947/2JL",,,,,,,,02938,,,KN-163,,,,,,02938_1.jpg
BMW,1169.6cc,2000,,R1200C Independent,,,61212346800(YT19BL-BS),BKR7EKC,2,"2,340",960,"1,200",256,259C　ミニウィンドシールド　キャストホイール,3.8,,100 90 ZR 18 TL,170 80 ZR 15 TL,Wディスク,ディスク,/,/,/,/,,"SD-959, SD-959","SD-947/2, SD-947/2","VD-959JL, VD-959JL","VD-947/2JL, VD-947/2JL",,,,,,,,02981,,,KN-163,,,,,,02981_1.jpg
BMW,1169.6cc,2001,,R1200C Independent,,,61212346800(YT19BL-BS),BKR7EKC,2,"2,340",960,"1,200",256,259C　ミニウィンドシールド　キャストホイール,3.8,,100 90 ZR 18 TL,170 80 ZR 15 TL,Wディスク,ディスク,/,/,/,/,,"SD-959, SD-959","SD-947/2, SD-947/2","VD-959JL, VD-959JL","VD-947/2JL, VD-947/2JL",,,,,,,,02981,,,KN-163,,,,,,02981_1.jpg
BMW,1169.6cc,2002,,R1200C Independent,,,61212346800(YT19BL-BS),BKR7EKC,2,"2,340",960,"1,200",256,259C　ミニウィンドシールド　キャストホイール,3.8,,100 90 ZR 18 TL,170 80 ZR 15 TL,Wディスク,ディスク,/,/,/,/,,"SD-959, SD-959","SD-947/2, SD-947/2","VD-959JL, VD-959JL","VD-947/2JL, VD-947/2JL",,,,,,,,02981,,,KN-163,,,,,,02981_1.jpg
BMW,1169.6cc,2003,,R1200C Independent,,,61212346800(YT19BL-BS),BKR7EKC,2,"2,340",960,"1,200",256,259C　ミニウィンドシールド　キャストホイール,3.8,,100 90 ZR 18 TL,170 80 ZR 15 TL,Wディスク,ディスク,/,/,/,/,,"SD-959, SD-959","SD-947/2, SD-947/2","VD-959JL, VD-959JL","VD-947/2JL, VD-947/2JL",,,,,,,,02981,,,KN-163,,,,,,02981_1.jpg
BMW,1169.6cc,2004,,R1200C Independent,,,61212346800(YT19BL-BS),BKR7EKC,2,"2,340",960,"1,200",256,259C　ミニウィンドシールド　キャストホイール,3.8,,100 90 ZR 18 TL,170 80 ZR 15 TL,Wディスク,ディスク,/,/,/,/,,"SD-959, SD-959","SD-947/2, SD-947/2","VD-959JL, VD-959JL","VD-947/2JL, VD-947/2JL",,,,,,,,02981,,,KN-163,,,,,,02981_1.jpg
BMW,1169.6cc,2003,,R1200C Montauk,,,61212346800(YT19BL-BS),BKR7EKC,2,"2,580","1,480","1,075",273,259C ABS+CAT　R1200CLのネイキッドバージョン(サイドカバー装備)　キャストホイール,3.8,,150 80 - 16 71H TL,170 80 - 15 77H TL,Wディスク,ディスク,/,/,/,/,,"SD-439, SD-439","SD-972, SD-972","VD-439JL, VD-439JL","VD-972JL, VD-972JL",,,,,,,,02982,,,KN-163,,,,,,02982_1.jpg
BMW,1169.6cc,2004,,R1200C Montauk,,,61212346800(YT19BL-BS),BKR7EKC,2,"2,580","1,480","1,075",273,259C ABS+CAT　R1200CLのネイキッドバージョン(サイドカバー装備)　キャストホイール,3.8,,150 80 - 16 71H TL,170 80 - 15 77H TL,Wディスク,ディスク,/,/,/,/,,"SD-439, SD-439","SD-972, SD-972","VD-439JL, VD-439JL","VD-972JL, VD-972JL",,,,,,,,02982,,,KN-163,,,,,,02982_1.jpg
BMW,1169.6cc,2002,,R1200CL,,,61212346800(YT19BL-BS),BKR7EKC,2,"2,415","1,075","1,545",308,K30　ABS+CAT　ツアラー(パニアケース、トップケース)　アルミキャストホイール,3.8,,150 80 B 16 71H TL,170 80 B 15 77H TL,Wディスク,ディスク,/,/,/,/,,"SD-439, SD-439","SD-972, SD-972","VD-439JL, VD-439JL","VD-972JL, VD-972JL",,,,"67464, 67464",,,,02940,,,KN-163,,,,,,02940_1.jpg
BMW,1169.6cc,2003,,R1200CL,,,61212346800(YT19BL-BS),BKR7EKC,2,"2,415","1,075","1,545",308,K30　ABS+CAT　ツアラー(パニアケース、トップケース)　アルミキャストホイール,3.8,,150 80 B 16 71H TL,170 80 B 15 77H TL,Wディスク,ディスク,/,/,/,/,,"SD-439, SD-439","SD-972, SD-972","VD-439JL, VD-439JL","VD-972JL, VD-972JL",,,,"67464, 67464",,,,02940,,,KN-163,,,,,,02940_1.jpg
BMW,1169.6cc,2004,,R1200CL,,,61212346800(YT19BL-BS),BKR7EKC,2,"2,415","1,075","1,545",308,K30　ABS+CAT　ツアラー(パニアケース、トップケース)　アルミキャストホイール,3.8,,150 80 B 16 71H TL,170 80 B 15 77H TL,Wディスク,ディスク,/,/,/,/,,"SD-439, SD-439","SD-972, SD-972","VD-439JL, VD-439JL","VD-972JL, VD-972JL",,,,"67464, 67464",,,,02940,,,KN-163,,,,,,02940_1.jpg
BMW,1169cc,2007,,R1200GS,122ED,,61218394179 (ETX14-BS)(縦置),DCPR8EKC,4,"2,210",940,"1,450",229,K25　ABS,3.8,,110 80 R 19 59V TL,150 70 R 17 69V TL,Wディスク,ディスク,ー,ー,ー,ー,,"SD-9000, SD-9000","SD-947, SD-947","VD-9000JL, VD-9000JL","VD-947JL, VD-947JL",,,,,,,,02941,BM-08704,,KN-164,,,,,,02941_1.jpg
BMW,1169cc,2004,,R1200GS,122ED,,61218394179 (ETX14-BS)(縦置),DCPR8EKC,4,"2,210",915,"1,380",225,K25,3.8,,110 80 R 19 59V TL,150 70 R 17 69V TL,Wディスク,ディスク,ー,ー,ー,ー,,"SD-9000, SD-9000","SD-947, SD-947","VD-9000JL, VD-9000JL","VD-947JL, VD-947JL",,,,,,,,02942,BM-08704,,KN-164,,,,,,02942_1.jpg
BMW,1169cc,2005,,R1200GS,122ED,,61218394179 (ETX14-BS)(縦置),DCPR8EKC,4,"2,210",915,"1,380",225,K25,3.8,,110 80 R 19 59V TL,150 70 R 17 69V TL,Wディスク,ディスク,ー,ー,ー,ー,,"SD-9000, SD-9000","SD-947, SD-947","VD-9000JL, VD-9000JL","VD-947JL, VD-947JL",,,,,,,,02942,BM-08704,,KN-164,,,,,,02942_1.jpg
BMW,1169cc,2006,,R1200GS,122ED,,61218394179 (ETX14-BS)(縦置),DCPR8EKC,4,"2,210",915,"1,380",225,K25,3.8,,110 80 R 19 59V TL,150 70 R 17 69V TL,Wディスク,ディスク,ー,ー,ー,ー,,"SD-9000, SD-9000","SD-947, SD-947","VD-9000JL, VD-9000JL","VD-947JL, VD-947JL",,,,,,,,02942,BM-08704,,KN-164,,,,,,02942_1.jpg
BMW,1169cc,2007,,R1200GS,122ED,,61218394179 (ETX14-BS)(縦置),DCPR8EKC,4,"2,210",915,"1,380",225,K25,3.8,,110 80 R 19 59V TL,150 70 R 17 69V TL,Wディスク,ディスク,ー,ー,ー,ー,,"SD-9000, SD-9000","SD-947, SD-947","VD-9000JL, VD-9000JL","VD-947JL, VD-947JL",,,,,,,,02942,BM-08704,,KN-164,,,,,,02942_1.jpg
BMW,1169cc,2010,EBL-R12JA,R1200GS,122EF,R12JA -,61218394179 (ETX14-BS)(縦置),MAR8B-JDS,4,"2,210",940,"1,450",244,K25　ハイライン(ABS)　DOHC,3.8,,110 80 R 19 59V TL,150 70 R 17 69V TL,Wディスク,ディスク,ー,ー,ー,ー,,"SD-9000, SD-9000","SD-947, SD-947","VD-9000JL, VD-9000JL","VD-947JL, VD-947JL",,,,,,,,02985,BM-08704,,KN-164,,,,,,02985_1.jpg
BMW,1169cc,2011,EBL-R12JA,R1200GS,122EF,R12JA -,61218394179 (ETX14-BS)(縦置),MAR8B-JDS,4,"2,210",940,"1,450",244,K25　ハイライン(ABS)　DOHC,3.8,,110 80 R 19 59V TL,150 70 R 17 69V TL,Wディスク,ディスク,ー,ー,ー,ー,,"SD-9000, SD-9000","SD-947, SD-947","VD-9000JL, VD-9000JL","VD-947JL, VD-947JL",,,,,,,,02985,BM-08704,,KN-164,,,,,,02985_1.jpg
BMW,1169cc,2012,EBL-R12JA,R1200GS,122EF,R12JA -,61218394179 (ETX14-BS)(縦置),MAR8B-JDS,4,"2,210",940,"1,450",244,K25　ハイライン(ABS)　DOHC,3.8,,110 80 R 19 59V TL,150 70 R 17 69V TL,Wディスク,ディスク,ー,ー,ー,ー,,"SD-9000, SD-9000","SD-947, SD-947","VD-9000JL, VD-9000JL","VD-947JL, VD-947JL",,,,,,,,02985,BM-08704,,KN-164,,,,,,02985_1.jpg
BMW,1169cc,2008,EBL-R12JA,R1200GS,122EF,,61218394179 (ETX14-BS)(縦置),MAR8B-JDS,4,"2,210",940,"1,450",229,K25　アクティブライン(ベースモデル)／ハイライン(ABS)／プレミアムライン(ESA),3.8,,110 80 R 19 59V TL,150 70 R 17 69V TL,Wディスク,ディスク,ー,ー,ー,ー,,"SD-9000, SD-9000","SD-947, SD-947","VD-9000JL, VD-9000JL","VD-947JL, VD-947JL",,,,,,,,03924,BM-08704,,KN-164,,,,,,03924_1.jpg
BMW,1169cc,2009,EBL-R12JA,R1200GS,122EF,,61218394179 (ETX14-BS)(縦置),MAR8B-JDS,4,"2,210",940,"1,450",229,K25　アクティブライン(ベースモデル)／ハイライン(ABS)／プレミアムライン(ESA),3.8,,110 80 R 19 59V TL,150 70 R 17 69V TL,Wディスク,ディスク,ー,ー,ー,ー,,"SD-9000, SD-9000","SD-947, SD-947","VD-9000JL, VD-9000JL","VD-947JL, VD-947JL",,,,,,,,03924,BM-08704,,KN-164,,,,,,03924_1.jpg
BMW,1169cc,2010,EBL-R12JA,R1200GS,122EF,R12JA -,61218394179 (ETX14-BS)(縦置),MAR8B-JDS,4,"2,210",940,"1,450",234,K25　プレミアムライン(ABS+ESA),3.8,,110 80 R 19 59V TL,150 70 R 17 69V TL,Wディスク,ディスク,ー,ー,ー,ー,,"SD-9000, SD-9000","SD-947, SD-947","VD-9000JL, VD-9000JL","VD-947JL, VD-947JL",,,,,,,,03927,BM-08704,,KN-164,,,,,,03927_1.jpg
BMW,1169cc,2011,EBL-R12JA,R1200GS,122EF,R12JA -,61218394179 (ETX14-BS)(縦置),MAR8B-JDS,4,"2,210",940,"1,450",234,K25　プレミアムライン(ABS+ESA),3.8,,110 80 R 19 59V TL,150 70 R 17 69V TL,Wディスク,ディスク,ー,ー,ー,ー,,"SD-9000, SD-9000","SD-947, SD-947","VD-9000JL, VD-9000JL","VD-947JL, VD-947JL",,,,,,,,03927,BM-08704,,KN-164,,,,,,03927_1.jpg
BMW,1169cc,2012,EBL-R12JA,R1200GS,122EF,R12JA -,61218394179 (ETX14-BS)(縦置),MAR8B-JDS,4,"2,210",940,"1,450",234,K25　プレミアムライン(ABS+ESA),3.8,,110 80 R 19 59V TL,150 70 R 17 69V TL,Wディスク,ディスク,ー,ー,ー,ー,,"SD-9000, SD-9000","SD-947, SD-947","VD-9000JL, VD-9000JL","VD-947JL, VD-947JL",,,,,,,,03927,BM-08704,,KN-164,,,,,,03927_1.jpg
BMW,1169cc,2013,EBL-R12NA,R1200GS,122EN,,61218394179 (ETX14-BS)(縦置),LMAR8D-J,4,"2,205",935,"1,490",245,K50（LC）ABS+ESA,3.8,,120 70 R 19 TL,170 60 R 17 TL,Wディスク,ディスク,ー,ー,ー,ー,,"SD-9070, SD-9070","SD-958, SD-958","VD-9070JL, VD-9070JL","VD-958JL, VD-958JL","ZD-9070CT, ZD-9070CT",,,,,,,03572,BM-08703,,KN-160,,,,,,03572_1.jpg
BMW,1169cc,2014,EBL-R12NA,R1200GS,122EN,,61218394179 (ETX14-BS)(縦置),LMAR8D-J,4,"2,205",935,"1,490",245,K50（LC）ABS+ESA,3.8,,120 70 R 19 TL,170 60 R 17 TL,Wディスク,ディスク,ー,ー,ー,ー,,"SD-9070, SD-9070","SD-958, SD-958","VD-9070JL, VD-9070JL","VD-958JL, VD-958JL","ZD-9070CT, ZD-9070CT",,,,,,,03572,BM-08703,,KN-160,,,,,,03572_1.jpg
BMW,1169cc,2015,EBL-R12NA,R1200GS,122EN,,61218394179 (ETX14-BS)(縦置),LMAR8D-J,4,"2,205",935,"1,490",245,K50（LC）ABS+ESA,3.8,,120 70 R 19 TL,170 60 R 17 TL,Wディスク,ディスク,ー,ー,ー,ー,,"SD-9070, SD-9070","SD-958, SD-958","VD-9070JL, VD-9070JL","VD-958JL, VD-958JL","ZD-9070CT, ZD-9070CT",,,,,,,03572,BM-08703,,KN-160,,,,,,03572_1.jpg
BMW,1169cc,2016,EBL-R12NA,R1200GS,122EN,,61218394179 (ETX14-BS)(縦置),LMAR8D-J,4,"2,205",935,"1,490",245,K50（LC）ABS+ESA,3.8,,120 70 R 19 TL,170 60 R 17 TL,Wディスク,ディスク,ー,ー,ー,ー,,"SD-9070, SD-9070","SD-958, SD-958","VD-9070JL, VD-9070JL","VD-958JL, VD-958JL","ZD-9070CT, ZD-9070CT",,,,,,,03572,BM-08703,,KN-160,,,,,,03572_1.jpg
BMW,1169cc,2016,2BL-R12NA,R1200GS,122EN,,61218394179 (ETX14-BS)(縦置),LMAR8D-J,2,"2,205",935,"1,490",245,K50　（LC）ABS+ESA,3.8,,120 70 R 19 TL,170 60 R 17 TL,Wディスク,ディスク,ー,ー,ー,ー,,"SD-9070, SD-9070","SD-958, SD-958","VD-9070JL, VD-9070JL","VD-958JL, VD-958JL","ZD-9070CT, ZD-9070CT",,,,,,,04285,BM-08703,,KN-160,,,,,,04285_1.jpg
BMW,1169cc,2017,2BL-R12NA,R1200GS,122EN,,61218394179 (ETX14-BS)(縦置),LMAR8D-J,2,"2,205",935,"1,490",245,K50　（LC）ABS+ESA,3.8,,120 70 R 19 TL,170 60 R 17 TL,Wディスク,ディスク,ー,ー,ー,ー,,"SD-9070, SD-9070","SD-958, SD-958","VD-9070JL, VD-9070JL","VD-958JL, VD-958JL","ZD-9070CT, ZD-9070CT",,,,,,,04285,BM-08703,,KN-160,,,,,,04285_1.jpg
BMW,1169cc,2018,2BL-R12NA,R1200GS,122EN,,61218394179 (ETX14-BS)(縦置),LMAR8D-J,2,"2,205",935,"1,490",245,K50　（LC）ABS+ESA,3.8,,120 70 R 19 TL,170 60 R 17 TL,Wディスク,ディスク,ー,ー,ー,ー,,"SD-9070, SD-9070","SD-958, SD-958","VD-9070JL, VD-9070JL","VD-958JL, VD-958JL","ZD-9070CT, ZD-9070CT",,,,,,,04285,BM-08703,,KN-160,,,,,,04285_1.jpg
BMW,1169cc,2005,,R1200GS Adventure,122ED,,61218394179 (ETX14-BS)(縦置),DCPR8EKC,4,"2,250",950,"1,470",258,K25,3.8,,110 80 R 19 59V TL,150 70 R 17 69V TL,Wディスク,ディスク,ー,ー,ー,ー,,"SD-9000, SD-9000","SD-947, SD-947","VD-9000JL, VD-9000JL","VD-947JL, VD-947JL",,,,,,,,02943,BM-08704,,KN-164,,,,,,02943_1.jpg
BMW,1169cc,2006,,R1200GS Adventure,122ED,,61218394179 (ETX14-BS)(縦置),DCPR8EKC,4,"2,250",950,"1,470",258,K25,3.8,,110 80 R 19 59V TL,150 70 R 17 69V TL,Wディスク,ディスク,ー,ー,ー,ー,,"SD-9000, SD-9000","SD-947, SD-947","VD-9000JL, VD-9000JL","VD-947JL, VD-947JL",,,,,,,,02943,BM-08704,,KN-164,,,,,,02943_1.jpg
BMW,1169cc,2007,,R1200GS Adventure,122ED,,61218394179 (ETX14-BS)(縦置),DCPR8EKC,4,"2,250",950,"1,470",258,K25,3.8,,110 80 R 19 59V TL,150 70 R 17 69V TL,Wディスク,ディスク,ー,ー,ー,ー,,"SD-9000, SD-9000","SD-947, SD-947","VD-9000JL, VD-9000JL","VD-947JL, VD-947JL",,,,,,,,02943,BM-08704,,KN-164,,,,,,02943_1.jpg
BMW,1169cc,2007,EBL-R12JA,R1200GS Adventure,122EF,,61218394179 (ETX14-BS)(縦置),DCPR8EKC,4,"2,240",980,"1,525",259,K25,3.8,,110 80 R 19 59V TL,150 70 R 17 69V TL,Wディスク,ディスク,ー,ー,ー,ー,,"SD-9000, SD-9000","SD-947, SD-947","VD-9000JL, VD-9000JL","VD-947JL, VD-947JL",,,,,,,,02984,BM-08704,,KN-164,,,,,,02984_1.jpg
BMW,1169cc,2008,EBL-R12JA,R1200GS Adventure,122EF,,61218394179 (ETX14-BS)(縦置),DCPR8EKC,4,"2,240",980,"1,525",259,K25,3.8,,110 80 R 19 59V TL,150 70 R 17 69V TL,Wディスク,ディスク,ー,ー,ー,ー,,"SD-9000, SD-9000","SD-947, SD-947","VD-9000JL, VD-9000JL","VD-947JL, VD-947JL",,,,,,,,02984,BM-08704,,KN-164,,,,,,02984_1.jpg
BMW,1169cc,2009,EBL-R12JA,R1200GS Adventure,122EF,,61218394179 (ETX14-BS)(縦置),DCPR8EKC,4,"2,240",980,"1,525",259,K25,3.8,,110 80 R 19 59V TL,150 70 R 17 69V TL,Wディスク,ディスク,ー,ー,ー,ー,,"SD-9000, SD-9000","SD-947, SD-947","VD-9000JL, VD-9000JL","VD-947JL, VD-947JL",,,,,,,,02984,BM-08704,,KN-164,,,,,,02984_1.jpg
BMW,1169cc,2010,EBL-R12JA,R1200GS Adventure,122EF,R12JA -,61218394179 (ETX14-BS)(縦置),MAR8B-JDS,4,"2,240",980,"1,525",259,K25,3.8,,110 80 R 19 59V TL,150 70 R 17 69V TL,Wディスク,ディスク,ー,ー,ー,ー,,"SD-9000, SD-9000","SD-947/2, SD-947/2","VD-9000JL, VD-9000JL","VD-947/2JL, VD-947/2JL",,,,,,,,02986,BM-08704,,KN-164,,,,,,02986_1.jpg
BMW,1169cc,2011,EBL-R12JA,R1200GS Adventure,122EF,R12JA -,61218394179 (ETX14-BS)(縦置),MAR8B-JDS,4,"2,240",980,"1,525",259,K25,3.8,,110 80 R 19 59V TL,150 70 R 17 69V TL,Wディスク,ディスク,ー,ー,ー,ー,,"SD-9000, SD-9000","SD-947/2, SD-947/2","VD-9000JL, VD-9000JL","VD-947/2JL, VD-947/2JL",,,,,,,,02986,BM-08704,,KN-164,,,,,,02986_1.jpg
BMW,1169cc,2012,EBL-R12JA,R1200GS Adventure,122EF,R12JA -,61218394179 (ETX14-BS)(縦置),MAR8B-JDS,4,"2,240",980,"1,525",259,K25,3.8,,110 80 R 19 59V TL,150 70 R 17 69V TL,Wディスク,ディスク,ー,ー,ー,ー,,"SD-9000, SD-9000","SD-947/2, SD-947/2","VD-9000JL, VD-9000JL","VD-947/2JL, VD-947/2JL",,,,,,,,02986,BM-08704,,KN-164,,,,,,02986_1.jpg
BMW,1169cc,2013,EBL-R12JA,R1200GS Adventure,122EF,R12JA -,61218394179 (ETX14-BS)(縦置),MAR8B-JDS,4,"2,240",980,"1,525",259,K25,3.8,,110 80 R 19 59V TL,150 70 R 17 69V TL,Wディスク,ディスク,ー,ー,ー,ー,,"SD-9000, SD-9000","SD-947/2, SD-947/2","VD-9000JL, VD-9000JL","VD-947/2JL, VD-947/2JL",,,,,,,,02986,BM-08704,,KN-164,,,,,,02986_1.jpg
BMW,1169cc,2017,2BL-R12NA,R1200GS Adventure,122EN,R12JA -,61218394179 (ETX14-BS)(縦置),LMAR8D-J,2,"2,255",980,"1,450",260,K51　（LC）,3.8,,120 70 R 19 TL,170 60 R 17 TL,Wディスク,ディスク,ー,ー,ー,ー,2.909,"SD-9070, SD-9070","SD-958, SD-958","VD-9070JL, VD-9070JL","VD-958JL, VD-958JL","ZD-9070CT, ZD-9070CT",,,,,,,04286,BM-08703,,KN-160,,,,,,04286_1.jpg
BMW,1169cc,2018,2BL-R12NA,R1200GS Adventure,122EN,R12JA -,61218394179 (ETX14-BS)(縦置),LMAR8D-J,2,"2,255",980,"1,450",260,K51　（LC）,3.8,,120 70 R 19 TL,170 60 R 17 TL,Wディスク,ディスク,ー,ー,ー,ー,2.909,"SD-9070, SD-9070","SD-958, SD-958","VD-9070JL, VD-9070JL","VD-958JL, VD-958JL","ZD-9070CT, ZD-9070CT",,,,,,,04286,BM-08703,,KN-160,,,,,,04286_1.jpg
BMW,1169cc,2014,EBL-R12NA,R1200GS Adventure,122EN,R12JA -,61218394179 (ETX14-BS)(縦置),LMAR8D-J,4,"2,255",980,"1,450",260,K51　（LC）,3.8,,120 70 R 19 TL,170 60 R 17 TL,Wディスク,ディスク,ー,ー,ー,ー,,"SD-9070, SD-9070","SD-958, SD-958","VD-9070JL, VD-9070JL","VD-958JL, VD-958JL","ZD-9070CT, ZD-9070CT",,,,,,,03685,BM-08703,,KN-160,,,,,,03685_1.jpg
BMW,1169cc,2015,EBL-R12NA,R1200GS Adventure,122EN,R12JA -,61218394179 (ETX14-BS)(縦置),LMAR8D-J,4,"2,255",980,"1,450",260,K51　（LC）,3.8,,120 70 R 19 TL,170 60 R 17 TL,Wディスク,ディスク,ー,ー,ー,ー,,"SD-9070, SD-9070","SD-958, SD-958","VD-9070JL, VD-9070JL","VD-958JL, VD-958JL","ZD-9070CT, ZD-9070CT",,,,,,,03685,BM-08703,,KN-160,,,,,,03685_1.jpg
BMW,1169cc,2016,EBL-R12NA,R1200GS Adventure,122EN,R12JA -,61218394179 (ETX14-BS)(縦置),LMAR8D-J,4,"2,255",980,"1,450",260,K51　（LC）,3.8,,120 70 R 19 TL,170 60 R 17 TL,Wディスク,ディスク,ー,ー,ー,ー,,"SD-9070, SD-9070","SD-958, SD-958","VD-9070JL, VD-9070JL","VD-958JL, VD-958JL","ZD-9070CT, ZD-9070CT",,,,,,,03685,BM-08703,,KN-160,,,,,,03685_1.jpg
BMW,1169cc,2007,,R1200R (K27),122EF,,61218394179 (ETX14-BS),DCPR8EKC,4,"2,145",845,"1,160",223,K27　ハイライン(ABS）FI,3.8,,120 70 ZR 17 58W TL,180 55 ZR 17 73W TL,Wディスク,ディスク,ー,ー,ー,ー,,"SD-439, SD-439","SD-947/2, SD-947/2","VD-439JL, VD-439JL","VD-947/2JL, VD-947/2JL",,,,"67464, 67464",,,,02945,BM-08704,,KN-164,,,,,,02945_1.jpg
BMW,1169cc,2008,,R1200R (K27),122EF,,61218394179 (ETX14-BS),DCPR8EKC,4,"2,145",845,"1,160",223,K27　ハイライン(ABS）FI,3.8,,120 70 ZR 17 58W TL,180 55 ZR 17 73W TL,Wディスク,ディスク,ー,ー,ー,ー,,"SD-439, SD-439","SD-947/2, SD-947/2","VD-439JL, VD-439JL","VD-947/2JL, VD-947/2JL",,,,"67464, 67464",,,,02945,BM-08704,,KN-164,,,,,,02945_1.jpg
BMW,1169cc,2009,,R1200R (K27),122EF,,61218394179 (ETX14-BS),DCPR8EKC,4,"2,145",845,"1,160",223,K27　ハイライン(ABS）FI,3.8,,120 70 ZR 17 58W TL,180 55 ZR 17 73W TL,Wディスク,ディスク,ー,ー,ー,ー,,"SD-439, SD-439","SD-947/2, SD-947/2","VD-439JL, VD-439JL","VD-947/2JL, VD-947/2JL",,,,"67464, 67464",,,,02945,BM-08704,,KN-164,,,,,,02945_1.jpg
BMW,1169cc,2010,,R1200R (K27),122EF,,61218394179 (ETX14-BS),DCPR8EKC,4,"2,145",845,"1,160",223,K27　ハイライン(ABS）FI,3.8,,120 70 ZR 17 58W TL,180 55 ZR 17 73W TL,Wディスク,ディスク,ー,ー,ー,ー,,"SD-439, SD-439","SD-947/2, SD-947/2","VD-439JL, VD-439JL","VD-947/2JL, VD-947/2JL",,,,"67464, 67464",,,,02945,BM-08704,,KN-164,,,,,,02945_1.jpg
BMW,1169cc,2007,,R1200R (K27),122EF,,61218394179 (ETX14-BS),DCPR8EKC,4,"2,145",845,"1,160",223,K27　アクティブライン(ベースモデル）FI,3.8,,120 70 ZR 17 58W TL,180 55 ZR 17 73W TL,Wディスク,ディスク,ー,ー,ー,ー,,"SD-439, SD-439","SD-947/2, SD-947/2","VD-439JL, VD-439JL","VD-947/2JL, VD-947/2JL",,,,"67464, 67464",,,,03920,BM-08704,,KN-164,,,,,,03920_1.jpg
BMW,1169cc,2008,,R1200R (K27),122EF,,61218394179 (ETX14-BS),DCPR8EKC,4,"2,145",845,"1,160",223,K27　アクティブライン(ベースモデル）FI,3.8,,120 70 ZR 17 58W TL,180 55 ZR 17 73W TL,Wディスク,ディスク,ー,ー,ー,ー,,"SD-439, SD-439","SD-947/2, SD-947/2","VD-439JL, VD-439JL","VD-947/2JL, VD-947/2JL",,,,"67464, 67464",,,,03920,BM-08704,,KN-164,,,,,,03920_1.jpg
BMW,1169cc,2009,,R1200R (K27),122EF,,61218394179 (ETX14-BS),DCPR8EKC,4,"2,145",845,"1,160",223,K27　アクティブライン(ベースモデル）FI,3.8,,120 70 ZR 17 58W TL,180 55 ZR 17 73W TL,Wディスク,ディスク,ー,ー,ー,ー,,"SD-439, SD-439","SD-947/2, SD-947/2","VD-439JL, VD-439JL","VD-947/2JL, VD-947/2JL",,,,"67464, 67464",,,,03920,BM-08704,,KN-164,,,,,,03920_1.jpg
BMW,1169cc,2010,,R1200R (K27),122EF,,61218394179 (ETX14-BS),DCPR8EKC,4,"2,145",845,"1,160",223,K27　アクティブライン(ベースモデル）FI,3.8,,120 70 ZR 17 58W TL,180 55 ZR 17 73W TL,Wディスク,ディスク,ー,ー,ー,ー,,"SD-439, SD-439","SD-947/2, SD-947/2","VD-439JL, VD-439JL","VD-947/2JL, VD-947/2JL",,,,"67464, 67464",,,,03920,BM-08704,,KN-164,,,,,,03920_1.jpg
BMW,1169cc,2011,,R1200R (K27),122EF,,61218394179 (ETX14-BS),DCPR8EKC,4,"2,145",845,"1,160",223,K27　アクティブライン(ベースモデル）FI,3.8,,120 70 ZR 17 58W TL,180 55 ZR 17 73W TL,Wディスク,ディスク,ー,ー,ー,ー,,"SD-439, SD-439","SD-947/2, SD-947/2","VD-439JL, VD-439JL","VD-947/2JL, VD-947/2JL",,,,"67464, 67464",,,,03920,BM-08704,,KN-164,,,,,,03920_1.jpg
BMW,1169cc,2015,EBL-R12NB/2BL-R12NB,R1200R (K53),122EF,,61218394179 (ETX14-BS),LMAR8D-J,2,"2,165",880,"1,300",231,K53　ハイライン(ABS)　DOHC,3.8,,120 70 ZR 17 58W TL,180 55 ZR 17 73W TL,Wディスク,ディスク,ー,ー,ー,ー,,"SD-9070, SD-9070",,"VD-9070JL, VD-9070JL",,"ZD-9070CT, ZD-9070CT",,,,,,,03871,BM-08703,,KN-160,,,,,,03871_1.jpg
BMW,1169cc,2016,EBL-R12NB/2BL-R12NB,R1200R (K53),122EF,,61218394179 (ETX14-BS),LMAR8D-J,2,"2,165",880,"1,300",231,K53　ハイライン(ABS)　DOHC,3.8,,120 70 ZR 17 58W TL,180 55 ZR 17 73W TL,Wディスク,ディスク,ー,ー,ー,ー,,"SD-9070, SD-9070",,"VD-9070JL, VD-9070JL",,"ZD-9070CT, ZD-9070CT",,,,,,,03871,BM-08703,,KN-160,,,,,,03871_1.jpg
BMW,1169cc,2017,EBL-R12NB/2BL-R12NB,R1200R (K53),122EF,,61218394179 (ETX14-BS),LMAR8D-J,2,"2,165",880,"1,300",231,K53　ハイライン(ABS)　DOHC,3.8,,120 70 ZR 17 58W TL,180 55 ZR 17 73W TL,Wディスク,ディスク,ー,ー,ー,ー,,"SD-9070, SD-9070",,"VD-9070JL, VD-9070JL",,"ZD-9070CT, ZD-9070CT",,,,,,,03871,BM-08703,,KN-160,,,,,,03871_1.jpg
BMW,1169cc,2018,EBL-R12NB/2BL-R12NB,R1200R (K53),122EF,,61218394179 (ETX14-BS),LMAR8D-J,2,"2,165",880,"1,300",231,K53　ハイライン(ABS)　DOHC,3.8,,120 70 ZR 17 58W TL,180 55 ZR 17 73W TL,Wディスク,ディスク,ー,ー,ー,ー,,"SD-9070, SD-9070",,"VD-9070JL, VD-9070JL",,"ZD-9070CT, ZD-9070CT",,,,,,,03871,BM-08703,,KN-160,,,,,,03871_1.jpg
BMW,1169cc,2019,EBL-R12NB/2BL-R12NB,R1200R (K53),122EF,,61218394179 (ETX14-BS),LMAR8D-J,2,"2,165",880,"1,300",231,K53　ハイライン(ABS)　DOHC,3.8,,120 70 ZR 17 58W TL,180 55 ZR 17 73W TL,Wディスク,ディスク,ー,ー,ー,ー,,"SD-9070, SD-9070",,"VD-9070JL, VD-9070JL",,"ZD-9070CT, ZD-9070CT",,,,,,,03871,BM-08703,,KN-160,,,,,,03871_1.jpg
BMW,1169cc,2011,EBL-R12JA,R1200R (K27),122EF,,61218394179 (ETX14-BS),MAR8B-JDS,4,"2,145",906,"1,317",227,K27　ハイライン(ABS)　DOHC,3.8,,120 70 ZR 17 58W TL,180 55 ZR 17 73W TL,Wディスク,ディスク,ー,ー,ー,ー,,"SD-439, SD-439","SD-947/2, SD-947/2","VD-439JL, VD-439JL","VD-947/2JL, VD-947/2JL",,,,"67464, 67464",,,,03444,BM-08704,,KN-164,,,,,,03444_1.jpg
BMW,1169cc,2012,EBL-R12JA,R1200R (K27),122EF,,61218394179 (ETX14-BS),MAR8B-JDS,4,"2,145",906,"1,317",227,K27　ハイライン(ABS)　DOHC,3.8,,120 70 ZR 17 58W TL,180 55 ZR 17 73W TL,Wディスク,ディスク,ー,ー,ー,ー,,"SD-439, SD-439","SD-947/2, SD-947/2","VD-439JL, VD-439JL","VD-947/2JL, VD-947/2JL",,,,"67464, 67464",,,,03444,BM-08704,,KN-164,,,,,,03444_1.jpg
BMW,1169cc,2013,EBL-R12JA,R1200R (K27),122EF,,61218394179 (ETX14-BS),MAR8B-JDS,4,"2,145",906,"1,317",227,K27　ハイライン(ABS)　DOHC,3.8,,120 70 ZR 17 58W TL,180 55 ZR 17 73W TL,Wディスク,ディスク,ー,ー,ー,ー,,"SD-439, SD-439","SD-947/2, SD-947/2","VD-439JL, VD-439JL","VD-947/2JL, VD-947/2JL",,,,"67464, 67464",,,,03444,BM-08704,,KN-164,,,,,,03444_1.jpg
BMW,1169cc,2011,EBL-R12JA,R1200R Classic,,R12JA -,61218394179 (ETX14-BS),MAR8B-JDS,4,"2,205",845,"1,165",238,K27　スポークホイール　ハイライン(ABS)　DOHC,3.8,,120 70 ZR 17 WT,180 55 ZR 17 WT,Wディスク,ディスク,ー,ー,ー,ー,,,,,,,,,,,,,03445,BM-08704,,KN-164,,,,,,03445_1.jpg
BMW,1169cc,2012,EBL-R12JA,R1200R Classic,,R12JA -,61218394179 (ETX14-BS),MAR8B-JDS,4,"2,205",845,"1,165",238,K27　スポークホイール　ハイライン(ABS)　DOHC,3.8,,120 70 ZR 17 WT,180 55 ZR 17 WT,Wディスク,ディスク,ー,ー,ー,ー,,,,,,,,,,,,,03445,BM-08704,,KN-164,,,,,,03445_1.jpg
BMW,1170cc,2015,EBL-R12NB,R1200RS,,R12NB -,61218394179 (ETX14-BS),LMAR8D-J,2,"2,202",925,"1,250",236,K54　ABS,3.8,,120 70 ZR 17 58W TL,180 55 ZR 17 73W TL,Wディスク,ディスク,/,/,/,/,,"SD-9070, SD-9070",,"VD-9070JL, VD-9070JL",,"ZD-9070CT, ZD-9070CT",,,,,,,03870,BM-08703,,KN-160,,,,,,03870_1.jpg
BMW,1170cc,2016,EBL-R12NB,R1200RS,,R12NB -,61218394179 (ETX14-BS),LMAR8D-J,2,"2,202",925,"1,250",236,K54　ABS,3.8,,120 70 ZR 17 58W TL,180 55 ZR 17 73W TL,Wディスク,ディスク,/,/,/,/,,"SD-9070, SD-9070",,"VD-9070JL, VD-9070JL",,"ZD-9070CT, ZD-9070CT",,,,,,,03870,BM-08703,,KN-160,,,,,,03870_1.jpg
BMW,1170cc,2017,EBL-R12NB,R1200RS,,R12NB -,61218394179 (ETX14-BS),LMAR8D-J,2,"2,202",925,"1,250",236,K54　ABS,3.8,,120 70 ZR 17 58W TL,180 55 ZR 17 73W TL,Wディスク,ディスク,/,/,/,/,,"SD-9070, SD-9070",,"VD-9070JL, VD-9070JL",,"ZD-9070CT, ZD-9070CT",,,,,,,03870,BM-08703,,KN-160,,,,,,03870_1.jpg
BMW,1170cc,2018,EBL-R12NB,R1200RS,,R12NB -,61218394179 (ETX14-BS),LMAR8D-J,2,"2,202",925,"1,250",236,K54　ABS,3.8,,120 70 ZR 17 58W TL,180 55 ZR 17 73W TL,Wディスク,ディスク,/,/,/,/,,"SD-9070, SD-9070",,"VD-9070JL, VD-9070JL",,"ZD-9070CT, ZD-9070CT",,,,,,,03870,BM-08703,,KN-160,,,,,,03870_1.jpg
BMW,1170cc,2019,EBL-R12NB,R1200RS,,R12NB -,61218394179 (ETX14-BS),LMAR8D-J,2,"2,202",925,"1,250",236,K54　ABS,3.8,,120 70 ZR 17 58W TL,180 55 ZR 17 73W TL,Wディスク,ディスク,/,/,/,/,,"SD-9070, SD-9070",,"VD-9070JL, VD-9070JL",,"ZD-9070CT, ZD-9070CT",,,,,,,03870,BM-08703,,KN-160,,,,,,03870_1.jpg
BMW,1170cc,2005,R12JA,R1200RT (K26),122EF,,61212346800(YT19BL-BS),DCPR8EKC,4,"2,230",980,"1,430",259,K26　FI　ABS,3.8,,120 70 ZR 17 58W TL,180 55 ZR 17 73W TL,Wディスク,ディスク,/,/,/,/,,"SD-9000, SD-9000","SD-947/2, SD-947/2","VD-9000JL, VD-9000JL","VD-947/2JL, VD-947/2JL",,,,,,,,02946,BM-08704,,KN-164,,,,,,02946_1.jpg
BMW,1170cc,2006,R12JA,R1200RT (K26),122EF,,61212346800(YT19BL-BS),DCPR8EKC,4,"2,230",980,"1,430",259,K26　FI　ABS,3.8,,120 70 ZR 17 58W TL,180 55 ZR 17 73W TL,Wディスク,ディスク,/,/,/,/,,"SD-9000, SD-9000","SD-947/2, SD-947/2","VD-9000JL, VD-9000JL","VD-947/2JL, VD-947/2JL",,,,,,,,02946,BM-08704,,KN-164,,,,,,02946_1.jpg
BMW,1170cc,2007,R12JA,R1200RT (K26),122EF,,61212346800(YT19BL-BS),DCPR8EKC,4,"2,230",980,"1,430",259,K26　FI　ABS,3.8,,120 70 ZR 17 58W TL,180 55 ZR 17 73W TL,Wディスク,ディスク,/,/,/,/,,"SD-9000, SD-9000","SD-947/2, SD-947/2","VD-9000JL, VD-9000JL","VD-947/2JL, VD-947/2JL",,,,,,,,02946,BM-08704,,KN-164,,,,,,02946_1.jpg
BMW,1170cc,2008,R12JA,R1200RT (K26),122EF,,61212346800(YT19BL-BS),DCPR8EKC,4,"2,230",980,"1,430",259,K26　FI　ABS,3.8,,120 70 ZR 17 58W TL,180 55 ZR 17 73W TL,Wディスク,ディスク,/,/,/,/,,"SD-9000, SD-9000","SD-947/2, SD-947/2","VD-9000JL, VD-9000JL","VD-947/2JL, VD-947/2JL",,,,,,,,02946,BM-08704,,KN-164,,,,,,02946_1.jpg
BMW,1170cc,2009,R12JA,R1200RT (K26),122EF,,61212346800(YT19BL-BS),DCPR8EKC,4,"2,230",980,"1,430",259,K26　FI　ABS,3.8,,120 70 ZR 17 58W TL,180 55 ZR 17 73W TL,Wディスク,ディスク,/,/,/,/,,"SD-9000, SD-9000","SD-947/2, SD-947/2","VD-9000JL, VD-9000JL","VD-947/2JL, VD-947/2JL",,,,,,,,02946,BM-08704,,KN-164,,,,,,02946_1.jpg
BMW,1170cc,2010,R12JA,R1200RT (K26),122EF,,61212346800(YT19BL-BS),MAR8B-JDS,4,"2,230",905,"1,430",263,K26　FI　ABS,3.8,,120 70 ZR 17 58W TL,180 55 ZR 17 73W TL,Wディスク,ディスク,/,/,/,/,,"SD-9000, SD-9000","SD-947/2, SD-947/2","VD-9000JL, VD-9000JL","VD-947/2JL, VD-947/2JL",,,,,,,,02950,BM-08704,,KN-164,,,,,,02950_1.jpg
BMW,1170cc,2011,R12JA,R1200RT (K26),122EF,,61212346800(YT19BL-BS),MAR8B-JDS,4,"2,230",905,"1,430",263,K26　FI　ABS,3.8,,120 70 ZR 17 58W TL,180 55 ZR 17 73W TL,Wディスク,ディスク,/,/,/,/,,"SD-9000, SD-9000","SD-947/2, SD-947/2","VD-9000JL, VD-9000JL","VD-947/2JL, VD-947/2JL",,,,,,,,02950,BM-08704,,KN-164,,,,,,02950_1.jpg
BMW,1170cc,2012,R12JA,R1200RT (K26),122EF,,61212346800(YT19BL-BS),MAR8B-JDS,4,"2,230",905,"1,430",263,K26　FI　ABS,3.8,,120 70 ZR 17 58W TL,180 55 ZR 17 73W TL,Wディスク,ディスク,/,/,/,/,,"SD-9000, SD-9000","SD-947/2, SD-947/2","VD-9000JL, VD-9000JL","VD-947/2JL, VD-947/2JL",,,,,,,,02950,BM-08704,,KN-164,,,,,,02950_1.jpg
BMW,1170cc,2013,R12JA,R1200RT (K26),122EF,,61212346800(YT19BL-BS),MAR8B-JDS,4,"2,230",905,"1,430",263,K26　FI　ABS,3.8,,120 70 ZR 17 58W TL,180 55 ZR 17 73W TL,Wディスク,ディスク,/,/,/,/,,"SD-9000, SD-9000","SD-947/2, SD-947/2","VD-9000JL, VD-9000JL","VD-947/2JL, VD-947/2JL",,,,,,,,02950,BM-08704,,KN-164,,,,,,02950_1.jpg
BMW,1169cc,2014,EBL-R12NA/2BL-R12NA,R1200RT (K52),122EN,,61218531121(YTX16-BS),LMAR8D-J,2,"2,222",983,"1,416",274,K52　FI　ABS,3.8,,120 70 ZR 17 58W TL,180 55 ZR 17 73W TL,Wディスク,ディスク,/,/,/,/,,"SD-9070, SD-9070","SD-958, SD-958","VD-9070JL, VD-9070JL","VD-958JL, VD-958JL","ZD-9070CT, ZD-9070CT",,,,,,,03782,BM-08703,,KN-160,,,,,,03782_1.jpg
BMW,1169cc,2015,EBL-R12NA/2BL-R12NA,R1200RT (K52),122EN,,61218531121(YTX16-BS),LMAR8D-J,2,"2,222",983,"1,416",274,K52　FI　ABS,3.8,,120 70 ZR 17 58W TL,180 55 ZR 17 73W TL,Wディスク,ディスク,/,/,/,/,,"SD-9070, SD-9070","SD-958, SD-958","VD-9070JL, VD-9070JL","VD-958JL, VD-958JL","ZD-9070CT, ZD-9070CT",,,,,,,03782,BM-08703,,KN-160,,,,,,03782_1.jpg
BMW,1169cc,2016,EBL-R12NA/2BL-R12NA,R1200RT (K52),122EN,,61218531121(YTX16-BS),LMAR8D-J,2,"2,222",983,"1,416",274,K52　FI　ABS,3.8,,120 70 ZR 17 58W TL,180 55 ZR 17 73W TL,Wディスク,ディスク,/,/,/,/,,"SD-9070, SD-9070","SD-958, SD-958","VD-9070JL, VD-9070JL","VD-958JL, VD-958JL","ZD-9070CT, ZD-9070CT",,,,,,,03782,BM-08703,,KN-160,,,,,,03782_1.jpg
BMW,1169cc,2017,EBL-R12NA/2BL-R12NA,R1200RT (K52),122EN,,61218531121(YTX16-BS),LMAR8D-J,2,"2,222",983,"1,416",274,K52　FI　ABS,3.8,,120 70 ZR 17 58W TL,180 55 ZR 17 73W TL,Wディスク,ディスク,/,/,/,/,,"SD-9070, SD-9070","SD-958, SD-958","VD-9070JL, VD-9070JL","VD-958JL, VD-958JL","ZD-9070CT, ZD-9070CT",,,,,,,03782,BM-08703,,KN-160,,,,,,03782_1.jpg
BMW,1169cc,2018,EBL-R12NA/2BL-R12NA,R1200RT (K52),122EN,,61218531121(YTX16-BS),LMAR8D-J,2,"2,222",983,"1,416",274,K52　FI　ABS,3.8,,120 70 ZR 17 58W TL,180 55 ZR 17 73W TL,Wディスク,ディスク,/,/,/,/,,"SD-9070, SD-9070","SD-958, SD-958","VD-9070JL, VD-9070JL","VD-958JL, VD-958JL","ZD-9070CT, ZD-9070CT",,,,,,,03782,BM-08703,,KN-160,,,,,,03782_1.jpg
BMW,1170cc,2006,,R1200S,122EG,,61218394179 (ETX14-BS),DCPR8EKC,4,"2,151",870,"1,177",213,K29　ハイライン(ABS),3.8,,120 70 ZR 17 58W TL,190 50 ZR 17 73W TL,Wディスク,ディスク,/,/,/,/,,"SD-9000, SD-9000","SD-947/2, SD-947/2","VD-9000JL, VD-9000JL","VD-947/2JL, VD-947/2JL",,,,,,,,03923,BM-08704,,KN-164,,,,,,03923_1.jpg
BMW,1170cc,2007,,R1200S,122EG,,61218394179 (ETX14-BS),DCPR8EKC,4,"2,151",870,"1,177",213,K29　ハイライン(ABS),3.8,,120 70 ZR 17 58W TL,190 50 ZR 17 73W TL,Wディスク,ディスク,/,/,/,/,,"SD-9000, SD-9000","SD-947/2, SD-947/2","VD-9000JL, VD-9000JL","VD-947/2JL, VD-947/2JL",,,,,,,,03923,BM-08704,,KN-164,,,,,,03923_1.jpg
BMW,1169cc,2005,,R1200ST,122EF,,61218394179 (ETX14-BS),DCPR8EKC,4,"2,165",750,"1,220",229,K28　スポーツツアラー,3.8,,120 70 ZR 17 58W TL,180 55 ZR 17 73W TL,Wディスク,ディスク,/,/,/,/,,"SD-9000, SD-9000","SD-947/2, SD-947/2","VD-9000JL, VD-9000JL","VD-947/2JL, VD-947/2JL",,,,,,,,02949,BM-08704,,KN-164,,,,,,02949_1.jpg
BMW,1169cc,2006,,R1200ST,122EF,,61218394179 (ETX14-BS),DCPR8EKC,4,"2,165",750,"1,220",229,K28　スポーツツアラー,3.8,,120 70 ZR 17 58W TL,180 55 ZR 17 73W TL,Wディスク,ディスク,/,/,/,/,,"SD-9000, SD-9000","SD-947/2, SD-947/2","VD-9000JL, VD-9000JL","VD-947/2JL, VD-947/2JL",,,,,,,,02949,BM-08704,,KN-164,,,,,,02949_1.jpg
BMW,1169cc,2007,,R1200ST,122EF,,61218394179 (ETX14-BS),DCPR8EKC,4,"2,165",750,"1,220",229,K28　スポーツツアラー,3.8,,120 70 ZR 17 58W TL,180 55 ZR 17 73W TL,Wディスク,ディスク,/,/,/,/,,"SD-9000, SD-9000","SD-947/2, SD-947/2","VD-9000JL, VD-9000JL","VD-947/2JL, VD-947/2JL",,,,,,,,02949,BM-08704,,KN-164,,,,,,02949_1.jpg
BMW,1169cc,2008,,R1200ST,122EF,,61218394179 (ETX14-BS),DCPR8EKC,4,"2,165",750,"1,220",229,K28　スポーツツアラー,3.8,,120 70 ZR 17 58W TL,180 55 ZR 17 73W TL,Wディスク,ディスク,/,/,/,/,,"SD-9000, SD-9000","SD-947/2, SD-947/2","VD-9000JL, VD-9000JL","VD-947/2JL, VD-947/2JL",,,,,,,,02949,BM-08704,,KN-164,,,,,,02949_1.jpg
BMW,1169cc,2009,,R1200ST,122EF,,61218394179 (ETX14-BS),DCPR8EKC,4,"2,165",750,"1,220",229,K28　スポーツツアラー,3.8,,120 70 ZR 17 58W TL,180 55 ZR 17 73W TL,Wディスク,ディスク,/,/,/,/,,"SD-9000, SD-9000","SD-947/2, SD-947/2","VD-9000JL, VD-9000JL","VD-947/2JL, VD-947/2JL",,,,,,,,02949,BM-08704,,KN-164,,,,,,02949_1.jpg
BMW,1169cc,2010,,R1200ST,122EF,,61218394179 (ETX14-BS),DCPR8EKC,4,"2,165",750,"1,220",229,K28　スポーツツアラー,3.8,,120 70 ZR 17 58W TL,180 55 ZR 17 73W TL,Wディスク,ディスク,/,/,/,/,,"SD-9000, SD-9000","SD-947/2, SD-947/2","VD-9000JL, VD-9000JL","VD-947/2JL, VD-947/2JL",,,,,,,,02949,BM-08704,,KN-164,,,,,,02949_1.jpg
BMW,1169cc,2011,,R1200ST,122EF,,61218394179 (ETX14-BS),DCPR8EKC,4,"2,165",750,"1,220",229,K28　スポーツツアラー,3.8,,120 70 ZR 17 58W TL,180 55 ZR 17 73W TL,Wディスク,ディスク,/,/,/,/,,"SD-9000, SD-9000","SD-947/2, SD-947/2","VD-9000JL, VD-9000JL","VD-947/2JL, VD-947/2JL",,,,,,,,02949,BM-08704,,KN-164,,,,,,02949_1.jpg
BMW,1169cc,2012,,R1200ST,122EF,,61218394179 (ETX14-BS),DCPR8EKC,4,"2,165",750,"1,220",229,K28　スポーツツアラー,3.8,,120 70 ZR 17 58W TL,180 55 ZR 17 73W TL,Wディスク,ディスク,/,/,/,/,,"SD-9000, SD-9000","SD-947/2, SD-947/2","VD-9000JL, VD-9000JL","VD-947/2JL, VD-947/2JL",,,,,,,,02949,BM-08704,,KN-164,,,,,,02949_1.jpg
BMW,1170cc,2006,,R1200S,122EG,,61218394179 (ETX14-BS),DCPR8EKC,4,"2,151",870,"1,177",213,K29　アクティブライン(ベースモデル),3.8,,120 70 ZR 17 58W TL,190 50 ZR 17 73W TL,Wディスク,ディスク,/,/,/,/,,"SD-9000, SD-9000","SD-947/2, SD-947/2","VD-9000JL, VD-9000JL","VD-947/2JL, VD-947/2JL",,,,,,,,02948,BM-08704,,KN-164,,,,,,02948_1.jpg
BMW,1170cc,2007,,R1200S,122EG,,61218394179 (ETX14-BS),DCPR8EKC,4,"2,151",870,"1,177",213,K29　アクティブライン(ベースモデル),3.8,,120 70 ZR 17 58W TL,190 50 ZR 17 73W TL,Wディスク,ディスク,/,/,/,/,,"SD-9000, SD-9000","SD-947/2, SD-947/2","VD-9000JL, VD-9000JL","VD-947/2JL, VD-947/2JL",,,,,,,,02948,BM-08704,,KN-164,,,,,,02948_1.jpg
BMW,1254cc,2019,2BL-R12MA,R1250GS,A74B12M,,61218394179 (ETX14-BS),LMAR8AI-10,2,"2,205",965,"1,490",256,K50　シフトカム（可変バルブ）エンジン　ユーロ4,3.8,,120 70 R 19 TL,170 60 R 17 TL,Wディスク,ディスク,ー,ー,ー,ー,,"SD-9070, SD-9088, SD-9088, SD-9070","SD-958, SD-958","VD-9070JL, VD-9088JL, VD-9088JL, VD-9070JL","VD-958JL, VD-958JL","ZD-9070CT, ZD-9088CT, ZD-9088CT, ZD-9070CT",,,,,,,04515,BM-08703,,KN-160,,,,,,04515_1.jpg
BMW,1254cc,2020,2BL-R12MA,R1250GS,A74B12M,,61218394179 (ETX14-BS),LMAR8AI-10,2,"2,205",965,"1,490",256,K50　シフトカム（可変バルブ）エンジン　ユーロ4,3.8,,120 70 R 19 TL,170 60 R 17 TL,Wディスク,ディスク,ー,ー,ー,ー,,"SD-9070, SD-9088, SD-9088, SD-9070","SD-958, SD-958","VD-9070JL, VD-9088JL, VD-9088JL, VD-9070JL","VD-958JL, VD-958JL","ZD-9070CT, ZD-9088CT, ZD-9088CT, ZD-9070CT",,,,,,,04515,BM-08703,,KN-160,,,,,,04515_1.jpg
BMW,1254cc,2021,,R1250GS,A74B12M,,61218394179 (ETX14-BS),LMAR8AI-10,2,"2,205",965,"1,490",256,K50　 シフトカム（可変バルブ）エンジン　ユーロ5　　STD・40YearsGS Edition,3.8,,120 70 R 19 TL,170 60 R 17 TL,Wディスク,ディスク,ー,ー,ー,ー,,"SD-9070, SD-9088, SD-9088, SD-9070","SD-958, SD-958","VD-9070JL, VD-9088JL, VD-9088JL, VD-9070JL","VD-958JL, VD-958JL","ZD-9070CT, ZD-9088CT, ZD-9088CT, ZD-9070CT",,,,,,,04730,BM-08703,,KN-160,,,,,,04730_1.jpg
BMW,1254cc,2022,,R1250GS,A74B12M,,61218394179 (ETX14-BS),LMAR8AI-10,2,"2,205",965,"1,490",256,K50　 シフトカム（可変バルブ）エンジン　ユーロ5　　STD・40YearsGS Edition,3.8,,120 70 R 19 TL,170 60 R 17 TL,Wディスク,ディスク,ー,ー,ー,ー,,"SD-9070, SD-9088, SD-9088, SD-9070","SD-958, SD-958","VD-9070JL, VD-9088JL, VD-9088JL, VD-9070JL","VD-958JL, VD-958JL","ZD-9070CT, ZD-9088CT, ZD-9088CT, ZD-9070CT",,,,,,,04730,BM-08703,,KN-160,,,,,,04730_1.jpg
BMW,1254cc,2023,,R1250GS,A74B12M,,61218394179 (ETX14-BS),LMAR8AI-10,2,"2,205",965,"1,490",256,K50　 シフトカム（可変バルブ）エンジン　ユーロ5　　STD・40YearsGS Edition,3.8,,120 70 R 19 TL,170 60 R 17 TL,Wディスク,ディスク,ー,ー,ー,ー,,"SD-9070, SD-9088, SD-9088, SD-9070","SD-958, SD-958","VD-9070JL, VD-9088JL, VD-9088JL, VD-9070JL","VD-958JL, VD-958JL","ZD-9070CT, ZD-9088CT, ZD-9088CT, ZD-9070CT",,,,,,,04730,BM-08703,,KN-160,,,,,,04730_1.jpg
BMW,1254cc,2019,2BL-R12MA,R1250GS Adventure,A74B12M,R12JA -,61218394179 (ETX14-BS)(縦置),LMAR8AI-10,2,"2,270",980,"1,530",278,K51　シフトカム（可変バルブ）エンジン 30L大型タンク　ユーロ4,3.8,,120 70 R 19 TL,170 60 R 17 TL,Wディスク,ディスク,ー,ー,ー,ー,2.909,"SD-9070, SD-9088, SD-9088, SD-9070","SD-958, SD-958","VD-9070JL, VD-9088JL, VD-9088JL, VD-9070JL","VD-958JL, VD-958JL","ZD-9070CT, ZD-9088CT, ZD-9088CT, ZD-9070CT",,,,,,,04516,BM-08703,,KN-160,,,,,,04516_1.jpg
BMW,1254cc,2020,2BL-R12MA,R1250GS Adventure,A74B12M,R12JA -,61218394179 (ETX14-BS)(縦置),LMAR8AI-10,2,"2,270",980,"1,530",278,K51　シフトカム（可変バルブ）エンジン 30L大型タンク　ユーロ4,3.8,,120 70 R 19 TL,170 60 R 17 TL,Wディスク,ディスク,ー,ー,ー,ー,2.909,"SD-9070, SD-9088, SD-9088, SD-9070","SD-958, SD-958","VD-9070JL, VD-9088JL, VD-9088JL, VD-9070JL","VD-958JL, VD-958JL","ZD-9070CT, ZD-9088CT, ZD-9088CT, ZD-9070CT",,,,,,,04516,BM-08703,,KN-160,,,,,,04516_1.jpg
BMW,1254cc,2021,,R1250GS Adventure,A74B12M,,61218394179 (ETX14-BS)(縦置),LMAR8AI-10,2,"2,270",980,"1,530",278,K51　シフトカム（可変バルブ）エンジン 30L大型タンク　ユーロ5　　STD・40YearsGS Edition,3.8,,120 70 R 19 TL,170 60 R 17 TL,Wディスク,ディスク,ー,ー,ー,ー,,"SD-9070, SD-9088, SD-9088, SD-9070","SD-958, SD-958","VD-9070JL, VD-9088JL, VD-9088JL, VD-9070JL","VD-958JL, VD-958JL","ZD-9070CT, ZD-9088CT, ZD-9088CT, ZD-9070CT",,,,,,,04731,BM-08703,,KN-160,,,,,,04731_1.jpg
BMW,1254cc,2022,,R1250GS Adventure,A74B12M,,61218394179 (ETX14-BS)(縦置),LMAR8AI-10,2,"2,270",980,"1,530",278,K51　シフトカム（可変バルブ）エンジン 30L大型タンク　ユーロ5　　STD・40YearsGS Edition,3.8,,120 70 R 19 TL,170 60 R 17 TL,Wディスク,ディスク,ー,ー,ー,ー,,"SD-9070, SD-9088, SD-9088, SD-9070","SD-958, SD-958","VD-9070JL, VD-9088JL, VD-9088JL, VD-9070JL","VD-958JL, VD-958JL","ZD-9070CT, ZD-9088CT, ZD-9088CT, ZD-9070CT",,,,,,,04731,BM-08703,,KN-160,,,,,,04731_1.jpg
BMW,1254cc,2023,,R1250GS Adventure,A74B12M,,61218394179 (ETX14-BS)(縦置),LMAR8AI-10,2,"2,270",980,"1,530",278,K51　シフトカム（可変バルブ）エンジン 30L大型タンク　ユーロ5　　STD・40YearsGS Edition,3.8,,120 70 R 19 TL,170 60 R 17 TL,Wディスク,ディスク,ー,ー,ー,ー,,"SD-9070, SD-9088, SD-9088, SD-9070","SD-958, SD-958","VD-9070JL, VD-9088JL, VD-9088JL, VD-9070JL","VD-958JL, VD-958JL","ZD-9070CT, ZD-9088CT, ZD-9088CT, ZD-9070CT",,,,,,,04731,BM-08703,,KN-160,,,,,,04731_1.jpg
BMW,1254cc,2024,,R1250GS Adventure,A74B12M,,61218394179 (ETX14-BS)(縦置),LMAR8AI-10,2,"2,270",980,"1,530",278,K51　シフトカム（可変バルブ）エンジン 30L大型タンク　ユーロ5　　STD・40YearsGS Edition,3.8,,120 70 R 19 TL,170 60 R 17 TL,Wディスク,ディスク,ー,ー,ー,ー,,"SD-9070, SD-9088, SD-9088, SD-9070","SD-958, SD-958","VD-9070JL, VD-9088JL, VD-9088JL, VD-9070JL","VD-958JL, VD-958JL","ZD-9070CT, ZD-9088CT, ZD-9088CT, ZD-9070CT",,,,,,,04731,BM-08703,,KN-160,,,,,,04731_1.jpg
BMW,1254cc,2019,,R1250R,A74B12M,,61218394179 (ETX14-BS),LMAR8AI-10,2,"2,165",850,"1,180",246,K53　ボクサーエンジン　新型シフトカム（可変バルブ）,3.8,,120 70 ZR 17 58W TL,180 55 ZR 17 73W TL,Wディスク,ディスク,ー,ー,ー,ー,2.818,"SD-9070, SD-9070",,"VD-9070JL, VD-9070JL",,"ZD-9070CT, ZD-9070CT",,,,,,,04522,BM-08703,,KN-160,,,,,,04522_1.jpg
BMW,1254cc,2020,,R1250R,A74B12M,,61218394179 (ETX14-BS),LMAR8AI-10,2,"2,165",850,"1,180",246,K53　ボクサーエンジン　新型シフトカム（可変バルブ）,3.8,,120 70 ZR 17 58W TL,180 55 ZR 17 73W TL,Wディスク,ディスク,ー,ー,ー,ー,2.818,"SD-9070, SD-9070",,"VD-9070JL, VD-9070JL",,"ZD-9070CT, ZD-9070CT",,,,,,,04522,BM-08703,,KN-160,,,,,,04522_1.jpg
BMW,1254cc,2021,,R1250R,A74B12M,,61218394179 (ETX14-BS),LMAR8AI-10,2,"2,165",850,"1,180",246,K53　ボクサーエンジン　新型シフトカム（可変バルブ）,3.8,,120 70 ZR 17 58W TL,180 55 ZR 17 73W TL,Wディスク,ディスク,ー,ー,ー,ー,2.818,"SD-9070, SD-9070",,"VD-9070JL, VD-9070JL",,"ZD-9070CT, ZD-9070CT",,,,,,,04522,BM-08703,,KN-160,,,,,,04522_1.jpg
BMW,1254cc,2022,,R1250R,A74B12M,,61218394179 (ETX14-BS),LMAR8AI-10,2,"2,165",850,"1,180",246,K53　ボクサーエンジン　新型シフトカム（可変バルブ）,3.8,,120 70 ZR 17 58W TL,180 55 ZR 17 73W TL,Wディスク,ディスク,ー,ー,ー,ー,2.818,"SD-9070, SD-9070",,"VD-9070JL, VD-9070JL",,"ZD-9070CT, ZD-9070CT",,,,,,,04522,BM-08703,,KN-160,,,,,,04522_1.jpg
BMW,1254cc,2023,,R1250R,A74B12M,,61218394179 (ETX14-BS),LMAR8AI-10,2,"2,165",850,"1,180",246,K53　ボクサーエンジン　新型シフトカム（可変バルブ）,3.8,,120 70 ZR 17 58W TL,180 55 ZR 17 73W TL,Wディスク,ディスク,ー,ー,ー,ー,2.818,"SD-9070, SD-9070",,"VD-9070JL, VD-9070JL",,"ZD-9070CT, ZD-9070CT",,,,,,,04522,BM-08703,,KN-160,,,,,,04522_1.jpg
BMW,1254cc,2024,,R1250R,A74B12M,,61218394179 (ETX14-BS),LMAR8AI-10,2,"2,165",850,"1,180",246,K53　ボクサーエンジン　新型シフトカム（可変バルブ）,3.8,,120 70 ZR 17 58W TL,180 55 ZR 17 73W TL,Wディスク,ディスク,ー,ー,ー,ー,2.818,"SD-9070, SD-9070",,"VD-9070JL, VD-9070JL",,"ZD-9070CT, ZD-9070CT",,,,,,,04522,BM-08703,,KN-160,,,,,,04522_1.jpg
BMW,1254cc,2019,2BL-R12MB,R1250RS,A74B12M,,61218394179 (ETX14-BS),LMAR8AI-10,2,"2,200",790,"1,340",250,K54　ボクサーエンジン　新型シフトカム（可変バルブ）　ユーロ4,3.8,,120 70 ZR 17 W TL,180 55 ZR 17 W TL,Wディスク,ディスク,ー,ー,ー,ー,2.818,"SD-9070, SD-9070",,"VD-9070JL, VD-9070JL",,"ZD-9070CT, ZD-9070CT",,,,,,,04519,BM-08703,,KN-160,,,,,,04519_1.jpg
BMW,1254cc,2020,2BL-R12MB,R1250RS,A74B12M,,61218394179 (ETX14-BS),LMAR8AI-10,2,"2,200",790,"1,340",250,K54　ボクサーエンジン　新型シフトカム（可変バルブ）　ユーロ4,3.8,,120 70 ZR 17 W TL,180 55 ZR 17 W TL,Wディスク,ディスク,ー,ー,ー,ー,2.818,"SD-9070, SD-9070",,"VD-9070JL, VD-9070JL",,"ZD-9070CT, ZD-9070CT",,,,,,,04519,BM-08703,,KN-160,,,,,,04519_1.jpg
BMW,1254cc,2021,,R1250RS,A74B12M,,61218394179 (ETX14-BS)(縦置),LMAR8AI-10,2,"2,200",790,"1,340",250,K54　ボクサーエンジン　新型シフトカム（可変バルブ）　ユーロ5,3.8,,120 70 ZR 17 W TL,180 55 ZR 17 W TL,Wディスク,ディスク,ー,ー,ー,ー,2.818,"SD-9070, SD-9070",,"VD-9070JL, VD-9070JL",,"ZD-9070CT, ZD-9070CT",,,,,,,04753,,,,,,,,,04753_1.jpg
BMW,1254cc,2022,,R1250RS,A74B12M,,61218394179 (ETX14-BS)(縦置),LMAR8AI-10,2,"2,200",790,"1,340",250,K54　ボクサーエンジン　新型シフトカム（可変バルブ）　ユーロ5,3.8,,120 70 ZR 17 W TL,180 55 ZR 17 W TL,Wディスク,ディスク,ー,ー,ー,ー,2.818,"SD-9070, SD-9070",,"VD-9070JL, VD-9070JL",,"ZD-9070CT, ZD-9070CT",,,,,,,04753,,,,,,,,,04753_1.jpg
BMW,1254cc,2023,,R1250RS,A74B12M,,61218394179 (ETX14-BS)(縦置),LMAR8AI-10,2,"2,200",790,"1,340",250,K54　ボクサーエンジン　新型シフトカム（可変バルブ）　ユーロ5,3.8,,120 70 ZR 17 W TL,180 55 ZR 17 W TL,Wディスク,ディスク,ー,ー,ー,ー,2.818,"SD-9070, SD-9070",,"VD-9070JL, VD-9070JL",,"ZD-9070CT, ZD-9070CT",,,,,,,04753,,,,,,,,,04753_1.jpg
BMW,1254cc,2024,,R1250RS,A74B12M,,61218394179 (ETX14-BS)(縦置),LMAR8AI-10,2,"2,200",790,"1,340",250,K54　ボクサーエンジン　新型シフトカム（可変バルブ）　ユーロ5,3.8,,120 70 ZR 17 W TL,180 55 ZR 17 W TL,Wディスク,ディスク,ー,ー,ー,ー,2.818,"SD-9070, SD-9070",,"VD-9070JL, VD-9070JL",,"ZD-9070CT, ZD-9070CT",,,,,,,04753,,,,,,,,,04753_1.jpg
BMW,1254cc,2019,R12MA,R1250RT,A74B12M,,61218531121(YTX16-BS),LMAR8AI-10,2,"2,235",990,"1,580",290,K52　新型シフトカム（可変バルブ）エンジン搭載　FI　ABS　ユーロ5,3.8,,120 70 ZR 17 W TL,180 55 ZR 17 W TL,Wディスク,ディスク,ー,ー,ー,ー,,"SD-9088, SD-9088",,"VD-9088JL, VD-9088JL",,"ZD-9088CT, ZD-9088CT",,,,,,,04514,BM-08703,,KN-160,,,,,,04514_1.jpg
BMW,1254cc,2020,R12MA,R1250RT,A74B12M,,61218531121(YTX16-BS),LMAR8AI-10,2,"2,235",990,"1,580",290,K52　新型シフトカム（可変バルブ）エンジン搭載　FI　ABS　ユーロ5,3.8,,120 70 ZR 17 W TL,180 55 ZR 17 W TL,Wディスク,ディスク,ー,ー,ー,ー,,"SD-9088, SD-9088",,"VD-9088JL, VD-9088JL",,"ZD-9088CT, ZD-9088CT",,,,,,,04514,BM-08703,,KN-160,,,,,,04514_1.jpg
BMW,1300cc,2024,,R1300GS,A75B13A,,61218389125(LTX14),LMAR8AI-10,2,"2,210","1,000","1,490",237,KA1　STD・スポーツ・ツーリング　ユーロ5,ドレンはメイン（M16）とサブ（M10）あり。,,120 70 R 19 TL,170 60 R 17 TL,Wディスク,ディスク,ー,ー,ー,ー,/,,,,,,,,,,,,05192,BM-08706,,,,,,,,05192_1.jpg
BMW,1300cc,2025,,R1300GS,A75B13A,,61218389125(LTX14),LMAR8AI-10,2,"2,210","1,000","1,490",237,KA1　STD・スポーツ・ツーリング　ユーロ5,ドレンはメイン（M16）とサブ（M10）あり。,,120 70 R 19 TL,170 60 R 17 TL,Wディスク,ディスク,ー,ー,ー,ー,/,,,,,,,,,,,,05192,BM-08706,,,,,,,,05192_1.jpg
BMW,1300cc,2026,,R1300GS,A75B13A,,61218389125(LTX14),LMAR8AI-10,2,"2,210","1,000","1,490",237,KA1　STD・スポーツ・ツーリング　ユーロ5,ドレンはメイン（M16）とサブ（M10）あり。,,120 70 R 19 TL,170 60 R 17 TL,Wディスク,ディスク,ー,ー,ー,ー,/,,,,,,,,,,,,05192,BM-08706,,,,,,,,05192_1.jpg
BMW,1254cc,2021,,R1250RT,A74B12M,,61218531121(YTX16-BS)(縦置),LMAR8AI-10,2,"2,215",990,"1,575",290,K52　LEDヘッドライト、レーダークルーズ付き。（2022年-）Fブレーキキャリパ変更(Brenbo),3.8,,120 70 ZR 17 W TL,180 55 ZR 17 W TL,Wディスク,ディスク,ー,ー,ー,ー,,"SD-9070, SD-9088, SD-9088, SD-9070",,"VD-9070JL, VD-9088JL, VD-9088JL, VD-9070JL",,"ZD-9088CT, ZD-9088CT",,,,,,,04749,BM-08703,,KN-160,,,,,,04749_1.jpg
BMW,1254cc,2022,,R1250RT,A74B12M,,61218531121(YTX16-BS)(縦置),LMAR8AI-10,2,"2,215",990,"1,575",290,K52　LEDヘッドライト、レーダークルーズ付き。（2022年-）Fブレーキキャリパ変更(Brenbo),3.8,,120 70 ZR 17 W TL,180 55 ZR 17 W TL,Wディスク,ディスク,ー,ー,ー,ー,,"SD-9070, SD-9088, SD-9088, SD-9070",,"VD-9070JL, VD-9088JL, VD-9088JL, VD-9070JL",,"ZD-9088CT, ZD-9088CT",,,,,,,04749,BM-08703,,KN-160,,,,,,04749_1.jpg
BMW,1254cc,2023,,R1250RT,A74B12M,,61218531121(YTX16-BS)(縦置),LMAR8AI-10,2,"2,215",990,"1,575",290,K52　LEDヘッドライト、レーダークルーズ付き。（2022年-）Fブレーキキャリパ変更(Brenbo),3.8,,120 70 ZR 17 W TL,180 55 ZR 17 W TL,Wディスク,ディスク,ー,ー,ー,ー,,"SD-9070, SD-9088, SD-9088, SD-9070",,"VD-9070JL, VD-9088JL, VD-9088JL, VD-9070JL",,"ZD-9088CT, ZD-9088CT",,,,,,,04749,BM-08703,,KN-160,,,,,,04749_1.jpg
BMW,1254cc,2024,,R1250RT,A74B12M,,61218531121(YTX16-BS)(縦置),LMAR8AI-10,2,"2,215",990,"1,575",290,K52　LEDヘッドライト、レーダークルーズ付き。（2022年-）Fブレーキキャリパ変更(Brenbo),3.8,,120 70 ZR 17 W TL,180 55 ZR 17 W TL,Wディスク,ディスク,ー,ー,ー,ー,,"SD-9070, SD-9088, SD-9088, SD-9070",,"VD-9070JL, VD-9088JL, VD-9088JL, VD-9070JL",,"ZD-9088CT, ZD-9088CT",,,,,,,04749,BM-08703,,KN-160,,,,,,04749_1.jpg
BMW,1300cc,2024,,R1300GS Adventure,A75B13A,,61218389125(LTX14),LMAR8AI-10,2,"2,280","1,012","1,558",269,KA2　STD・GS Trophy・Triple Black・Option719 Karakorum　ツーリング/ツーリングASA,ドレンはメイン（M16）とサブ（M10）あり。,,120 70 R 19 TL,170 60 R 17 TL,Wディスク,ディスク,ー,ー,ー,ー,/,,,,,,,,,,,,05223,BM-08706,,,,,,,,05223_1.jpg
BMW,1300cc,2025,,R1300GS Adventure,A75B13A,,61218389125(LTX14),LMAR8AI-10,2,"2,280","1,012","1,558",269,KA2　STD・GS Trophy・Triple Black・Option719 Karakorum　ツーリング/ツーリングASA,ドレンはメイン（M16）とサブ（M10）あり。,,120 70 R 19 TL,170 60 R 17 TL,Wディスク,ディスク,ー,ー,ー,ー,/,,,,,,,,,,,,05223,BM-08706,,,,,,,,05223_1.jpg
BMW,1300cc,2026,,R1300GS Adventure,A75B13A,,61218389125(LTX14),LMAR8AI-10,2,"2,280","1,012","1,558",269,KA2　STD・GS Trophy・Triple Black・Option719 Karakorum　ツーリング/ツーリングASA,ドレンはメイン（M16）とサブ（M10）あり。,,120 70 R 19 TL,170 60 R 17 TL,Wディスク,ディスク,ー,ー,ー,ー,/,,,,,,,,,,,,05223,BM-08706,,,,,,,,05223_1.jpg
BMW,1300cc,2025,,R1300R,A75B13A,,61215A64DC8,LMAR8AI-10,/,"2,125",835,"1,090",244,KA4　STD・ツーリング・ツーリングASA（クラッチレバーレス、完全自動ギアシフトシステム）,ドレンはメイン（M16）とサブ（M10）あり。,,120 70 ZR 17 TL,190 55 ZR 17 TL,Wディスク,ディスク,ー,ー,ー,ー,,,,,,,,,,,,,05316,BM-08706,,,,,,,,05316_1.jpg
BMW,1300cc,2026,,R1300R,A75B13A,,61215A64DC8,LMAR8AI-10,/,"2,125",835,"1,090",244,KA4　STD・ツーリング・ツーリングASA（クラッチレバーレス、完全自動ギアシフトシステム）,ドレンはメイン（M16）とサブ（M10）あり。,,120 70 ZR 17 TL,190 55 ZR 17 TL,Wディスク,ディスク,ー,ー,ー,ー,,,,,,,,,,,,,05316,BM-08706,,,,,,,,05316_1.jpg
BMW,1300cc,2025,R137A,R1300RT,A75B13A,,61215A64DC8,LMAR8AI-10,2,"2,229",971,"1,570",229,KA3　R1250RTの後継　STD・ASA（クラッチレバーレス、完全自動ギアシフトシステム）,ドレンはメイン（M16）とサブ（M10）あり。,,120 70 ZR 17 TL,190 55 ZR 17 TL,Wディスク,ディスク,ー,ー,ー,ー,,,,,,,,,,,,,05296,,,,,,,,,05296_1.jpg
BMW,1300cc,2026,R137A,R1300RT,A75B13A,,61215A64DC8,LMAR8AI-10,2,"2,229",971,"1,570",229,KA3　R1250RTの後継　STD・ASA（クラッチレバーレス、完全自動ギアシフトシステム）,ドレンはメイン（M16）とサブ（M10）あり。,,120 70 ZR 17 TL,190 55 ZR 17 TL,Wディスク,ディスク,ー,ー,ー,ー,,,,,,,,,,,,,05296,,,,,,,,,05296_1.jpg
BMW,1300cc,2025,,R1300RS,A75B13A,,61215A64DC8,LMAR8AI-10,1,"2,140",815,"1,350",252,KA5　STD・ツーリング・ツーリングASA（クラッチレバーレス、完全自動ギアシフトシステム）,ドレンはメイン（M16）とサブ（M10）あり。,,120 70 ZR 17 TL,190 55 ZR 17 TL,Wディスク,ディスク,ー,ー,ー,ー,,,,,,,,,,,,,05317,BM-08706,,,,,,,,05317_1.jpg
BMW,1801cc,2020,,R18,A70B18A,,61218414924(ETX30),MAR8AI-10DS,2,"2,440",964,"1,232",345,K34　スポークホイール　STD・First Edition・100Years　2025年リアホイールサイズ18インチに変更,/,,120 70 R 19 54H TL,180 65 B 16 73H TL,Wディスク,ディスク,ー,ー,ー,ー,3.091,,,,,,,,,,,,04899,BM-08704,,KN-164,,,,,,04899_1.jpg
BMW,1801cc,2021,,R18,A70B18A,,61218414924(ETX30),MAR8AI-10DS,2,"2,440",964,"1,232",345,K34　スポークホイール　STD・First Edition・100Years　2025年リアホイールサイズ18インチに変更,/,,120 70 R 19 54H TL,180 65 B 16 73H TL,Wディスク,ディスク,ー,ー,ー,ー,3.091,,,,,,,,,,,,04899,BM-08704,,KN-164,,,,,,04899_1.jpg
BMW,1801cc,2022,,R18,A70B18A,,61218414924(ETX30),MAR8AI-10DS,2,"2,440",964,"1,232",345,K34　スポークホイール　STD・First Edition・100Years　2025年リアホイールサイズ18インチに変更,/,,120 70 R 19 54H TL,180 65 B 16 73H TL,Wディスク,ディスク,ー,ー,ー,ー,3.091,,,,,,,,,,,,04899,BM-08704,,KN-164,,,,,,04899_1.jpg
BMW,1801cc,2023,,R18,A70B18A,,61218414924(ETX30),MAR8AI-10DS,2,"2,440",964,"1,232",345,K34　スポークホイール　STD・First Edition・100Years　2025年リアホイールサイズ18インチに変更,/,,120 70 R 19 54H TL,180 65 B 16 73H TL,Wディスク,ディスク,ー,ー,ー,ー,3.091,,,,,,,,,,,,04899,BM-08704,,KN-164,,,,,,04899_1.jpg
BMW,1801cc,2024,,R18,A70B18A,,61218414924(ETX30),MAR8AI-10DS,2,"2,440",964,"1,232",345,K34　スポークホイール　STD・First Edition・100Years　2025年リアホイールサイズ18インチに変更,/,,120 70 R 19 54H TL,180 65 B 16 73H TL,Wディスク,ディスク,ー,ー,ー,ー,3.091,,,,,,,,,,,,04899,BM-08704,,KN-164,,,,,,04899_1.jpg
BMW,1801cc,2025,,R18,A70B18A,,61218414924(ETX30),MAR8AI-10DS,2,"2,440",964,"1,232",345,K34　スポークホイール　STD・First Edition・100Years　2025年リアホイールサイズ18インチに変更,/,,120 70 R 19 54H TL,180 65 B 16 73H TL,Wディスク,ディスク,ー,ー,ー,ー,3.091,,,,,,,,,,,,04899,BM-08704,,KN-164,,,,,,04899_1.jpg
BMW,1801cc,2022,,R18 B（Bagger）,A70B18A,,61218414924(ETX30),MAR8AI-10DS,2,"2,560",970,"1,400",398,K35　キャストホイール　STD・First Edition　・フロントフェアリング、サイドケース装備,/,,120 70 R 19 TL,180 65 B 16 TL,Wディスク,ディスク,ー,ー,ー,ー,3.091,,,,,,,,,,,,04901,BM-08704,,KN-164,,,,,,04901_1.jpg
BMW,1801cc,2023,,R18 B（Bagger）,A70B18A,,61218414924(ETX30),MAR8AI-10DS,2,"2,560",970,"1,400",398,K35　キャストホイール　STD・First Edition　・フロントフェアリング、サイドケース装備,/,,120 70 R 19 TL,180 65 B 16 TL,Wディスク,ディスク,ー,ー,ー,ー,3.091,,,,,,,,,,,,04901,BM-08704,,KN-164,,,,,,04901_1.jpg
BMW,1801cc,2024,,R18 B（Bagger）,A70B18A,,61218414924(ETX30),MAR8AI-10DS,2,"2,560",970,"1,400",398,K35　キャストホイール　STD・First Edition　・フロントフェアリング、サイドケース装備,/,,120 70 R 19 TL,180 65 B 16 TL,Wディスク,ディスク,ー,ー,ー,ー,3.091,,,,,,,,,,,,04901,BM-08704,,KN-164,,,,,,04901_1.jpg
BMW,1801cc,2025,,R18 B（Bagger）,A70B18A,,61218414924(ETX30),MAR8AI-10DS,2,"2,560",970,"1,400",398,K35　キャストホイール　STD・First Edition　・フロントフェアリング、サイドケース装備,/,,120 70 R 19 TL,180 65 B 16 TL,Wディスク,ディスク,ー,ー,ー,ー,3.091,,,,,,,,,,,,04901,BM-08704,,KN-164,,,,,,04901_1.jpg
BMW,1801cc,2021,,R18 Classic,A70B18A,,61218414924(ETX30),MAR8AI-10DS,2,"2,465",964,"1,397",374,K34　スポークホイール　STD・First Edition　・ウィンドシールド、サイドバッグ標準装備,/,,130 90 B 16 TL,180 65 B 16 TL,Wディスク,ディスク,ー,ー,ー,ー,3.091,,,,,,,,,,,,04900,BM-08704,,KN-164,,,,,,04900_1.jpg
BMW,1801cc,2022,,R18 Classic,A70B18A,,61218414924(ETX30),MAR8AI-10DS,2,"2,465",964,"1,397",374,K34　スポークホイール　STD・First Edition　・ウィンドシールド、サイドバッグ標準装備,/,,130 90 B 16 TL,180 65 B 16 TL,Wディスク,ディスク,ー,ー,ー,ー,3.091,,,,,,,,,,,,04900,BM-08704,,KN-164,,,,,,04900_1.jpg
BMW,1801cc,2023,,R18 Classic,A70B18A,,61218414924(ETX30),MAR8AI-10DS,2,"2,465",964,"1,397",374,K34　スポークホイール　STD・First Edition　・ウィンドシールド、サイドバッグ標準装備,/,,130 90 B 16 TL,180 65 B 16 TL,Wディスク,ディスク,ー,ー,ー,ー,3.091,,,,,,,,,,,,04900,BM-08704,,KN-164,,,,,,04900_1.jpg
BMW,1801cc,2024,,R18 Classic,A70B18A,,61218414924(ETX30),MAR8AI-10DS,2,"2,465",964,"1,397",374,K34　スポークホイール　STD・First Edition　・ウィンドシールド、サイドバッグ標準装備,/,,130 90 B 16 TL,180 65 B 16 TL,Wディスク,ディスク,ー,ー,ー,ー,3.091,,,,,,,,,,,,04900,BM-08704,,KN-164,,,,,,04900_1.jpg
BMW,1801cc,2025,,R18 Classic,,,61218414924(ETX30),/,2,"2,440",949,"1,126",369,K34　スポークホイール　STD　フロントタイヤサイズ変更（16から19インチ）,/,,120 70 R 19,180 65 B 16,Wディスク,ディスク,ー,ー,ー,ー,/,,,,,,,,,,,,05289,BM-08704,,KN-164,,,,,,05289_1.jpg
BMW,1801cc,2023,,R18 Roctane,A70B18A,,61218414924(ETX30),MAR8AI-10DS,2,"2,615",980,"1,294",374,K34　キャストホイール　ABS　STD　ユーロ5　・ダーク仕上げ,/,,120 70 B 21,180 55 B 18,Wディスク,ディスク,ー,ー,ー,ー,3.091,,,,,,,,,,,,05146,BM-08704,,KN-164,,,,,,05146_1.jpg
BMW,1801cc,2024,,R18 Roctane,A70B18A,,61218414924(ETX30),MAR8AI-10DS,2,"2,615",980,"1,294",374,K34　キャストホイール　ABS　STD　ユーロ5　・ダーク仕上げ,/,,120 70 B 21,180 55 B 18,Wディスク,ディスク,ー,ー,ー,ー,3.091,,,,,,,,,,,,05146,BM-08704,,KN-164,,,,,,05146_1.jpg
BMW,1801cc,2025,,R18 Roctane,A70B18A,,61218414924(ETX30),MAR8AI-10DS,2,"2,615",980,"1,294",374,K34　キャストホイール　ABS　STD　ユーロ5　・ダーク仕上げ,/,,120 70 B 21,180 55 B 18,Wディスク,ディスク,ー,ー,ー,ー,3.091,,,,,,,,,,,,05146,BM-08704,,KN-164,,,,,,05146_1.jpg
BMW,1801cc,2022,,R18 Transcontinental,A70B18A,,61218414924(ETX30),MAR8AI-10DS,2,"2,650",970,"1,500",427,K35　キャストホイール　ABS　STD・First Edition　・ロングツーリング、サイドバッグ、トップケース、大型スクリーン採用,/,,120 70 R 19 TL,180 65 B 16 TL,Wディスク,ディスク,ー,ー,ー,ー,3.091,,,,,,,,,,,,04902,BM-08704,,KN-164,,,,,,04902_1.jpg
BMW,1801cc,2023,,R18 Transcontinental,A70B18A,,61218414924(ETX30),MAR8AI-10DS,2,"2,650",970,"1,500",427,K35　キャストホイール　ABS　STD・First Edition　・ロングツーリング、サイドバッグ、トップケース、大型スクリーン採用,/,,120 70 R 19 TL,180 65 B 16 TL,Wディスク,ディスク,ー,ー,ー,ー,3.091,,,,,,,,,,,,04902,BM-08704,,KN-164,,,,,,04902_1.jpg
BMW,1093cc,1991,,K1100LT,,,61212346800(YT19BL-BS),DPR8EA-9,4,"2,250",915,"1,450",290,K589,/,,110 80 - 18 58V TL,140 80 - 17 69V TL,Wディスク,ディスク,ー,ー,ー,ー,,,,,,,,,,,,,02892,,,KN-163,,,,,,
BMW,1093cc,1992,,K1100LT,,,61212346800(YT19BL-BS),DPR8EA-9,4,"2,250",915,"1,450",290,K589,/,,110 80 - 18 58V TL,140 80 - 17 69V TL,Wディスク,ディスク,ー,ー,ー,ー,,,,,,,,,,,,,02892,,,KN-163,,,,,,
BMW,1093cc,1993,,K1100LT,,,61212346800(YT19BL-BS),DPR8EA-9,4,"2,250",915,"1,450",290,K589,/,,110 80 - 18 58V TL,140 80 - 17 69V TL,Wディスク,ディスク,ー,ー,ー,ー,,,,,,,,,,,,,02892,,,KN-163,,,,,,
BMW,1093cc,1994,,K1100LT,,,61212346800(YT19BL-BS),DPR8EA-9,4,"2,250",915,"1,450",290,K589,/,,110 80 - 18 58V TL,140 80 - 17 69V TL,Wディスク,ディスク,ー,ー,ー,ー,,,,,,,,,,,,,02892,,,KN-163,,,,,,
BMW,1093cc,1995,,K1100LT,,,61212346800(YT19BL-BS),DPR8EA-9,4,"2,250",915,"1,450",290,K589,/,,110 80 - 18 58V TL,140 80 - 17 69V TL,Wディスク,ディスク,ー,ー,ー,ー,,,,,,,,,,,,,02892,,,KN-163,,,,,,
BMW,1093cc,1996,,K1100LT,,,61212346800(YT19BL-BS),DPR8EA-9,4,"2,250",915,"1,450",290,K589,/,,110 80 - 18 58V TL,140 80 - 17 69V TL,Wディスク,ディスク,ー,ー,ー,ー,,,,,,,,,,,,,02892,,,KN-163,,,,,,
BMW,1093cc,1997,,K1100LT,,,61212346800(YT19BL-BS),DPR8EA-9,4,"2,250",915,"1,450",290,K589,/,,110 80 - 18 58V TL,140 80 - 17 69V TL,Wディスク,ディスク,ー,ー,ー,ー,,,,,,,,,,,,,02892,,,KN-163,,,,,,
BMW,1093cc,1998,,K1100LT,,,61212346800(YT19BL-BS),DPR8EA-9,4,"2,250",915,"1,450",290,K589,/,,110 80 - 18 58V TL,140 80 - 17 69V TL,Wディスク,ディスク,ー,ー,ー,ー,,,,,,,,,,,,,02892,,,KN-163,,,,,,
BMW,1093cc,1999,,K1100LT,,,61212346800(YT19BL-BS),DPR8EA-9,4,"2,250",915,"1,450",290,K589,/,,110 80 - 18 58V TL,140 80 - 17 69V TL,Wディスク,ディスク,ー,ー,ー,ー,,,,,,,,,,,,,02892,,,KN-163,,,,,,
BMW,1093cc,1991,,K1100RS,,,61212346800(YT19BL-BS),DPR8EA-9,4,"2,230",710,"1,260",268,K589,/,,120 70 ZR 17 58W TL,160 60 ZR 18 70W TL,Wディスク,ディスク,ー,ー,ー,ー,,"SD-941, SD-959, SD-959, SD-941","SD-907, SD-934, SD-934, SD-907","VD-959JL, VD-959JL","VD-907JL, VD-907JL",,,,,,,,02893,,,KN-163,,,,,,02893_1.jpg
BMW,1093cc,1992,,K1100RS,,,61212346800(YT19BL-BS),DPR8EA-9,4,"2,230",710,"1,260",268,K589,/,,120 70 ZR 17 58W TL,160 60 ZR 18 70W TL,Wディスク,ディスク,ー,ー,ー,ー,,"SD-941, SD-959, SD-959, SD-941","SD-907, SD-934, SD-934, SD-907","VD-959JL, VD-959JL","VD-907JL, VD-907JL",,,,,,,,02893,,,KN-163,,,,,,02893_1.jpg
BMW,1093cc,1993,,K1100RS,,,61212346800(YT19BL-BS),DPR8EA-9,4,"2,230",710,"1,260",268,K589,/,,120 70 ZR 17 58W TL,160 60 ZR 18 70W TL,Wディスク,ディスク,ー,ー,ー,ー,,"SD-941, SD-959, SD-959, SD-941","SD-907, SD-934, SD-934, SD-907","VD-959JL, VD-959JL","VD-907JL, VD-907JL",,,,,,,,02893,,,KN-163,,,,,,02893_1.jpg
BMW,1093cc,1994,,K1100RS,,,61212346800(YT19BL-BS),DPR8EA-9,4,"2,230",710,"1,260",268,K589,/,,120 70 ZR 17 58W TL,160 60 ZR 18 70W TL,Wディスク,ディスク,ー,ー,ー,ー,,"SD-941, SD-959, SD-959, SD-941","SD-907, SD-934, SD-934, SD-907","VD-959JL, VD-959JL","VD-907JL, VD-907JL",,,,,,,,02893,,,KN-163,,,,,,02893_1.jpg
BMW,1093cc,1995,,K1100RS,,,61212346800(YT19BL-BS),DPR8EA-9,4,"2,230",710,"1,260",268,K589,/,,120 70 ZR 17 58W TL,160 60 ZR 18 70W TL,Wディスク,ディスク,ー,ー,ー,ー,,"SD-941, SD-959, SD-959, SD-941","SD-907, SD-934, SD-934, SD-907","VD-959JL, VD-959JL","VD-907JL, VD-907JL",,,,,,,,02893,,,KN-163,,,,,,02893_1.jpg
BMW,1093cc,1996,,K1100RS,,,61212346800(YT19BL-BS),DPR8EA-9,4,"2,230",710,"1,260",268,K589,/,,120 70 ZR 17 58W TL,160 60 ZR 18 70W TL,Wディスク,ディスク,ー,ー,ー,ー,,"SD-941, SD-959, SD-959, SD-941","SD-907, SD-934, SD-934, SD-907","VD-959JL, VD-959JL","VD-907JL, VD-907JL",,,,,,,,02893,,,KN-163,,,,,,02893_1.jpg
BMW,1093cc,1997,,K1100RS,,,61212346800(YT19BL-BS),DPR8EA-9,4,"2,230",710,"1,260",268,K589,/,,120 70 ZR 17 58W TL,160 60 ZR 18 70W TL,Wディスク,ディスク,ー,ー,ー,ー,,"SD-941, SD-959, SD-959, SD-941","SD-907, SD-934, SD-934, SD-907","VD-959JL, VD-959JL","VD-907JL, VD-907JL",,,,,,,,02893,,,KN-163,,,,,,02893_1.jpg
BMW,1093cc,1998,,K1100RS,,,61212346800(YT19BL-BS),DPR8EA-9,4,"2,230",710,"1,260",268,K589,/,,120 70 ZR 17 58W TL,160 60 ZR 18 70W TL,Wディスク,ディスク,ー,ー,ー,ー,,"SD-941, SD-959, SD-959, SD-941","SD-907, SD-934, SD-934, SD-907","VD-959JL, VD-959JL","VD-907JL, VD-907JL",,,,,,,,02893,,,KN-163,,,,,,02893_1.jpg
BMW,1093cc,1999,,K1100RS,,,61212346800(YT19BL-BS),DPR8EA-9,4,"2,230",710,"1,260",268,K589,/,,120 70 ZR 17 58W TL,160 60 ZR 18 70W TL,Wディスク,ディスク,ー,ー,ー,ー,,"SD-941, SD-959, SD-959, SD-941","SD-907, SD-934, SD-934, SD-907","VD-959JL, VD-959JL","VD-907JL, VD-907JL",,,,,,,,02893,,,KN-163,,,,,,02893_1.jpg
BMW,1093cc,1991,,K1100SE,,,/,/,,0,0,0,0,,/,,,,Wディスク,ディスク,/,/,/,/,,,,,,,,,,,,,02894,,,KN-163,,,,,,
BMW,1093cc,1992,,K1100SE,,,/,/,,0,0,0,0,,/,,,,Wディスク,ディスク,/,/,/,/,,,,,,,,,,,,,02894,,,KN-163,,,,,,
BMW,1093cc,1993,,K1100SE,,,/,/,,0,0,0,0,,/,,,,Wディスク,ディスク,/,/,/,/,,,,,,,,,,,,,02894,,,KN-163,,,,,,
BMW,1093cc,1994,,K1100SE,,,/,/,,0,0,0,0,,/,,,,Wディスク,ディスク,/,/,/,/,,,,,,,,,,,,,02894,,,KN-163,,,,,,
BMW,1093cc,1995,,K1100SE,,,/,/,,0,0,0,0,,/,,,,Wディスク,ディスク,/,/,/,/,,,,,,,,,,,,,02894,,,KN-163,,,,,,
BMW,1093cc,1996,,K1100SE,,,/,/,,0,0,0,0,,/,,,,Wディスク,ディスク,/,/,/,/,,,,,,,,,,,,,02894,,,KN-163,,,,,,
BMW,1093cc,1997,,K1100SE,,,/,/,,0,0,0,0,,/,,,,Wディスク,ディスク,/,/,/,/,,,,,,,,,,,,,02894,,,KN-163,,,,,,
BMW,1093cc,1998,,K1100SE,,,/,/,,0,0,0,0,,/,,,,Wディスク,ディスク,/,/,/,/,,,,,,,,,,,,,02894,,,KN-163,,,,,,
BMW,1093cc,1999,,K1100SE,,,/,/,,0,0,0,0,,/,,,,Wディスク,ディスク,/,/,/,/,,,,,,,,,,,,,02894,,,KN-163,,,,,,
BMW,1085cc,1994,,R1100GS,,,61212346800(YT19BL-BS),12121342125（FR6DDC）,2,"2,189",920,"1,366",243,259　FI　ABS,3.5,,110 80 - 19 H TL,150 70 - 17 H TL,Wディスク,ディスク,ー,ー,ー,ー,,"SD-959, SD-959","SD-947/2, SD-947/2","VD-959JL, VD-959JL","VD-947/2JL, VD-947/2JL",,,,,,,,02923,,,KN-163,,,,,,02923_1.jpg
BMW,1085cc,1995,,R1100GS,,,61212346800(YT19BL-BS),12121342125（FR6DDC）,2,"2,189",920,"1,366",243,259　FI　ABS,3.5,,110 80 - 19 H TL,150 70 - 17 H TL,Wディスク,ディスク,ー,ー,ー,ー,,"SD-959, SD-959","SD-947/2, SD-947/2","VD-959JL, VD-959JL","VD-947/2JL, VD-947/2JL",,,,,,,,02923,,,KN-163,,,,,,02923_1.jpg
BMW,1085cc,1996,,R1100GS,,,61212346800(YT19BL-BS),12121342125（FR6DDC）,2,"2,189",920,"1,366",243,259　FI　ABS,3.5,,110 80 - 19 H TL,150 70 - 17 H TL,Wディスク,ディスク,ー,ー,ー,ー,,"SD-959, SD-959","SD-947/2, SD-947/2","VD-959JL, VD-959JL","VD-947/2JL, VD-947/2JL",,,,,,,,02923,,,KN-163,,,,,,02923_1.jpg
BMW,1085cc,1997,,R1100GS,,,61212346800(YT19BL-BS),12121342125（FR6DDC）,2,"2,189",920,"1,366",243,259　FI　ABS,3.5,,110 80 - 19 H TL,150 70 - 17 H TL,Wディスク,ディスク,ー,ー,ー,ー,,"SD-959, SD-959","SD-947/2, SD-947/2","VD-959JL, VD-959JL","VD-947/2JL, VD-947/2JL",,,,,,,,02923,,,KN-163,,,,,,02923_1.jpg
BMW,1085cc,1998,,R1100GS,,,61212346800(YT19BL-BS),12121342125（FR6DDC）,2,"2,189",920,"1,366",243,259　FI　ABS,3.5,,110 80 - 19 H TL,150 70 - 17 H TL,Wディスク,ディスク,ー,ー,ー,ー,,"SD-959, SD-959","SD-947/2, SD-947/2","VD-959JL, VD-959JL","VD-947/2JL, VD-947/2JL",,,,,,,,02923,,,KN-163,,,,,,02923_1.jpg
BMW,1085cc,1999,,R1100GS,,,61212346800(YT19BL-BS),12121342125（FR6DDC）,2,"2,189",920,"1,366",243,259　FI　ABS,3.5,,110 80 - 19 H TL,150 70 - 17 H TL,Wディスク,ディスク,ー,ー,ー,ー,,"SD-959, SD-959","SD-947/2, SD-947/2","VD-959JL, VD-959JL","VD-947/2JL, VD-947/2JL",,,,,,,,02923,,,KN-163,,,,,,02923_1.jpg
